uid,issue_type,row_position,column,aligned_value,db_test_value,aligned_normalized,db_test_normalized
f47b5e65-7ad6-43f7-9b26-a8065260e8ff,different_values,1,date_1,2025-03-24,2025-03-24 00:00:00,2025-03-24,2025-03-24 00:00:00
f47b5e65-7ad6-43f7-9b26-a8065260e8ff,different_values,1,department/state,,Tuscany,,tuscany
217e46be-2ff5-4b51-b154-1f7a86e81a1a,different_values,2,date_1,2025-03-23,2025-03-23 00:00:00,2025-03-23,2025-03-23 00:00:00
217e46be-2ff5-4b51-b154-1f7a86e81a1a,different_values,2,department/state,,National District,,national district
da1ba245-dfd9-457c-9ada-46cd8e98a6d4,different_values,3,date_1,2025-03-22,2025-03-22 00:00:00,2025-03-22,2025-03-22 00:00:00
52362bc0-0505-4e23-b9a9-fb17bc96bdb7,different_values,4,date_1,2025-03-22,2025-03-22 00:00:00,2025-03-22,2025-03-22 00:00:00
4dd2aea3-7f12-4841-a62b-8f72a15c7b40,different_values,5,date_1,2025-03-19,2025-03-19 00:00:00,2025-03-19,2025-03-19 00:00:00
cdb90f5a-c155-48e1-bc8d-64ed74c0feb8,different_values,6,date_1,2025-03-25,2025-03-25 00:00:00,2025-03-25,2025-03-25 00:00:00
1c7b523b-7b9f-4e5f-b11b-e09a06ca7190,different_values,7,date_1,2025-03-23,2025-03-23 00:00:00,2025-03-23,2025-03-23 00:00:00
1fb3bed3-f4d9-471e-98c3-c498ee243f35,different_values,8,date_1,2025-03-19,2025-03-19 00:00:00,2025-03-19,2025-03-19 00:00:00
1fb3bed3-f4d9-471e-98c3-c498ee243f35,different_values,8,municipality/port,,Montreal,,montreal
810f6d37-ac1d-435b-9b35-539dbe822912,different_values,9,date_1,2025-03-25,2025-03-25 00:00:00,2025-03-25,2025-03-25 00:00:00
31fe18b8-3302-49dd-91d2-d704a2bd4fa7,different_values,10,date_1,2025-03-25,2025-03-25 00:00:00,2025-03-25,2025-03-25 00:00:00
ced7c9c7-ec63-497b-91f3-9f2b90a79def,different_values,11,date_1,2025-03-24,2025-03-24 00:00:00,2025-03-24,2025-03-24 00:00:00
ced7c9c7-ec63-497b-91f3-9f2b90a79def,different_values,11,municipality/port,,San Juan,,san juan
09963cda-80c4-4e97-ba63-23a8a0e4af90,different_values,12,date_1,2025-03-26,2025-03-26 00:00:00,2025-03-26,2025-03-26 00:00:00
09963cda-80c4-4e97-ba63-23a8a0e4af90,different_values,12,department/state,Dublin,Leinster,dublin,leinster
09963cda-80c4-4e97-ba63-23a8a0e4af90,different_values,12,municipality/port,,Dublin,,dublin
83e980c5-2c2e-4769-ade3-a6a296d25ec1,different_values,13,date_1,2025-03-25,2025-03-25 00:00:00,2025-03-25,2025-03-25 00:00:00
83e980c5-2c2e-4769-ade3-a6a296d25ec1,different_values,13,department/state,Burgas port,Burgas,burgas port,burgas
83e980c5-2c2e-4769-ade3-a6a296d25ec1,different_values,13,municipality/port,,Burgas,,burgas
96a95f12-c17d-4539-be4c-6e44dd94a23d,different_values,14,date_1,2025-03-26,2025-03-26 00:00:00,2025-03-26,2025-03-26 00:00:00
96a95f12-c17d-4539-be4c-6e44dd94a23d,different_values,14,department/state,920 nautical miles southwest of la Bocana El Cordoncillo,El Cordoncillo,920 nautical miles southwest of la bocana el cordoncillo,el cordoncillo
6d5559e7-6804-439c-8e58-b99e6d80f3c8,different_values,15,date_1,2025-03-25,2025-03-25 00:00:00,2025-03-25,2025-03-25 00:00:00
542c71b2-ba70-4dac-ab45-0f3f60e1a3ec,different_values,16,date_1,2025-03-26,2025-03-26 00:00:00,2025-03-26,2025-03-26 00:00:00
c09fa93b-ed8d-4294-a854-48751062ad15,different_values,17,date_1,2025-03-25,2025-03-25 00:00:00,2025-03-25,2025-03-25 00:00:00
ea58cea8-8212-4d53-a10e-b8f7a65c54c6,different_values,18,date_1,2025-03-27,2025-03-27 00:00:00,2025-03-27,2025-03-27 00:00:00
953564ff-1140-40f3-ac38-32c0f6eee651,different_values,19,date_1,2025-03-20,2025-03-20 00:00:00,2025-03-20,2025-03-20 00:00:00
38798459-3e16-43de-a9e0-f490f1b18f23,different_values,20,date_1,2025-03-10,2025-03-10 00:00:00,2025-03-10,2025-03-10 00:00:00
38798459-3e16-43de-a9e0-f490f1b18f23,different_values,20,date_2,2025-03-20,2025-03-20 00:00:00,2025-03-20,2025-03-20 00:00:00
38798459-3e16-43de-a9e0-f490f1b18f23,different_values,20,municipality/port,,San Juan,,san juan
7f797559-c3e9-4738-aa2e-cd4c944649c3,different_values,21,date_1,2025-03-21,2025-03-21 00:00:00,2025-03-21,2025-03-21 00:00:00
7e351d70-1fd9-4759-b109-11af9fc1c054,different_values,22,date_1,2025-03-24,2025-03-24 00:00:00,2025-03-24,2025-03-24 00:00:00
7e351d70-1fd9-4759-b109-11af9fc1c054,different_values,22,department/state,,Leoncio Prado,,leoncio prado
65980956-f832-4dce-a472-77438474685d,different_values,23,date_1,2025-03-27,2025-03-27 00:00:00,2025-03-27,2025-03-27 00:00:00
65980956-f832-4dce-a472-77438474685d,different_values,23,department/state,,"Madrid, Andaluzia, Catalunia",,madrid andaluzia catalunia
65980956-f832-4dce-a472-77438474685d,different_values,23,municipality/port,"Madrid, Marbella and Barcelona)","Madrid, Marbella and Barcelona",madrid marbella and barcelona),madrid marbella and barcelona
43d35a82-eab8-44e4-8645-030d6b303b81,different_values,24,date_1,2025-03-26,2025-03-26 00:00:00,2025-03-26,2025-03-26 00:00:00
c3a20ff2-f777-46a6-a66d-c1905bd3bf82,different_values,25,date_1,2025-03-22,2025-03-22 00:00:00,2025-03-22,2025-03-22 00:00:00
c3a20ff2-f777-46a6-a66d-c1905bd3bf82,different_values,25,department/state,Arica,"Arica, Iquique",arica,arica iquique
c3a20ff2-f777-46a6-a66d-c1905bd3bf82,different_values,25,municipality/port,,"Arica, Iquique",,arica iquique
8bbfc184-4771-494a-b94c-0ab992ba55ab,different_values,26,date_1,2025-03-24,2025-03-24 00:00:00,2025-03-24,2025-03-24 00:00:00
75d333ec-c57c-4332-aa0b-dbd27d4e0bc5,different_values,27,date_1,2025-03-30,2025-03-30 00:00:00,2025-03-30,2025-03-30 00:00:00
138dbf96-c590-49ef-8fb7-be2ee9fb5dab,different_values,28,date_1,2025-03-29,2025-03-29 00:00:00,2025-03-29,2025-03-29 00:00:00
138dbf96-c590-49ef-8fb7-be2ee9fb5dab,different_values,28,department/state,,Rio de Janeiro,,rio de janeiro
12666b22-9364-42a7-a111-d810f8f0fb4b,different_values,29,date_1,2025-03-30,2025-03-30 00:00:00,2025-03-30,2025-03-30 00:00:00
8497152d-3a1d-432b-80a1-109eed0dade2,different_values,30,date_1,2025-03-30,2025-03-30 00:00:00,2025-03-30,2025-03-30 00:00:00
8497152d-3a1d-432b-80a1-109eed0dade2,different_values,30,modus_operandi/place_seizure,,Land,,land
0c41c551-2cd6-47dc-abbe-48f80742bc16,different_values,31,date_1,2025-03-29,2025-03-29 00:00:00,2025-03-29,2025-03-29 00:00:00
6440d45f-de67-44f4-a51f-ddf8e11a85e9,different_values,32,date_1,2025-01-01,2025-01-01 00:00:00,2025-01-01,2025-01-01 00:00:00
6440d45f-de67-44f4-a51f-ddf8e11a85e9,different_values,32,date_2,2025-03-31,2025-03-31 00:00:00,2025-03-31,2025-03-31 00:00:00
e840fa86-82d0-487a-a949-014e62f89bc9,different_values,33,date_1,2025-03-29,2025-03-29 00:00:00,2025-03-29,2025-03-29 00:00:00
ae635622-5940-43bd-9e1a-abfe871ab555,different_values,34,date_1,2025-03-26,2025-03-26 00:00:00,2025-03-26,2025-03-26 00:00:00
ae635622-5940-43bd-9e1a-abfe871ab555,different_values,34,department/state,,Parish of Kingston,,parish of kingston
f4046f23-7d93-4d1c-b57e-4fb2144c7d44,different_values,35,date_1,2025-03-28,2025-03-28 00:00:00,2025-03-28,2025-03-28 00:00:00
f1a75ac9-6f14-4c8e-b308-bbd8804b1448,different_values,36,date_1,2025-03-22,2025-03-22 00:00:00,2025-03-22,2025-03-22 00:00:00
17b8476f-00f2-469a-b82c-df61f5705647,different_values,37,date_1,2025-03-27,2025-03-27 00:00:00,2025-03-27,2025-03-27 00:00:00
17b8476f-00f2-469a-b82c-df61f5705647,different_values,37,department/state,,Ática,,ática
ada1a3e7-5893-4df2-9898-587aa2448fce,different_values,38,date_1,2025-03-25,2025-03-25 00:00:00,2025-03-25,2025-03-25 00:00:00
ada1a3e7-5893-4df2-9898-587aa2448fce,different_values,38,department/state,,Madrid,,madrid
68249bd3-b1db-440d-a151-2a3634580549,different_values,39,date_1,2025-03-28,2025-03-28 00:00:00,2025-03-28,2025-03-28 00:00:00
68249bd3-b1db-440d-a151-2a3634580549,different_values,39,department/state,,Panama,,panama
bedc3e96-7f7b-429b-9862-adfc5ef4fbff,different_values,40,date_1,2025-03-30,2025-03-30 00:00:00,2025-03-30,2025-03-30 00:00:00
bedc3e96-7f7b-429b-9862-adfc5ef4fbff,different_values,40,modus_operandi/place_seizure,,Maritime vessel,,maritime vessel
fe8b0a4f-3ec4-43b4-a99e-b9c4aebb2fd4,different_values,41,date_1,2025-03-28,2025-03-28 00:00:00,2025-03-28,2025-03-28 00:00:00
fe8b0a4f-3ec4-43b4-a99e-b9c4aebb2fd4,different_values,41,department/state,,Calabria,,calabria
7601dae1-bda6-4de5-ae14-c039ce597386,different_values,42,date_1,2025-03-31,2025-03-31 00:00:00,2025-03-31,2025-03-31 00:00:00
3653cf03-e1e4-4cec-998e-47ec66f76c14,different_values,43,date_1,2025-03-30,2025-04-01 00:00:00,2025-03-30,2025-04-01 00:00:00
3653cf03-e1e4-4cec-998e-47ec66f76c14,different_values,43,date_2,2025-03-31,2025-04-01 00:00:00,2025-03-31,2025-04-01 00:00:00
3653cf03-e1e4-4cec-998e-47ec66f76c14,different_values,43,month,3,4,3,4
3653cf03-e1e4-4cec-998e-47ec66f76c14,different_values,43,day,30,1,30,1
3653cf03-e1e4-4cec-998e-47ec66f76c14,different_values,43,duration,1,,1,
fbf18cc9-5487-411f-8364-a044c53a8357,different_values,44,date_1,2025-03-30,2025-03-30 00:00:00,2025-03-30,2025-03-30 00:00:00
fbf18cc9-5487-411f-8364-a044c53a8357,different_values,44,department/state,,Catalunia,,catalunia
acdb4924-0bc7-4646-aab1-fbd177767d45,different_values,45,date_1,2025-03-31,2025-03-31 00:00:00,2025-03-31,2025-03-31 00:00:00
6c1b3bc3-e590-4ee4-aca2-60780784a766,different_values,46,date_1,2025-03-31,2025-03-31 00:00:00,2025-03-31,2025-03-31 00:00:00
e13be189-3808-40a2-921e-df33bea7def7,different_values,47,date_1,2025-03-27,2025-04-01 00:00:00,2025-03-27,2025-04-01 00:00:00
e13be189-3808-40a2-921e-df33bea7def7,different_values,47,date_2,2025-04-01,2025-04-01 00:00:00,2025-04-01,2025-04-01 00:00:00
e13be189-3808-40a2-921e-df33bea7def7,different_values,47,month,3,4,3,4
e13be189-3808-40a2-921e-df33bea7def7,different_values,47,day,27,1,27,1
e13be189-3808-40a2-921e-df33bea7def7,different_values,47,duration,5,0,5,0
c2eaceb2-1206-4acd-8309-27e5b8778eff,different_values,48,date_1,2025-03-31,2025-03-31 00:00:00,2025-03-31,2025-03-31 00:00:00
e32f5ec4-d27b-45c0-8da6-d52920fe4a81,different_values,49,date_1,2025-03-31,2025-03-31 00:00:00,2025-03-31,2025-03-31 00:00:00
b5383148-cfe8-42cb-bd81-2aeed6b539c6,different_values,50,date_1,2025-03-30,2025-03-30 00:00:00,2025-03-30,2025-03-30 00:00:00
e4a7c5a6-1725-419e-98cd-6bf9fdb32245,different_values,51,date_1,2025-01-01,2025-01-01 00:00:00,2025-01-01,2025-01-01 00:00:00
e4a7c5a6-1725-419e-98cd-6bf9fdb32245,different_values,51,date_2,2025-03-31,2025-03-31 00:00:00,2025-03-31,2025-03-31 00:00:00
e4a7c5a6-1725-419e-98cd-6bf9fdb32245,different_values,51,modus_operandi/place_seizure,,Multiple,,multiple
fd133c27-3e21-478a-83f5-15ce9d7dfa3d,different_values,52,date_1,2025-03-30,2025-03-30 00:00:00,2025-03-30,2025-03-30 00:00:00
c8f07c66-3b34-4b8f-9241-51934cf41c9f,different_values,53,date_1,2025-04-01,2025-04-01 00:00:00,2025-04-01,2025-04-01 00:00:00
60f5155f-c800-4828-99cb-429f68f78a13,different_values,54,date_1,2025-04-01,2025-04-01 00:00:00,2025-04-01,2025-04-01 00:00:00
4fbd15ab-2e80-4512-8d67-e3b3048a9788,different_values,55,date_1,2025-04-01,2025-04-01 00:00:00,2025-04-01,2025-04-01 00:00:00
6cb20774-6d41-497e-b064-da51b2d17f86,different_values,56,date_1,2025-04-02,2025-04-02 00:00:00,2025-04-02,2025-04-02 00:00:00
6cb20774-6d41-497e-b064-da51b2d17f86,different_values,56,department/state,,Gangwon,,gangwon
9798f279-546a-4aa6-b3bf-2d04e012c912,different_values,57,date_1,2025-04-03,2025-04-03 00:00:00,2025-04-03,2025-04-03 00:00:00
e2c93b11-2f9a-4ddc-a63a-bfe847499783,different_values,58,date_1,2025-04-02,2025-04-02 00:00:00,2025-04-02,2025-04-02 00:00:00
f6ea34ae-f7c6-41ee-81ce-6b6a349f141d,different_values,59,date_1,2025-04-01,2025-04-01 00:00:00,2025-04-01,2025-04-01 00:00:00
11aa4b32-a624-4022-b518-8c41ff6ce13e,different_values,60,date_1,2025-04-01,2025-04-01 00:00:00,2025-04-01,2025-04-01 00:00:00
59645a10-ce2d-4809-b989-c7c6a697ca2f,different_values,61,date_1,2025-04-03,2025-04-03 00:00:00,2025-04-03,2025-04-03 00:00:00
71302718-9676-40cd-aac3-63bb87fe9191,different_values,62,date_1,2025-04-03,2025-04-03 00:00:00,2025-04-03,2025-04-03 00:00:00
5ef33f99-5ba6-4c73-a273-ad2dd3696a06,different_values,63,date_1,2025-04-03,2025-04-03 00:00:00,2025-04-03,2025-04-03 00:00:00
cb56b37d-fcd0-4b59-9a10-120ca2241fa8,different_values,64,date_1,2025-04-03,2025-04-03 00:00:00,2025-04-03,2025-04-03 00:00:00
cb56b37d-fcd0-4b59-9a10-120ca2241fa8,different_values,64,modus_operandi/place_seizure,,Air,,air
cb56b37d-fcd0-4b59-9a10-120ca2241fa8,different_values,64,sub_modus_operandi,,Commercial flight,,commercial flight
28978574-de3a-4993-ad21-1bbf13a60466,different_values,65,date_1,2025-04-02,2025-04-02 00:00:00,2025-04-02,2025-04-02 00:00:00
28978574-de3a-4993-ad21-1bbf13a60466,different_values,65,municipality/port,,Piedras Negras,,piedras negras
109639af-cc84-49b4-adf8-146c06360665,different_values,66,date_1,2025-04-04,2025-04-04 00:00:00,2025-04-04,2025-04-04 00:00:00
ad72e581-94b2-4983-878d-54ea4765ec11,different_values,67,date_1,2025-04-04,2025-04-04 00:00:00,2025-04-04,2025-04-04 00:00:00
33979685-dcba-4cbb-8416-b8c985ec6c48,different_values,68,date_1,2025-04-03,2025-04-03 00:00:00,2025-04-03,2025-04-03 00:00:00
6d55945d-d77c-4707-976a-cdacc4fbd10e,different_values,69,date_1,2025-04-01,2025-04-01 00:00:00,2025-04-01,2025-04-01 00:00:00
dd1a6e16-5264-44f5-bc96-cacaa67e8650,different_values,70,date_1,2025-04-02,2025-04-02 00:00:00,2025-04-02,2025-04-02 00:00:00
8850debb-cdc0-4053-a4b5-e5079f6e593f,different_values,71,date_1,2025-04-04,2025-04-04 00:00:00,2025-04-04,2025-04-04 00:00:00
af131cb4-257e-4deb-9f85-e5574f15ca68,different_values,72,date_1,2025-03-30,2025-03-30 00:00:00,2025-03-30,2025-03-30 00:00:00
91b48526-15bf-4dba-bc32-e7e8e6eeec61,different_values,73,date_1,2025-04-02,2025-04-02 00:00:00,2025-04-02,2025-04-02 00:00:00
ea4ab03c-0ae3-440d-ba71-0de457193606,different_values,74,date_1,2025-04-04,2025-04-04 00:00:00,2025-04-04,2025-04-04 00:00:00
f78586e6-95b3-4a5a-9422-c99c8118b279,different_values,75,date_1,2025-01-01,2025-01-01 00:00:00,2025-01-01,2025-01-01 00:00:00
f78586e6-95b3-4a5a-9422-c99c8118b279,different_values,75,date_2,2025-04-03,2025-04-03 00:00:00,2025-04-03,2025-04-03 00:00:00
f78586e6-95b3-4a5a-9422-c99c8118b279,different_values,75,modus_operandi/place_seizure,,Multiple,,multiple
87e5f58a-233b-4b5e-b76c-7ecedbf38c49,different_values,76,date_1,2025-03-30,2025-03-30 00:00:00,2025-03-30,2025-03-30 00:00:00
379c3642-ea21-484c-8b77-f3ddcd38a7b7,different_values,77,date_1,2025-03-31,2025-03-31 00:00:00,2025-03-31,2025-03-31 00:00:00
1b1cb2f4-a4de-4800-924f-ba97dd957e45,different_values,78,date_1,2025-03-29,2025-03-29 00:00:00,2025-03-29,2025-03-29 00:00:00
1b1cb2f4-a4de-4800-924f-ba97dd957e45,different_values,78,date_2,2025-04-01,2025-04-01 00:00:00,2025-04-01,2025-04-01 00:00:00
536f9d15-7593-4c69-a3b3-d66742ed48c1,different_values,79,date_1,2025-03-31,2025-03-31 00:00:00,2025-03-31,2025-03-31 00:00:00
6e875c40-6c0a-4479-8f3d-54f93871d1e0,different_values,80,date_1,2025-04-03,2025-04-03 00:00:00,2025-04-03,2025-04-03 00:00:00
bfbce46e-425b-4af5-ad5f-184fd03f7e13,different_values,81,date_1,2025-04-03,2025-04-03 00:00:00,2025-04-03,2025-04-03 00:00:00
00626a6c-010c-4e7f-9d71-cee1d681a37f,different_values,82,date_1,2025-04-02,2025-04-02 00:00:00,2025-04-02,2025-04-02 00:00:00
33343ef7-bb0b-42b2-9938-c048f6362ae7,different_values,83,date_1,2025-04-07,2025-04-07 00:00:00,2025-04-07,2025-04-07 00:00:00
cb998b27-22b3-451c-bc1e-e08979c5b0ec,different_values,84,date_1,2025-04-07,2025-04-07 00:00:00,2025-04-07,2025-04-07 00:00:00
9ae1747e-2f6e-45d8-ac3e-adaa958425e8,different_values,85,date_1,2025-04-08,2025-04-08 00:00:00,2025-04-08,2025-04-08 00:00:00
10bb72ca-d225-4611-972b-8ba3592a28fe,different_values,86,date_1,2025-04-09,2025-04-09 00:00:00,2025-04-09,2025-04-09 00:00:00
d0a71227-d002-4ea3-969c-b0cdf180f9be,different_values,87,date_1,2025-04-08,2025-04-08 00:00:00,2025-04-08,2025-04-08 00:00:00
d2942c74-14aa-423c-b69f-e1c5e55d8d62,different_values,88,date_1,2025-04-03,2025-04-03 00:00:00,2025-04-03,2025-04-03 00:00:00
b68c1fe2-4aeb-4a10-b42b-83680a4b3ffb,different_values,89,date_1,2025-04-08,2025-04-08 00:00:00,2025-04-08,2025-04-08 00:00:00
c5efc820-07bc-4f01-a6af-ca7fb698aa8b,different_values,90,date_1,2025-04-08,2025-04-08 00:00:00,2025-04-08,2025-04-08 00:00:00
56d9c5cb-01e7-4e67-9589-5b62af77767a,different_values,91,date_1,2025-04-07,2025-04-07 00:00:00,2025-04-07,2025-04-07 00:00:00
e48e559a-83c9-4a59-b5cd-d500928cb16b,different_values,92,date_1,2025-04-07,2025-04-07 00:00:00,2025-04-07,2025-04-07 00:00:00
5d50be39-28fb-48e9-a87e-4b885f64ada1,different_values,93,date_1,2025-04-07,2025-04-07 00:00:00,2025-04-07,2025-04-07 00:00:00
d6ee450a-a80d-497e-b99b-29161e752694,different_values,94,date_1,2025-04-06,2025-04-06 00:00:00,2025-04-06,2025-04-06 00:00:00
d0c7342b-ef52-42e5-90c0-1ee22fa995e7,different_values,95,date_1,2025-04-05,2025-04-05 00:00:00,2025-04-05,2025-04-05 00:00:00
00fc4a73-956b-4744-bad1-36a66b49e313,different_values,96,date_1,2025-04-04,2025-04-04 00:00:00,2025-04-04,2025-04-04 00:00:00
43aefeeb-e0cb-4488-9f95-4bb9fc531531,different_values,97,date_1,2025-04-13,2025-04-13 00:00:00,2025-04-13,2025-04-13 00:00:00
4bccd960-040b-47d9-92ae-06500f475e34,different_values,98,date_1,2025-04-12,2025-04-12 00:00:00,2025-04-12,2025-04-12 00:00:00
4bccd960-040b-47d9-92ae-06500f475e34,different_values,98,department/state,Sao Paulo,São Paulo,sao paulo,são paulo
4bccd960-040b-47d9-92ae-06500f475e34,different_values,98,municipality/port,,Assis,,assis
f3e925a2-443d-4649-9e0e-d7b0cb32032e,different_values,99,date_1,2025-04-14,2025-04-14 00:00:00,2025-04-14,2025-04-14 00:00:00
f3e925a2-443d-4649-9e0e-d7b0cb32032e,different_values,99,department/state,Sao Paulo,São Paulo,sao paulo,são paulo
be65fef8-9173-47c6-b1ef-87e4c30b007c,different_values,100,date_1,2025-04-12,2025-04-12 00:00:00,2025-04-12,2025-04-12 00:00:00
9ca017ad-7d9e-4a0c-a720-7618c668a216,different_values,101,date_1,2025-04-12,2025-04-12 00:00:00,2025-04-12,2025-04-12 00:00:00
f6122b53-8468-4df5-81aa-00ae2d6cd51d,different_values,102,date_1,2025-04-12,2025-04-12 00:00:00,2025-04-12,2025-04-12 00:00:00
2c3d5229-10b2-4775-8d4f-8fce3c603347,different_values,103,date_1,2025-04-12,2025-04-12 00:00:00,2025-04-12,2025-04-12 00:00:00
b8f733c4-26fb-4b13-90c9-1b1250261c6d,different_values,104,date_1,2025-04-12,2025-04-12 00:00:00,2025-04-12,2025-04-12 00:00:00
5f866e44-b782-4b66-a860-baff46b79818,different_values,105,date_1,2025-04-14,2025-04-14 00:00:00,2025-04-14,2025-04-14 00:00:00
10a79e33-ee72-4620-a208-48067e11639c,different_values,106,date_1,2025-04-13,2025-04-13 00:00:00,2025-04-13,2025-04-13 00:00:00
c2250968-842b-4ba2-8f69-fd6b8d67ff63,different_values,107,date_1,2025-04-14,2025-04-14 00:00:00,2025-04-14,2025-04-14 00:00:00
6229c554-9d51-4cc5-bd11-7f71b5e9c3cf,different_values,108,date_1,2025-04-10,2025-04-10 00:00:00,2025-04-10,2025-04-10 00:00:00
e65c12c6-d5a8-431b-b14b-46f945c72b5b,different_values,109,date_1,2025-02-02,2025-02-02 00:00:00,2025-02-02,2025-02-02 00:00:00
3e085498-2866-4285-a474-391d9f629e37,different_values,110,date_1,2025-04-14,2025-04-14 00:00:00,2025-04-14,2025-04-14 00:00:00
c52e517b-29b2-4d19-b926-356032576e48,different_values,111,date_1,2025-04-13,2025-04-13 00:00:00,2025-04-13,2025-04-13 00:00:00
e05e2ef4-936d-4fb3-8f1a-b23c3a71ad2d,different_values,112,date_1,2025-04-15,2025-04-15 00:00:00,2025-04-15,2025-04-15 00:00:00
d3a3c2d5-cad8-4e28-98d0-a4e7628f0bf6,different_values,113,date_1,2025-04-15,2025-04-15 00:00:00,2025-04-15,2025-04-15 00:00:00
8f77ebaa-7623-4309-8cdf-47f4355fe0b5,different_values,114,date_1,2025-04-15,2025-04-15 00:00:00,2025-04-15,2025-04-15 00:00:00
4e389f69-7ef1-4bef-b385-d711d6d304ea,different_values,115,date_1,2025-04,2025-04-01 00:00:00,2025-04,2025-04-01 00:00:00
4e389f69-7ef1-4bef-b385-d711d6d304ea,different_values,115,date_2,,2025-04-17 00:00:00,,2025-04-17 00:00:00
4e389f69-7ef1-4bef-b385-d711d6d304ea,different_values,115,day,,1,,1
4e389f69-7ef1-4bef-b385-d711d6d304ea,different_values,115,duration,,16,,16
f34fc5bb-a557-4c43-9dbf-65cd41dfd6ef,different_values,116,date_1,2025-04-16,2025-04-16 00:00:00,2025-04-16,2025-04-16 00:00:00
12f5fe84-ab5e-493b-ae95-45c62d63651e,different_values,117,date_1,2025-04-16,2025-04-16 00:00:00,2025-04-16,2025-04-16 00:00:00
1c0423a2-d8a4-4332-9851-3dd63dc7e5bb,different_values,118,date_1,2025-04-14,2025-04-14 00:00:00,2025-04-14,2025-04-14 00:00:00
8c8ec65d-37d7-4e17-8d96-9f8f7a02d5d2,different_values,119,date_1,2025-04-15,2025-04-15 00:00:00,2025-04-15,2025-04-15 00:00:00
65bfc755-f5a7-4a66-bc5f-35e922d9f927,different_values,120,date_1,2025-04-13,2025-04-13 00:00:00,2025-04-13,2025-04-13 00:00:00
de1a4444-0f47-4b74-8b7f-4323dce2cb0d,different_values,121,date_1,2025-04-16,2025-04-16 00:00:00,2025-04-16,2025-04-16 00:00:00
07c6338e-249a-4c3b-9d03-61caf2f94c30,different_values,122,date_1,2025-04-16,2025-04-16 00:00:00,2025-04-16,2025-04-16 00:00:00
b982b75a-d813-42b6-b01f-c8ab75e2906e,different_values,123,date_1,2025-04-16,2025-04-16 00:00:00,2025-04-16,2025-04-16 00:00:00
01021e5d-1fd5-429f-9308-1c14240e21d6,different_values,124,date_1,2025-04-16,2025-04-16 00:00:00,2025-04-16,2025-04-16 00:00:00
f475bd08-4f43-4973-b5a8-caaa3e27bef2,different_values,125,date_1,2025-04-16,2025-04-16 00:00:00,2025-04-16,2025-04-16 00:00:00
cfacadc7-940a-4bc6-bde9-708740610f9b,different_values,126,date_1,2025-04-17,2025-04-17 00:00:00,2025-04-17,2025-04-17 00:00:00
6762200f-c236-4683-9f63-ab4809ba6449,different_values,127,date_1,2025-04-16,2025-04-16 00:00:00,2025-04-16,2025-04-16 00:00:00
bba2f78a-3ea4-43db-afb1-fac2f5066271,different_values,128,date_1,2025-04-09,2025-04-09 00:00:00,2025-04-09,2025-04-09 00:00:00
9bdadb34-3807-4b77-b66c-3030c261a0dc,different_values,129,date_1,2025-04-14,2025-04-14 00:00:00,2025-04-14,2025-04-14 00:00:00
61d05fec-5f44-4ce7-b6bd-44db29edc9de,different_values,130,date_1,2025-04-09,2025-04-09 00:00:00,2025-04-09,2025-04-09 00:00:00
5be53b5d-fe9c-41f5-bad0-c2ec60000ff1,different_values,131,date_1,2025-04-11,2025-04-11 00:00:00,2025-04-11,2025-04-11 00:00:00
5be53b5d-fe9c-41f5-bad0-c2ec60000ff1,different_values,131,department/state,,Cabo Verde,,cabo verde
a8ac5d96-6efb-4338-b490-4b93e68e7c9a,different_values,132,date_1,2025-04-14,2025-04-14 00:00:00,2025-04-14,2025-04-14 00:00:00
5859f8c1-2a11-4e5e-9136-4d4e28ebaa47,different_values,133,date_1,2025-04-12,2025-04-12 00:00:00,2025-04-12,2025-04-12 00:00:00
aba39540-dae7-43e3-b289-4a14f1f6b91f,different_values,134,date_1,2025-04-15,2025-04-15 00:00:00,2025-04-15,2025-04-15 00:00:00
1327d10b-4f9f-4bfe-995d-d6f257fbe8be,different_values,135,date_1,2025-04-16,2025-04-16 00:00:00,2025-04-16,2025-04-16 00:00:00
5ca542b8-607a-43d0-aa13-804d92cfd4ec,different_values,136,date_1,2025-04-15,2025-04-15 00:00:00,2025-04-15,2025-04-15 00:00:00
f409b6ad-99b7-4ff4-96c4-734940942f94,different_values,137,date_1,2025-04-14,2025-04-14 00:00:00,2025-04-14,2025-04-14 00:00:00
9c6d05f4-1595-42fb-80df-80071b6bb36a,different_values,138,date_1,2025-04-18,2025-04-18 00:00:00,2025-04-18,2025-04-18 00:00:00
e922ee05-4791-4790-8503-d56e46076e61,different_values,139,date_1,2025-04-17,2025-04-17 00:00:00,2025-04-17,2025-04-17 00:00:00
97023bfc-673c-492f-b7c3-eb2f04758586,different_values,140,date_1,2025-04-21,2025-04-21 00:00:00,2025-04-21,2025-04-21 00:00:00
34d44c5e-ccde-462e-872d-081047b3f261,different_values,141,date_1,2025-04-21,2025-04-21 00:00:00,2025-04-21,2025-04-21 00:00:00
39ca8144-ee0f-4234-bd0b-c9e54a03b316,different_values,142,date_1,2025-04-21,2025-04-21 00:00:00,2025-04-21,2025-04-21 00:00:00
e25884ee-8ab4-4bb3-823a-5b4218fc68c9,different_values,143,date_1,2025-04-20,2025-04-20 00:00:00,2025-04-20,2025-04-20 00:00:00
5f6cb613-05d9-4afb-a406-a96b2dab71d6,different_values,144,date_1,2025-04-22,2025-04-22 00:00:00,2025-04-22,2025-04-22 00:00:00
1889e756-bff6-41ab-930d-203774e63f82,different_values,145,date_1,2025-04-20,2025-04-20 00:00:00,2025-04-20,2025-04-20 00:00:00
3d831594-8759-462f-b442-dd61449973a0,different_values,146,date_1,2025-04-22,2025-04-22 00:00:00,2025-04-22,2025-04-22 00:00:00
7db7dd13-9df5-4d99-9db3-6749871a9989,different_values,147,date_1,2025-04-22,2025-04-22 00:00:00,2025-04-22,2025-04-22 00:00:00
978627b6-ba25-474a-9e9c-20f1a002f594,different_values,148,date_1,2025-04-21,2025-04-21 00:00:00,2025-04-21,2025-04-21 00:00:00
f014fea6-2a37-4975-928c-9f79b57872b5,different_values,149,date_1,2025-04-18,2025-04-18 00:00:00,2025-04-18,2025-04-18 00:00:00
50f65c8e-b5c1-40ac-bf80-e2bc71fca11a,different_values,150,date_1,2025-04-22,2025-04-22 00:00:00,2025-04-22,2025-04-22 00:00:00
a8e6235f-bbe7-44bf-b4bb-131284b59e5d,different_values,151,date_1,2025-04-20,2025-04-20 00:00:00,2025-04-20,2025-04-20 00:00:00
f72537d5-5115-41d2-8624-1c19b72ae278,different_values,152,date_1,2025-04-19,2025-04-19 00:00:00,2025-04-19,2025-04-19 00:00:00
a3d1e612-f1ce-4a00-8016-e710deacb46b,different_values,153,date_1,2025-04-17,2025-04-17 00:00:00,2025-04-17,2025-04-17 00:00:00
6102886d-5b26-463c-bb12-7642430cfea6,different_values,154,date_1,2025-04-17,2025-04-17 00:00:00,2025-04-17,2025-04-17 00:00:00
c671cc37-7c1d-4aa6-a291-b1aa389e28ab,different_values,155,date_1,2025-04-19,2025-04-19 00:00:00,2025-04-19,2025-04-19 00:00:00
362c402d-6f03-452a-a468-06bfb3a7ce80,different_values,156,date_1,2025-04-20,2025-04-20 00:00:00,2025-04-20,2025-04-20 00:00:00
362c402d-6f03-452a-a468-06bfb3a7ce80,different_values,156,department/state,,Oran,,oran
6b5f91ff-6bb5-4ca6-ac31-66ea64e3854d,different_values,157,date_1,2025-04-17,2025-04-17 00:00:00,2025-04-17,2025-04-17 00:00:00
0bdf3a62-57f2-4a9e-805b-61f593aa04bb,different_values,158,date_1,2025-04-23,2025-04-23 00:00:00,2025-04-23,2025-04-23 00:00:00
b5176db3-5f54-49d9-9253-388e2a140b02,different_values,159,date_1,2025-04-23,2025-04-23 00:00:00,2025-04-23,2025-04-23 00:00:00
97613b1f-aa1c-45cb-965e-633168aca284,different_values,160,date_1,2025-04-23,2025-04-23 00:00:00,2025-04-23,2025-04-23 00:00:00
8695f8d8-f928-45b8-9d05-c021e9fa4410,different_values,161,date_1,2025-04-23,2025-04-23 00:00:00,2025-04-23,2025-04-23 00:00:00
44107b5e-a339-4c37-a216-a58f8ec1c9c0,different_values,162,date_1,2025-04-23,2025-04-23 00:00:00,2025-04-23,2025-04-23 00:00:00
3e8391e9-36dd-4295-a064-97c0a1282a0b,different_values,163,date_1,2025-04-24,2025-04-24 00:00:00,2025-04-24,2025-04-24 00:00:00
df814559-31d8-4b78-8958-9c88e02acdd6,different_values,164,date_1,2025-04-24,2025-04-24 00:00:00,2025-04-24,2025-04-24 00:00:00
f02cb579-7d42-4041-b1a6-7e12ca38635c,different_values,165,date_1,2025-04-24,2025-04-24 00:00:00,2025-04-24,2025-04-24 00:00:00
638ea4c3-a115-402e-a105-5a77921b1fbe,different_values,166,date_1,2025-04-16,2025-04-16 00:00:00,2025-04-16,2025-04-16 00:00:00
15e9db49-ca92-46dc-a81d-f79c898a470d,different_values,167,date_1,2025-04-16,2025-04-16 00:00:00,2025-04-16,2025-04-16 00:00:00
fc77e744-16c0-4b53-af32-56b700fe9d08,different_values,168,date_1,2025-04-25,2025-04-25 00:00:00,2025-04-25,2025-04-25 00:00:00
654e7279-a968-41e1-ad93-598f260d2ac1,different_values,169,date_1,2025-04-25,2025-04-25 00:00:00,2025-04-25,2025-04-25 00:00:00
1eab729d-86ed-4fb4-b0ef-82bd5cdf1d24,different_values,170,date_1,2025-02-01,2025-02-01 00:00:00,2025-02-01,2025-02-01 00:00:00
1eab729d-86ed-4fb4-b0ef-82bd5cdf1d24,different_values,170,date_2,2025-04-24,2025-04-24 00:00:00,2025-04-24,2025-04-24 00:00:00
f89e3b8b-fe77-4b6f-9d30-b6cf996c6f44,different_values,171,date_1,2025-04-23,2025-04-23 00:00:00,2025-04-23,2025-04-23 00:00:00
447f1d97-e2ed-44fb-8746-115c3e642ee6,different_values,172,date_1,2025-04-26,2025-04-26 00:00:00,2025-04-26,2025-04-26 00:00:00
e4c57301-e238-4abb-9924-ca158913e404,different_values,173,date_1,2025-04-23,2025-04-23 00:00:00,2025-04-23,2025-04-23 00:00:00
8ff9c831-4097-4e10-b70d-4b822d7d282f,different_values,174,date_1,2025-04-26,2025-04-26 00:00:00,2025-04-26,2025-04-26 00:00:00
03987a4c-d0df-4b89-b64f-91f3fb7cc77b,different_values,175,date_1,2025-02-13,2025-02-13 00:00:00,2025-02-13,2025-02-13 00:00:00
95499726-21db-4f51-bf3f-11ae8b645628,different_values,176,date_1,2025-04-29,2025-04-29 00:00:00,2025-04-29,2025-04-29 00:00:00
95499726-21db-4f51-bf3f-11ae8b645628,different_values,176,municipality/port,,Naples,,naples
e4f7d111-e3b4-4c06-80c5-fb568071ee19,different_values,177,date_1,2025-04-29,2025-04-29 00:00:00,2025-04-29,2025-04-29 00:00:00
e8937059-d297-4629-9d83-be371d01f87c,different_values,178,date_1,2025-04-30,2025-04-30 00:00:00,2025-04-30,2025-04-30 00:00:00
8ef80a5e-ffdc-4d84-813c-0a38aa10bdec,different_values,179,date_1,2025-04-20,2025-04-20 00:00:00,2025-04-20,2025-04-20 00:00:00
dda8a8c1-3d43-436d-b7c1-0db1c635d25b,different_values,180,date_1,2025-05-03,2025-05-03 00:00:00,2025-05-03,2025-05-03 00:00:00
dda8a8c1-3d43-436d-b7c1-0db1c635d25b,different_values,180,weight_unit,Other (explain in Description),Individual doses,other (explain in description),individual doses
f6e3994c-73b6-402c-947c-15902c0ef5b3,different_values,181,date_1,2025-05-05,2025-05-05 00:00:00,2025-05-05,2025-05-05 00:00:00
2671a19f-f417-4e82-a0d5-2fab1a7975a9,different_values,182,date_1,2025-05-03,2025-05-03 00:00:00,2025-05-03,2025-05-03 00:00:00
48eecbd3-7d1b-4d83-a5f1-dc7dd1ded790,different_values,183,date_1,2025-05-05,2025-05-05 00:00:00,2025-05-05,2025-05-05 00:00:00
adccf3e9-db29-4fd5-91fe-be273ccf8dba,different_values,184,date_1,2025-05-05,2025-05-05 00:00:00,2025-05-05,2025-05-05 00:00:00
86d0a551-02b0-4738-be84-c3de2cea74e1,different_values,185,date_1,2025-04-30,2025-04-30 00:00:00,2025-04-30,2025-04-30 00:00:00
f1e2d4be-f8cf-4472-825e-bb3bfbbc19c3,different_values,186,date_1,2025-04-05,2025-04-05 00:00:00,2025-04-05,2025-04-05 00:00:00
8448fbe4-4bc6-4fcc-ad70-158fc176c0b6,different_values,187,date_1,2025-05-05,2025-05-05 00:00:00,2025-05-05,2025-05-05 00:00:00
2f83ae11-bbcf-4793-b8b8-4cc8b81c98ed,different_values,188,date_1,2025-04-05,2025-04-05 00:00:00,2025-04-05,2025-04-05 00:00:00
2f83ae11-bbcf-4793-b8b8-4cc8b81c98ed,different_values,188,municipality/port,,Lambare,,lambare
9e2e8d0a-2a57-468a-8f03-35a0e9397b48,different_values,189,date_1,2025-05-05,2025-05-05 00:00:00,2025-05-05,2025-05-05 00:00:00
4c0e7fdd-97cf-4bd7-842b-540cb8f1b252,different_values,190,date_1,2025-05-03,2025-05-03 00:00:00,2025-05-03,2025-05-03 00:00:00
ff8ddbf5-fe8a-460b-8cba-789387e49618,different_values,191,date_1,2025-05-06,2025-05-06 00:00:00,2025-05-06,2025-05-06 00:00:00
0f997171-cd59-4829-bc4e-092fafb59c37,different_values,192,date_1,2025-05-06,2025-05-06 00:00:00,2025-05-06,2025-05-06 00:00:00
6552da79-8d9b-42dd-881e-d7c4a233b658,different_values,193,date_1,2025-05-06,2025-05-06 00:00:00,2025-05-06,2025-05-06 00:00:00
59085e22-cc0e-443f-8412-22255fc76585,different_values,194,date_1,2025-05-06,2025-05-06 00:00:00,2025-05-06,2025-05-06 00:00:00
59085e22-cc0e-443f-8412-22255fc76585,different_values,194,department/state,,La Paz,,la paz
e94fecd7-7208-4921-808d-a047a1aadc7a,different_values,195,date_1,2025-04-05,2025-04-05 00:00:00,2025-04-05,2025-04-05 00:00:00
e94fecd7-7208-4921-808d-a047a1aadc7a,different_values,195,department/state,Galapagos Island,Islas Galápagos,galapagos island,islas galápagos
2a3378c7-f974-4c54-a106-7ce9a89337dd,different_values,196,date_1,2025-04-30,2025-04-30 00:00:00,2025-04-30,2025-04-30 00:00:00
cdfcc668-221f-42ab-9038-add7777d025c,different_values,197,date_1,2025-05-05,2025-05-05 00:00:00,2025-05-05,2025-05-05 00:00:00
973368b1-40d5-4a5d-8082-1e7f7c397805,different_values,198,date_1,2025-04-03,2025-04-03 00:00:00,2025-04-03,2025-04-03 00:00:00
b78ba79c-9191-449d-8c98-ed6ab0a793cb,different_values,199,date_1,2025-05-07,2025-05-07 00:00:00,2025-05-07,2025-05-07 00:00:00
5f4af91f-5a19-4096-bcbc-54d9500374b6,different_values,200,date_1,2025-05-03,2025-05-03 00:00:00,2025-05-03,2025-05-03 00:00:00
b863bceb-1247-486e-9840-7654375b64f2,different_values,201,date_1,2025-05-02,2025-05-02 00:00:00,2025-05-02,2025-05-02 00:00:00
b863bceb-1247-486e-9840-7654375b64f2,different_values,201,municipality/port,,Bamako,,bamako
30668d33-108e-42ab-acc5-1b8b9250d578,different_values,202,date_1,2025-05-03,2025-05-03 00:00:00,2025-05-03,2025-05-03 00:00:00
8ff74ba7-a8c8-453c-852d-040bf2cc9106,different_values,203,date_1,2025-05-06,2025-05-06 00:00:00,2025-05-06,2025-05-06 00:00:00
10a28f43-34af-4540-8cc2-6dbe6d88f5e9,different_values,204,date_1,2025-04-29,2025-04-29 00:00:00,2025-04-29,2025-04-29 00:00:00
d3bc51e4-ebb4-47c4-b2b5-f8fdfc6dc2ff,different_values,205,date_1,2025-05-06,2025-05-06 00:00:00,2025-05-06,2025-05-06 00:00:00
8c07d8e9-d749-483a-bc22-03b75923e759,different_values,206,date_1,2025-05-05,2025-05-05 00:00:00,2025-05-05,2025-05-05 00:00:00
115e55e8-62ea-41f0-b791-7a5cba2e9df7,different_values,207,date_1,2025-05-09,2025-05-09 00:00:00,2025-05-09,2025-05-09 00:00:00
4f99c5b6-7b72-44c4-9666-517b6021ef0c,different_values,208,date_1,2025-05-07,2025-05-07 00:00:00,2025-05-07,2025-05-07 00:00:00
1bb574b2-dd9b-439e-b54e-d3aaa194d296,different_values,209,date_1,2025-04-28,2025-04-28 00:00:00,2025-04-28,2025-04-28 00:00:00
1bb574b2-dd9b-439e-b54e-d3aaa194d296,different_values,209,department/state,International waters,,international waters,
ccd6d940-1219-45e6-a04a-30b0fbeceb78,different_values,210,date_1,2025-05-07,2025-05-07 00:00:00,2025-05-07,2025-05-07 00:00:00
b37c1336-7d3d-43c6-a8c6-2c5967311475,different_values,211,date_1,2025-05-08,2025-05-08 00:00:00,2025-05-08,2025-05-08 00:00:00
b1b449d8-6d16-46b0-8c9c-c0133a506198,different_values,212,date_1,2025-05-08,2025-05-08 00:00:00,2025-05-08,2025-05-08 00:00:00
250035ac-64ed-4d7a-80dc-c36d87d5e1ee,different_values,213,date_1,2025-04-30,2025-04-30 00:00:00,2025-04-30,2025-04-30 00:00:00
3974b9ee-6960-470f-bca3-6574d9f30312,different_values,214,date_1,2025-05-08,2025-05-08 00:00:00,2025-05-08,2025-05-08 00:00:00
09fc32ef-c1ad-45fc-85b7-db4c764c227d,different_values,215,date_1,2025-05-04,2025-05-04 00:00:00,2025-05-04,2025-05-04 00:00:00
09fc32ef-c1ad-45fc-85b7-db4c764c227d,different_values,215,department/state,Galapagos,Islas Galápagos,galapagos,islas galápagos
5560d7d7-0365-4e94-93b5-4766da1392a6,different_values,216,date_1,2025-05-09,2025-05-09 00:00:00,2025-05-09,2025-05-09 00:00:00
d5604888-fd3b-4a78-8ab8-b6f8062c4a4a,different_values,217,date_1,2025-05-05,2025-05-05 00:00:00,2025-05-05,2025-05-05 00:00:00
4f9c6b44-4ccd-43d2-b963-aa02bb89d823,different_values,218,date_1,,2025-02-21 00:00:00,,2025-02-21 00:00:00
4f9c6b44-4ccd-43d2-b963-aa02bb89d823,different_values,218,year,,2025,,2025
4f9c6b44-4ccd-43d2-b963-aa02bb89d823,different_values,218,month,,2,,2
4f9c6b44-4ccd-43d2-b963-aa02bb89d823,different_values,218,day,,21,,21
ed81c41e-d83a-4cb5-a384-5d1f6cc98d04,different_values,219,date_1,2025-05-05,2025-05-05 00:00:00,2025-05-05,2025-05-05 00:00:00
d6f75ca7-54fc-43d6-b579-8b302a2644bf,different_values,220,date_1,2025-05-09,2025-05-09 00:00:00,2025-05-09,2025-05-09 00:00:00
375d5597-1709-4605-865f-1398e952e506,different_values,221,date_1,2025-05-11,2025-05-11 00:00:00,2025-05-11,2025-05-11 00:00:00
37eaff42-1d1b-4aa1-9c1c-2963a0caa298,different_values,222,date_1,2025-05-12,2025-05-12 00:00:00,2025-05-12,2025-05-12 00:00:00
7cb78cfb-7ae3-4662-b494-6d7091bcf56c,different_values,223,date_1,2025-05-13,2025-05-13 00:00:00,2025-05-13,2025-05-13 00:00:00
f4ebc30d-7b91-4f1e-be82-90e16270efa0,different_values,224,date_1,2025-05-10,2025-05-10 00:00:00,2025-05-10,2025-05-10 00:00:00
2a8ae414-2769-48fd-b462-25299b30cea5,different_values,225,date_1,2025-05-13,2025-05-13 00:00:00,2025-05-13,2025-05-13 00:00:00
fffe0be6-c7f4-4376-9081-6b5849fd3f59,different_values,226,date_1,2025-05-09,2025-05-09 00:00:00,2025-05-09,2025-05-09 00:00:00
105ec524-0e0f-4c87-8efa-1f261ec9791d,different_values,227,date_1,2025-05-15,2025-05-15 00:00:00,2025-05-15,2025-05-15 00:00:00
8b0ed31e-d6ff-41b8-9376-583eae95ab2e,different_values,228,date_1,2025-05-14,2025-05-14 00:00:00,2025-05-14,2025-05-14 00:00:00
43d48e5f-7404-42c8-a661-1a1ac2550afc,different_values,229,date_1,2025-05-14,2025-05-14 00:00:00,2025-05-14,2025-05-14 00:00:00
619d2ddf-94fe-4e8c-900f-94947b5f30fa,different_values,230,date_1,2025-05-13,2025-05-13 00:00:00,2025-05-13,2025-05-13 00:00:00
181ff955-623b-455f-b19f-4d05c0e3e24f,different_values,231,date_1,2025-05-13,2025-05-13 00:00:00,2025-05-13,2025-05-13 00:00:00
468d12b2-3178-4ed2-ad52-c93b5da35981,different_values,232,date_1,2025-05-08,2025-05-08 00:00:00,2025-05-08,2025-05-08 00:00:00
a307a07a-cc5f-4ada-88f2-2dc1d8bb6a05,different_values,233,date_1,2025-05-14,2025-05-14 00:00:00,2025-05-14,2025-05-14 00:00:00
c657225d-40f5-4e08-a761-e613bb171f13,different_values,234,date_1,2025-05-04,2025-05-04 00:00:00,2025-05-04,2025-05-04 00:00:00
2d249e10-11a7-4630-8a99-d5b3bfc3e2d0,different_values,235,date_1,2025-05-17,2025-05-17 00:00:00,2025-05-17,2025-05-17 00:00:00
6f43fe60-4997-40b3-bc12-9759bdee7963,different_values,236,date_1,2025-03-20,2025-03-20 00:00:00,2025-03-20,2025-03-20 00:00:00
dfc4619f-d468-4c62-a60d-64d80c28bc7a,different_values,237,date_1,2025-04-27,2025-04-27 00:00:00,2025-04-27,2025-04-27 00:00:00
b85ae7ad-c026-4813-823d-5e2ad3560571,different_values,238,date_1,2025-05-15,2025-05-15 00:00:00,2025-05-15,2025-05-15 00:00:00
514e676b-4854-4031-a383-ed01ca49306a,different_values,239,date_1,2025-05-14,2025-05-14 00:00:00,2025-05-14,2025-05-14 00:00:00
cc46339f-717c-441d-84a9-5972c784f5c4,different_values,240,date_1,2025-05-18,2025-05-18 00:00:00,2025-05-18,2025-05-18 00:00:00
932d3368-a54c-443a-be1b-a735ed7d61c9,different_values,241,date_1,2025-05-18,2025-05-18 00:00:00,2025-05-18,2025-05-18 00:00:00
d852aa70-2997-411d-b68d-03bfb75708ee,different_values,242,date_1,2025-05-18,2025-05-18 00:00:00,2025-05-18,2025-05-18 00:00:00
de53624d-eb0f-4411-bf4e-822fb0efc254,different_values,243,date_1,2025-05-18,2025-05-18 00:00:00,2025-05-18,2025-05-18 00:00:00
20c82201-c1bd-4837-a971-9f03ee013196,different_values,244,date_1,2025-05-18,2025-05-18 00:00:00,2025-05-18,2025-05-18 00:00:00
01e90af8-c499-4733-b5a1-b8957a542d24,different_values,245,date_1,2025-05-19,2025-05-19 00:00:00,2025-05-19,2025-05-19 00:00:00
a80f50d4-1f55-46f0-8023-45ba06de3128,different_values,246,date_1,2025-05-14,2025-05-14 00:00:00,2025-05-14,2025-05-14 00:00:00
b88d8ef2-7f45-4489-afdb-de7a2abfaab7,different_values,247,date_1,2025-05-19,2025-05-19 00:00:00,2025-05-19,2025-05-19 00:00:00
0cf943ce-7824-4d37-acd0-e946fc6f523f,different_values,248,date_1,2025-05-18,2025-05-18 00:00:00,2025-05-18,2025-05-18 00:00:00
4f4b3226-3f0e-4a54-89ae-e4a324e317a1,different_values,249,date_1,2025-05-19,2025-05-19 00:00:00,2025-05-19,2025-05-19 00:00:00
e12fbb4d-ab87-441a-851b-6ed269598cd8,different_values,250,date_1,2025-05-19,2025-05-19 00:00:00,2025-05-19,2025-05-19 00:00:00
f2cb7bdd-0287-4bbd-a131-b1dd86a0fe09,different_values,251,date_1,2025-05-17,2025-05-17 00:00:00,2025-05-17,2025-05-17 00:00:00
933a5756-ff33-48d8-8f90-015f0bf94d06,different_values,252,date_1,2025-05-16,2025-05-16 00:00:00,2025-05-16,2025-05-16 00:00:00
398be297-b17d-4539-978b-ce88c4296fd6,different_values,253,date_1,2025-01-01,2025-01-01 00:00:00,2025-01-01,2025-01-01 00:00:00
398be297-b17d-4539-978b-ce88c4296fd6,different_values,253,date_2,2025-05-12,2025-05-12 00:00:00,2025-05-12,2025-05-12 00:00:00
398be297-b17d-4539-978b-ce88c4296fd6,different_values,253,modus_operandi/place_seizure,,Multiple,,multiple
398be297-b17d-4539-978b-ce88c4296fd6,different_values,253,department/state,,Nariño,,nariño
398be297-b17d-4539-978b-ce88c4296fd6,different_values,253,municipality/port,,Cumbitara,,cumbitara
f2583f62-80ef-4d6e-be60-6a84aeac9cb7,different_values,254,date_1,2025-05-17,2025-05-17 00:00:00,2025-05-17,2025-05-17 00:00:00
9992de06-f042-4488-aed3-542349b09ab1,different_values,255,date_1,2025-05-17,2025-05-17 00:00:00,2025-05-17,2025-05-17 00:00:00
9992de06-f042-4488-aed3-542349b09ab1,different_values,255,department/state,,Luquillo,,luquillo
f986fd83-4c81-4ab7-b900-ebb2bffa6c01,different_values,256,date_1,2025-05-20,2025-05-20 00:00:00,2025-05-20,2025-05-20 00:00:00
2d4dca98-fb55-4756-a54c-aecc0bd4fb59,different_values,257,date_1,2025-05-20,2025-05-20 00:00:00,2025-05-20,2025-05-20 00:00:00
cbd9e6e4-ff89-4cb2-b3ad-da46b7e0e71e,different_values,258,date_1,2025-05-19,2025-05-19 00:00:00,2025-05-19,2025-05-19 00:00:00
9c4c05ac-ffcd-4a5e-9f26-7d1f49f2cecc,different_values,259,date_1,2025-05-19,2025-05-19 00:00:00,2025-05-19,2025-05-19 00:00:00
ec7c9a95-3cf0-4007-83f8-ee0ec7bf8c72,different_values,260,date_1,2025-05-21,2025-05-21 00:00:00,2025-05-21,2025-05-21 00:00:00
882f580d-94a9-41c1-9876-4eb265032ab3,different_values,261,date_1,2025-05-21,2025-05-21 00:00:00,2025-05-21,2025-05-21 00:00:00
17ca2b7c-5319-470e-9a48-d6e78022a821,different_values,262,date_1,2025-05-21,2025-05-21 00:00:00,2025-05-21,2025-05-21 00:00:00
c4ba6b98-5354-4d93-b45e-a85277ffba6b,different_values,263,date_1,2025-05-21,2025-05-21 00:00:00,2025-05-21,2025-05-21 00:00:00
6d605356-158a-4da0-b75f-8150d6f6eac6,different_values,264,date_1,2025-05-19,2025-05-19 00:00:00,2025-05-19,2025-05-19 00:00:00
fc701f97-f391-48e2-8df6-672a6c08cc10,different_values,265,date_1,2025-05-19,2025-05-19 00:00:00,2025-05-19,2025-05-19 00:00:00
7fb4fc50-202a-4351-a3ea-c14f44c4bb59,different_values,266,date_1,2025-05-13,2025-05-13 00:00:00,2025-05-13,2025-05-13 00:00:00
5c0f34b1-5ca4-4319-a12a-8abe9a8960f7,different_values,267,date_1,2025-05-22,2025-05-22 00:00:00,2025-05-22,2025-05-22 00:00:00
48982251-2a8a-463d-bc24-849c8142cacd,different_values,268,date_1,2025-05-16,2025-05-16 00:00:00,2025-05-16,2025-05-16 00:00:00
0e371fe1-f561-4ac7-91d6-80dce0d825a1,different_values,269,date_1,2025-05-19,2025-05-19 00:00:00,2025-05-19,2025-05-19 00:00:00
0e371fe1-f561-4ac7-91d6-80dce0d825a1,different_values,269,department/state,,Conakry,,conakry
3cf05792-a82f-4fb5-a599-3f2860cb64d0,different_values,270,date_1,2025-05-20,2025-05-20 00:00:00,2025-05-20,2025-05-20 00:00:00
3cf05792-a82f-4fb5-a599-3f2860cb64d0,different_values,270,department/state,,San Petersburgo,,san petersburgo
393d5632-3286-446e-aa50-555c869302ac,different_values,271,date_1,2025-05-19,2025-05-19 00:00:00,2025-05-19,2025-05-19 00:00:00
85859825-6ffe-450e-9810-30d6f7a6b562,different_values,272,date_1,2025-05-16,2025-05-16 00:00:00,2025-05-16,2025-05-16 00:00:00
3ad2c9be-0f4e-4fae-9429-128f407d6bab,different_values,273,date_1,2025-01-01,2025-01-01 00:00:00,2025-01-01,2025-01-01 00:00:00
3ad2c9be-0f4e-4fae-9429-128f407d6bab,different_values,273,date_2,2025-05-17,2025-05-17 00:00:00,2025-05-17,2025-05-17 00:00:00
04465941-db3a-4417-8475-0816712c472b,different_values,274,date_1,2025-05-16,2025-05-16 00:00:00,2025-05-16,2025-05-16 00:00:00
b39decce-6f14-4f78-820a-f9e6c7e3a296,different_values,275,date_1,2025-05-21,2025-05-21 00:00:00,2025-05-21,2025-05-21 00:00:00
124ee7fc-9c05-4905-b1dc-082221623e7a,different_values,276,date_1,2025-05-23,2025-05-23 00:00:00,2025-05-23,2025-05-23 00:00:00
ae756955-9903-49ad-9d18-b584503bbe54,different_values,277,date_1,2025-05-18,2025-05-18 00:00:00,2025-05-18,2025-05-18 00:00:00
7830e257-88f1-48e8-bf73-880f2a0f52ea,different_values,278,date_1,2025-05-23,2025-05-23 00:00:00,2025-05-23,2025-05-23 00:00:00
e8cb53e8-5294-49a6-8604-8e537143cf63,different_values,279,date_1,2025-05-23,2025-05-23 00:00:00,2025-05-23,2025-05-23 00:00:00
e8cb53e8-5294-49a6-8604-8e537143cf63,different_values,279,department/state,,Moscow,,moscow
e8cb53e8-5294-49a6-8604-8e537143cf63,different_values,279,municipality/port,Moscu,Moscow,moscu,moscow
e8cb53e8-5294-49a6-8604-8e537143cf63,different_values,279,transit_2_department/state,,Moscow,,moscow
e8cb53e8-5294-49a6-8604-8e537143cf63,different_values,279,transit_2_municipality/port,Moscu,Moscow,moscu,moscow
eb213cf2-1469-4c71-a8e9-ef7ba36fea59,different_values,280,date_1,2025-05-16,2025-05-16 00:00:00,2025-05-16,2025-05-16 00:00:00
97fcfb32-5366-4c80-9f02-8737f03771ea,different_values,281,date_1,,2025-05-23 00:00:00,,2025-05-23 00:00:00
97fcfb32-5366-4c80-9f02-8737f03771ea,different_values,281,year,,2025,,2025
97fcfb32-5366-4c80-9f02-8737f03771ea,different_values,281,month,,5,,5
97fcfb32-5366-4c80-9f02-8737f03771ea,different_values,281,day,,23,,23
97fcfb32-5366-4c80-9f02-8737f03771ea,different_values,281,department/state,,Central,,central
97fcfb32-5366-4c80-9f02-8737f03771ea,different_values,281,transit_1_department/state,,Central,,central
a7da8c87-8934-48d6-84b4-542bc72a3ffa,different_values,282,date_1,2025-05-23,2025-05-23 00:00:00,2025-05-23,2025-05-23 00:00:00
ac4fdc6a-3848-4857-af5a-cacfa0d585d3,different_values,283,date_1,2025-05-23,2025-05-23 00:00:00,2025-05-23,2025-05-23 00:00:00
8feadbd0-0455-4a2d-9c06-5f1760eb8fce,different_values,284,date_1,2025-05-25,2025-05-25 00:00:00,2025-05-25,2025-05-25 00:00:00
0ca61bdd-432b-4be7-8761-91c2652dc0f9,different_values,285,date_1,2025-05-24,2025-05-24 00:00:00,2025-05-24,2025-05-24 00:00:00
c32c8d0a-4af6-47a2-9581-e894e0fc9e23,different_values,286,date_1,2025-05-26,2025-05-26 00:00:00,2025-05-26,2025-05-26 00:00:00
9c153dcc-5524-491e-a462-e0329cebeb02,different_values,287,date_1,2025-05-24,2025-05-24 00:00:00,2025-05-24,2025-05-24 00:00:00
400e3c47-c712-48d5-94a8-97f4a9452446,different_values,288,date_1,2025-05-22,2025-05-22 00:00:00,2025-05-22,2025-05-22 00:00:00
400e3c47-c712-48d5-94a8-97f4a9452446,different_values,288,municipality/port,,Badung Regency,,badung regency
ab1e888a-410a-4109-bd2c-e0293caa5cf3,different_values,289,date_1,2025-05-25,2025-05-25 00:00:00,2025-05-25,2025-05-25 00:00:00
ab1e888a-410a-4109-bd2c-e0293caa5cf3,different_values,289,municipality/port,,Chéraga,,chéraga
9c67ee6a-8031-4bfb-b742-ead981e73411,different_values,290,date_1,2025-05-27,2025-05-27 00:00:00,2025-05-27,2025-05-27 00:00:00
9c67ee6a-8031-4bfb-b742-ead981e73411,different_values,290,department/state,,Puntarenas,,puntarenas
9c67ee6a-8031-4bfb-b742-ead981e73411,different_values,290,municipality/port,,Puerto Jimenez,,puerto jimenez
9c67ee6a-8031-4bfb-b742-ead981e73411,different_values,290,transit_1_region,,Central America,,central america
9c67ee6a-8031-4bfb-b742-ead981e73411,different_values,290,transit_1_country,,Costa Rica,,costa rica
9c67ee6a-8031-4bfb-b742-ead981e73411,different_values,290,transit_1_department/state,,Puntarenas,,puntarenas
9c67ee6a-8031-4bfb-b742-ead981e73411,different_values,290,transit_1_municipality/port,,Puerto Jimenez,,puerto jimenez
cb0bbbf0-023a-4a03-8f1e-4a6c53c20500,different_values,291,date_1,2025-05-22,2025-05-22 00:00:00,2025-05-22,2025-05-22 00:00:00
cb0bbbf0-023a-4a03-8f1e-4a6c53c20500,different_values,291,destination_1_region,,Europe,,europe
5ecea3e7-364f-44c2-ac26-e4e01b9a4d3e,different_values,292,date_1,2025-05-27,2025-05-27 00:00:00,2025-05-27,2025-05-27 00:00:00
a8a70440-b8fc-465b-a999-9ff42b8af352,different_values,293,date_1,2025-04-23,2025-04-23 00:00:00,2025-04-23,2025-04-23 00:00:00
a8a70440-b8fc-465b-a999-9ff42b8af352,different_values,293,municipality/port,,Callosa de Segura,,callosa de segura
a8a70440-b8fc-465b-a999-9ff42b8af352,different_values,293,destination_1_region,,Europe,,europe
a8a70440-b8fc-465b-a999-9ff42b8af352,different_values,293,destination_1_country,,Spain,,spain
a8a70440-b8fc-465b-a999-9ff42b8af352,different_values,293,destination_1_department/state,,Alicante,,alicante
a8a70440-b8fc-465b-a999-9ff42b8af352,different_values,293,destination_1_municipality/port,,Callosa de Segura,,callosa de segura
e3326e0c-63cc-4c27-87b1-8fc8098edb06,different_values,294,date_1,2025-04-01,2025-04-01 00:00:00,2025-04-01,2025-04-01 00:00:00
e3326e0c-63cc-4c27-87b1-8fc8098edb06,different_values,294,date_2,2025-04-30,2025-04-30 00:00:00,2025-04-30,2025-04-30 00:00:00
46aca142-1763-4b27-957f-f194ce118b4b,different_values,295,date_1,2025-05-22,2025-05-22 00:00:00,2025-05-22,2025-05-22 00:00:00
a252c002-48b3-4ec7-8c55-403c722ec554,different_values,296,date_1,2025-05-27,2025-05-27 00:00:00,2025-05-27,2025-05-27 00:00:00
d0b4dd06-d015-4801-88a1-0e377c81d83c,different_values,297,date_1,2025-05-27,2025-05-27 00:00:00,2025-05-27,2025-05-27 00:00:00
51e25798-27cd-425d-b8c7-ee07ddb64af4,different_values,298,date_1,2025-05-26,2025-05-26 00:00:00,2025-05-26,2025-05-26 00:00:00
989b46cf-3c4b-4135-9edb-0db1a7b9edc4,different_values,299,date_1,2025-05-27,2025-05-27 00:00:00,2025-05-27,2025-05-27 00:00:00
5189e8db-2548-48f9-a98f-9da8860ff6bc,different_values,300,date_1,2025-05-28,2025-05-28 00:00:00,2025-05-28,2025-05-28 00:00:00
44da865b-25f4-44a7-8445-b299058938e2,different_values,301,date_1,2025-05-25,2025-05-25 00:00:00,2025-05-25,2025-05-25 00:00:00
1e9311d8-6544-4c77-9fb7-f218257452dd,different_values,302,date_1,2025-05-26,2025-05-26 00:00:00,2025-05-26,2025-05-26 00:00:00
d3643c85-cc74-44cd-9c72-19127e1066f9,different_values,303,date_1,2025-05-29,2025-05-29 00:00:00,2025-05-29,2025-05-29 00:00:00
3f40de85-5d2e-42cd-b16c-d54cc26cc087,different_values,304,date_1,2025-05-29,2025-05-29 00:00:00,2025-05-29,2025-05-29 00:00:00
392e9f6b-611c-4141-a84f-2f95aaa1c755,different_values,305,date_1,2025-05-29,2025-05-29 00:00:00,2025-05-29,2025-05-29 00:00:00
a64fb7c9-bede-42cc-8810-04aa9c2bfb0b,different_values,306,date_1,2025-05-03,2025-05-03 00:00:00,2025-05-03,2025-05-03 00:00:00
2e0c04b6-924f-462f-8d8e-961bb8208b7e,different_values,307,date_1,2025-05-05,2025-05-05 00:00:00,2025-05-05,2025-05-05 00:00:00
5df79bbb-b089-4fb8-b33b-9c8ba6842b79,different_values,308,date_1,2025-05-06,2025-05-06 00:00:00,2025-05-06,2025-05-06 00:00:00
2cde0ef8-36ac-4261-956b-d445da6531ea,different_values,309,date_1,2025-05-10,2025-05-10 00:00:00,2025-05-10,2025-05-10 00:00:00
cc25de46-0480-43b8-b699-bea4af37340e,different_values,310,date_1,2025-05-29,2025-05-29 00:00:00,2025-05-29,2025-05-29 00:00:00
07ecd37e-9204-4ce2-96fb-19b98b4d31d2,different_values,311,date_1,2025-05-30,2025-05-30 00:00:00,2025-05-30,2025-05-30 00:00:00
8dac32c2-821c-4a51-9a87-91a00bf63107,different_values,312,date_1,2025-05-30,2025-05-30 00:00:00,2025-05-30,2025-05-30 00:00:00
37aaa7ca-c4f1-4759-bd5c-0c2529d3a803,different_values,313,date_1,2025-05-30,2025-05-30 00:00:00,2025-05-30,2025-05-30 00:00:00
172d15f7-4877-414f-9ca7-123cc27ea47d,different_values,314,date_1,2025-05-30,2025-05-30 00:00:00,2025-05-30,2025-05-30 00:00:00
c9bfd3ac-79ea-4e07-ab97-02ade583c2ad,different_values,315,date_1,2025-05-30,2025-05-30 00:00:00,2025-05-30,2025-05-30 00:00:00
c6ea73a3-1f04-4207-8f6c-802fb6d710ba,different_values,316,date_1,2025-05-31,2025-05-31 00:00:00,2025-05-31,2025-05-31 00:00:00
fbf7f0ae-a4ea-4856-9aca-8d1394863579,different_values,317,date_1,2025-05-31,2025-05-31 00:00:00,2025-05-31,2025-05-31 00:00:00
0f43d795-f6b9-45f5-9261-45cc9c1b3207,different_values,318,date_1,2025-06-02,2025-06-02 00:00:00,2025-06-02,2025-06-02 00:00:00
f1ebfa2a-d550-4e22-9b35-6faed85693d3,different_values,319,date_1,2025-06-02,2025-06-02 00:00:00,2025-06-02,2025-06-02 00:00:00
d4f54b15-3bf6-4246-a788-5ea8b0cae853,different_values,320,date_1,2025-06-01,2025-06-01 00:00:00,2025-06-01,2025-06-01 00:00:00
01ea8f6a-b785-4aa1-8c06-29e6a10993b0,different_values,321,date_1,2025-06-02,2025-06-02 00:00:00,2025-06-02,2025-06-02 00:00:00
0d0a6ecf-cae5-490b-a91c-a2ac371e2bb7,different_values,322,date_1,2025-05-22,2025-05-22 00:00:00,2025-05-22,2025-05-22 00:00:00
872feed3-7654-4832-99ad-8d83b0308468,different_values,323,date_1,2025-05-05,2025-05-05 00:00:00,2025-05-05,2025-05-05 00:00:00
872feed3-7654-4832-99ad-8d83b0308468,different_values,323,municipality/port,,Colima,,colima
872feed3-7654-4832-99ad-8d83b0308468,different_values,323,transit_1_region,,North America,,north america
872feed3-7654-4832-99ad-8d83b0308468,different_values,323,transit_1_country,,Mexico,,mexico
872feed3-7654-4832-99ad-8d83b0308468,different_values,323,transit_1_department/state,,Colima,,colima
872feed3-7654-4832-99ad-8d83b0308468,different_values,323,transit_1_municipality/port,,Colima,,colima
04ab4784-4ef7-4c2c-b8c6-0296b186399d,different_values,324,date_1,2025-05-06,2025-05-06 00:00:00,2025-05-06,2025-05-06 00:00:00
04ab4784-4ef7-4c2c-b8c6-0296b186399d,different_values,324,department/state,Acapulco,Guerrero,acapulco,guerrero
04ab4784-4ef7-4c2c-b8c6-0296b186399d,different_values,324,municipality/port,,Acapulco,,acapulco
04ab4784-4ef7-4c2c-b8c6-0296b186399d,different_values,324,transit_1_region,,North America,,north america
04ab4784-4ef7-4c2c-b8c6-0296b186399d,different_values,324,transit_1_country,,Mexico,,mexico
04ab4784-4ef7-4c2c-b8c6-0296b186399d,different_values,324,transit_1_department/state,,Guerrero,,guerrero
04ab4784-4ef7-4c2c-b8c6-0296b186399d,different_values,324,transit_1_municipality/port,,Acapulco,,acapulco
9d51c07a-eb8e-4202-b9b3-fca3741dd7b6,different_values,325,date_1,2025-05-10,2025-05-10 00:00:00,2025-05-10,2025-05-10 00:00:00
9d51c07a-eb8e-4202-b9b3-fca3741dd7b6,different_values,325,department/state,Acapulco,Guerrero,acapulco,guerrero
9d51c07a-eb8e-4202-b9b3-fca3741dd7b6,different_values,325,municipality/port,,Acapulco,,acapulco
9d51c07a-eb8e-4202-b9b3-fca3741dd7b6,different_values,325,transit_1_region,,North America,,north america
9d51c07a-eb8e-4202-b9b3-fca3741dd7b6,different_values,325,transit_1_country,,Mexico,,mexico
9d51c07a-eb8e-4202-b9b3-fca3741dd7b6,different_values,325,transit_1_department/state,,Guerrero,,guerrero
9d51c07a-eb8e-4202-b9b3-fca3741dd7b6,different_values,325,transit_1_municipality/port,,Acapulco,,acapulco
f230317e-a347-4b96-beb4-2345e6fdbc27,different_values,326,date_1,2025-05-26,2025-05-26 00:00:00,2025-05-26,2025-05-26 00:00:00
2d9cf161-ec76-405e-ad62-13961c849a4c,different_values,327,date_1,2025-05-28,2025-05-28 00:00:00,2025-05-28,2025-05-28 00:00:00
04eaf1c0-e90b-49cf-88b6-7ce096c818a0,different_values,328,date_1,2025-05-28,2025-05-28 00:00:00,2025-05-28,2025-05-28 00:00:00
04eaf1c0-e90b-49cf-88b6-7ce096c818a0,different_values,328,quantity,1190.0,990.0,11900,9900
04eaf1c0-e90b-49cf-88b6-7ce096c818a0,different_values,328,modus_operandi/place_seizure,Container,Maritime,container,maritime
04eaf1c0-e90b-49cf-88b6-7ce096c818a0,different_values,328,sub_modus_operandi,,Container,,container
04eaf1c0-e90b-49cf-88b6-7ce096c818a0,different_values,328,department/state,Madrid & Barcelona,Cataluña,madrid & barcelona,cataluña
04eaf1c0-e90b-49cf-88b6-7ce096c818a0,different_values,328,municipality/port,,Barcelona,,barcelona
04eaf1c0-e90b-49cf-88b6-7ce096c818a0,different_values,328,destination_1_region,,Europe,,europe
04eaf1c0-e90b-49cf-88b6-7ce096c818a0,different_values,328,destination_1_country,,Spain,,spain
04eaf1c0-e90b-49cf-88b6-7ce096c818a0,different_values,328,destination_1_department/state,,Cataluña,,cataluña
04eaf1c0-e90b-49cf-88b6-7ce096c818a0,different_values,328,destination_1_municipality/port,,Barcelona,,barcelona
17575e0a-24f1-4d27-9a8d-6aebe40e3574,different_values,329,date_1,2025-05-24,2025-05-28 00:00:00,2025-05-24,2025-05-28 00:00:00
17575e0a-24f1-4d27-9a8d-6aebe40e3574,different_values,329,day,24,28,24,28
17575e0a-24f1-4d27-9a8d-6aebe40e3574,different_values,329,quantity,0.7,200.0,07,2000
17575e0a-24f1-4d27-9a8d-6aebe40e3574,different_values,329,modus_operandi/place_seizure,Air,Maritime,air,maritime
17575e0a-24f1-4d27-9a8d-6aebe40e3574,different_values,329,sub_modus_operandi,ingested capsules,Container,ingested capsules,container
17575e0a-24f1-4d27-9a8d-6aebe40e3574,different_values,329,region,South America,Europe,south america,europe
17575e0a-24f1-4d27-9a8d-6aebe40e3574,different_values,329,country,Argentina,Spain,argentina,spain
17575e0a-24f1-4d27-9a8d-6aebe40e3574,different_values,329,department/state,Buenos Aires,Madrid,buenos aires,madrid
17575e0a-24f1-4d27-9a8d-6aebe40e3574,different_values,329,municipality/port,Ezeiza ,Madrid,ezeiza,madrid
17575e0a-24f1-4d27-9a8d-6aebe40e3574,different_values,329,origin_country,Peru,,peru,
17575e0a-24f1-4d27-9a8d-6aebe40e3574,different_values,329,transit_1_region,Europe,Central America,europe,central america
17575e0a-24f1-4d27-9a8d-6aebe40e3574,different_values,329,transit_1_country,Germany,Guatemala,germany,guatemala
17575e0a-24f1-4d27-9a8d-6aebe40e3574,different_values,329,transit_1_municipality/port,Frankfurt,,frankfurt,
17575e0a-24f1-4d27-9a8d-6aebe40e3574,different_values,329,destination_1_country,Italy,Spain,italy,spain
17575e0a-24f1-4d27-9a8d-6aebe40e3574,different_values,329,destination_1_department/state,Milan,Madrid,milan,madrid
17575e0a-24f1-4d27-9a8d-6aebe40e3574,different_values,329,destination_1_municipality/port,,Madrid,,madrid
17575e0a-24f1-4d27-9a8d-6aebe40e3574,different_values,329,description,"Peruvian citizen, was apprehended at Buenos Aires' Ezeiza Airport while attempting to board a flight to Milan, via Frankfurt. He had ingested 90 capsules containing approximately 698 grams of cocaine, which had been inside his body for nearly 36 hours","incautaron 1,190 kilos de cocaína ocultos en un cargamento de 335 toneladas de cartón para reciclaje, distribuido en 14 contenedores procedentes de Guatemala. La droga fue detectada en el puerto de Barcelona y en una nave industrial en Madrid,",peruvian citizen was apprehended at buenos aires' ezeiza airport while attempting to board a flight to milan via frankfurt he had ingested 90 capsules containing approximately 698 grams of cocaine which had been inside his body for nearly 36 hours,incautaron 1190 kilos de cocaína ocultos en un cargamento de 335 toneladas de cartón para reciclaje distribuido en 14 contenedores procedentes de guatemala la droga fue detectada en el puerto de barcelona y en una nave industrial en madrid
17575e0a-24f1-4d27-9a8d-6aebe40e3574,different_values,329,source_link,https://eldoce.tv/actualidad/2025/06/02/bomba-de-tiempo-tenia-90-capsulas-de-cocaina-en-el-estomago-que-queria-traficar-a-europa/,https://canalantigua.tv/2025/06/02/espana-incauta-1190-kilos-de-cocaina-procedentes-de-guatemala/,https://eldocetv/actualidad/2025/06/02/bomba-de-tiempo-tenia-90-capsulas-de-cocaina-en-el-estomago-que-queria-traficar-a-europa/,https://canalantiguatv/2025/06/02/espana-incauta-1190-kilos-de-cocaina-procedentes-de-guatemala/
17575e0a-24f1-4d27-9a8d-6aebe40e3574,different_values,329,archived_link,Archived Link - Argentina,Archived Link - Spain,archived link - argentina,archived link - spain
5fea156f-c447-4f30-b53e-a41b4f3f3722,different_values,330,date_1,2025-06-02,2025-05-24 00:00:00,2025-06-02,2025-05-24 00:00:00
5fea156f-c447-4f30-b53e-a41b4f3f3722,different_values,330,month,6,5,6,5
5fea156f-c447-4f30-b53e-a41b4f3f3722,different_values,330,day,2,24,2,24
5fea156f-c447-4f30-b53e-a41b4f3f3722,different_values,330,quantity,8.0,0.7,80,07
5fea156f-c447-4f30-b53e-a41b4f3f3722,different_values,330,modus_operandi/place_seizure,Land,Air,land,air
5fea156f-c447-4f30-b53e-a41b4f3f3722,different_values,330,sub_modus_operandi,,ingested capsules,,ingested capsules
5fea156f-c447-4f30-b53e-a41b4f3f3722,different_values,330,department/state,Chaco,Buenos Aires,chaco,buenos aires
5fea156f-c447-4f30-b53e-a41b4f3f3722,different_values,330,municipality/port,,Ezeiza ,,ezeiza
5fea156f-c447-4f30-b53e-a41b4f3f3722,different_values,330,origin_country,,Peru,,peru
5fea156f-c447-4f30-b53e-a41b4f3f3722,different_values,330,transit_1_region,,Europe,,europe
5fea156f-c447-4f30-b53e-a41b4f3f3722,different_values,330,transit_1_country,,Germany,,germany
5fea156f-c447-4f30-b53e-a41b4f3f3722,different_values,330,transit_1_municipality/port,,Frankfurt,,frankfurt
5fea156f-c447-4f30-b53e-a41b4f3f3722,different_values,330,destination_1_region,,Europe,,europe
5fea156f-c447-4f30-b53e-a41b4f3f3722,different_values,330,destination_1_country,,Italy,,italy
5fea156f-c447-4f30-b53e-a41b4f3f3722,different_values,330,destination_1_department/state,,Milan,,milan
5fea156f-c447-4f30-b53e-a41b4f3f3722,different_values,330,description,"two women, aged 19 and 25, were arrested in Chaco, Argentina, while traveling on a long-distance bus from Salta to Posadas, Misiones. They were found with over 8 kilograms of high-purity cocaine concealed in their belongings.","Peruvian citizen, was apprehended at Buenos Aires' Ezeiza Airport while attempting to board a flight to Milan, via Frankfurt. He had ingested 90 capsules containing approximately 698 grams of cocaine, which had been inside his body for nearly 36 hours",two women aged 19 and 25 were arrested in chaco argentina while traveling on a long-distance bus from salta to posadas misiones they were found with over 8 kilograms of high-purity cocaine concealed in their belongings,peruvian citizen was apprehended at buenos aires' ezeiza airport while attempting to board a flight to milan via frankfurt he had ingested 90 capsules containing approximately 698 grams of cocaine which had been inside his body for nearly 36 hours
5fea156f-c447-4f30-b53e-a41b4f3f3722,different_values,330,source_link,https://www.elesquiu.com/policiales/2025/6/2/viajaban-con-una-bebe-mas-de-kilos-de-cocaina-556112.html,https://eldoce.tv/actualidad/2025/06/02/bomba-de-tiempo-tenia-90-capsulas-de-cocaina-en-el-estomago-que-queria-traficar-a-europa/,https://wwwelesquiucom/policiales/2025/6/2/viajaban-con-una-bebe-mas-de-kilos-de-cocaina-556112html,https://eldocetv/actualidad/2025/06/02/bomba-de-tiempo-tenia-90-capsulas-de-cocaina-en-el-estomago-que-queria-traficar-a-europa/
f8c269d8-dabe-456f-a253-1825642bf386,different_values,331,date_1,2025-05-29,2025-06-02 00:00:00,2025-05-29,2025-06-02 00:00:00
f8c269d8-dabe-456f-a253-1825642bf386,different_values,331,month,5,6,5,6
f8c269d8-dabe-456f-a253-1825642bf386,different_values,331,day,29,2,29,2
f8c269d8-dabe-456f-a253-1825642bf386,different_values,331,quantity,1.0,8.0,10,80
f8c269d8-dabe-456f-a253-1825642bf386,different_values,331,region,Europe,South America,europe,south america
f8c269d8-dabe-456f-a253-1825642bf386,different_values,331,country,France,Argentina,france,argentina
f8c269d8-dabe-456f-a253-1825642bf386,different_values,331,department/state, Seine-Saint-Denis,Chaco,seine-saint-denis,chaco
f8c269d8-dabe-456f-a253-1825642bf386,different_values,331,municipality/port,Rosny-sous-bois,Makallé,rosny-sous-bois,makallé
f8c269d8-dabe-456f-a253-1825642bf386,different_values,331,transit_1_region,,South America,,south america
f8c269d8-dabe-456f-a253-1825642bf386,different_values,331,transit_1_country,,Argentina,,argentina
f8c269d8-dabe-456f-a253-1825642bf386,different_values,331,transit_1_department/state,,Chaco,,chaco
f8c269d8-dabe-456f-a253-1825642bf386,different_values,331,transit_1_municipality/port,,Makallé,,makallé
f8c269d8-dabe-456f-a253-1825642bf386,different_values,331,description," May 29, 2025, French police seized 623 kg of cannabis resin, 1 kg of cocaine, and €48,000 in cash during a raid on an apartment in Rosny-sous-Bois, a suburb of Paris. Two individuals, including a minor, were arrested on-site","two women, aged 19 and 25, were arrested in Chaco, Argentina, while traveling on a long-distance bus from Salta to Posadas, Misiones. They were found with over 8 kilograms of high-purity cocaine concealed in their belongings.",may 29 2025 french police seized 623 kg of cannabis resin 1 kg of cocaine and €48000 in cash during a raid on an apartment in rosny-sous-bois a suburb of paris two individuals including a minor were arrested on-site,two women aged 19 and 25 were arrested in chaco argentina while traveling on a long-distance bus from salta to posadas misiones they were found with over 8 kilograms of high-purity cocaine concealed in their belongings
f8c269d8-dabe-456f-a253-1825642bf386,different_values,331,source_link,https://www.aulnaylibre.com/2025/06/saisie-de-623-kg-de-resine-de-cannabis-un-kilo-de-cocaine-et-de-48-000-euros-en-liquide-dans-un-appartement-a-rosny-sous-bois.html,https://www.elesquiu.com/policiales/2025/6/2/viajaban-con-una-bebe-mas-de-kilos-de-cocaina-556112.html,https://wwwaulnaylibrecom/2025/06/saisie-de-623-kg-de-resine-de-cannabis-un-kilo-de-cocaine-et-de-48-000-euros-en-liquide-dans-un-appartement-a-rosny-sous-boishtml,https://wwwelesquiucom/policiales/2025/6/2/viajaban-con-una-bebe-mas-de-kilos-de-cocaina-556112html
f8c269d8-dabe-456f-a253-1825642bf386,different_values,331,archived_link,Archived Link - France,Archived Link - Argentina,archived link - france,archived link - argentina
8a883a3e-99a4-4fb0-a221-baf97fdaec40,different_values,332,date_1,2025-05-31,2025-05-29 00:00:00,2025-05-31,2025-05-29 00:00:00
8a883a3e-99a4-4fb0-a221-baf97fdaec40,different_values,332,day,31,29,31,29
8a883a3e-99a4-4fb0-a221-baf97fdaec40,different_values,332,quantity,1268.0,1.0,12680,10
8a883a3e-99a4-4fb0-a221-baf97fdaec40,different_values,332,weight_unit,Package,Kilogram,package,kilogram
8a883a3e-99a4-4fb0-a221-baf97fdaec40,different_values,332,modus_operandi/place_seizure,Container,Land,container,land
8a883a3e-99a4-4fb0-a221-baf97fdaec40,different_values,332,region,Central America,Europe,central america,europe
8a883a3e-99a4-4fb0-a221-baf97fdaec40,different_values,332,country,Panama,France,panama,france
8a883a3e-99a4-4fb0-a221-baf97fdaec40,different_values,332,department/state,Colon, Seine-Saint-Denis,colon,seine-saint-denis
8a883a3e-99a4-4fb0-a221-baf97fdaec40,different_values,332,municipality/port,Colon Port,Rosny-sous-bois,colon port,rosny-sous-bois
8a883a3e-99a4-4fb0-a221-baf97fdaec40,different_values,332,transit_1_region,Central America,,central america,
8a883a3e-99a4-4fb0-a221-baf97fdaec40,different_values,332,transit_1_country,Panama,,panama,
8a883a3e-99a4-4fb0-a221-baf97fdaec40,different_values,332,destination_1_region,Europe,,europe,
8a883a3e-99a4-4fb0-a221-baf97fdaec40,different_values,332,destination_1_country,Spain,,spain,
8a883a3e-99a4-4fb0-a221-baf97fdaec40,different_values,332,description,"1,268 packages were found in container at colon port headed to Spain"," May 29, 2025, French police seized 623 kg of cannabis resin, 1 kg of cocaine, and €48,000 in cash during a raid on an apartment in Rosny-sous-Bois, a suburb of Paris. Two individuals, including a minor, were arrested on-site",1268 packages were found in container at colon port headed to spain,may 29 2025 french police seized 623 kg of cannabis resin 1 kg of cocaine and €48000 in cash during a raid on an apartment in rosny-sous-bois a suburb of paris two individuals including a minor were arrested on-site
8a883a3e-99a4-4fb0-a221-baf97fdaec40,different_values,332,source_link,https://www.barrons.com/news/spanish/panama-decomisa-mas-de-8-000-paquetes-de-droga-con-destino-a-europa-b710992a,https://www.aulnaylibre.com/2025/06/saisie-de-623-kg-de-resine-de-cannabis-un-kilo-de-cocaine-et-de-48-000-euros-en-liquide-dans-un-appartement-a-rosny-sous-bois.html,https://wwwbarronscom/news/spanish/panama-decomisa-mas-de-8-000-paquetes-de-droga-con-destino-a-europa-b710992a,https://wwwaulnaylibrecom/2025/06/saisie-de-623-kg-de-resine-de-cannabis-un-kilo-de-cocaine-et-de-48-000-euros-en-liquide-dans-un-appartement-a-rosny-sous-boishtml
8a883a3e-99a4-4fb0-a221-baf97fdaec40,different_values,332,archived_link,Archived Link - Panama,Archived Link - France,archived link - panama,archived link - france
cc48d5bb-088d-48bd-b504-ad8c00e90f3a,different_values,333,date_1,2025-05-31,2025-05-31 00:00:00,2025-05-31,2025-05-31 00:00:00
cc48d5bb-088d-48bd-b504-ad8c00e90f3a,different_values,333,quantity,720.0,1268.0,7200,12680
cc48d5bb-088d-48bd-b504-ad8c00e90f3a,different_values,333,weight_unit,Kilogram,Package,kilogram,package
cc48d5bb-088d-48bd-b504-ad8c00e90f3a,different_values,333,region,South America,Central America,south america,central america
cc48d5bb-088d-48bd-b504-ad8c00e90f3a,different_values,333,country,Colombia,Panama,colombia,panama
cc48d5bb-088d-48bd-b504-ad8c00e90f3a,different_values,333,department/state,Cartagena,Colon,cartagena,colon
cc48d5bb-088d-48bd-b504-ad8c00e90f3a,different_values,333,municipality/port,,Colon Port,,colon port
cc48d5bb-088d-48bd-b504-ad8c00e90f3a,different_values,333,transit_1_region,South America,Central America,south america,central america
cc48d5bb-088d-48bd-b504-ad8c00e90f3a,different_values,333,transit_1_country,Chile,Panama,chile,panama
cc48d5bb-088d-48bd-b504-ad8c00e90f3a,different_values,333,transit_2_region,South America,,south america,
cc48d5bb-088d-48bd-b504-ad8c00e90f3a,different_values,333,destination_1_country,Belgium,Spain,belgium,spain
cc48d5bb-088d-48bd-b504-ad8c00e90f3a,different_values,333,description,La Policía de Colombia incautó 720 kilos de cocaína que provenían de Chile y tenían como destino final Bélgica durante un operativo en la ciudad de Cartagena,"1,268 packages were found in container at colon port headed to Spain",la policía de colombia incautó 720 kilos de cocaína que provenían de chile y tenían como destino final bélgica durante un operativo en la ciudad de cartagena,1268 packages were found in container at colon port headed to spain
cc48d5bb-088d-48bd-b504-ad8c00e90f3a,different_values,333,source_link,https://zonacero.com/judiciales/policia-incauto-720-kilos-de-cocaina-en-cartagena-los-iban-enviar-belgica,https://www.barrons.com/news/spanish/panama-decomisa-mas-de-8-000-paquetes-de-droga-con-destino-a-europa-b710992a,https://zonacerocom/judiciales/policia-incauto-720-kilos-de-cocaina-en-cartagena-los-iban-enviar-belgica,https://wwwbarronscom/news/spanish/panama-decomisa-mas-de-8-000-paquetes-de-droga-con-destino-a-europa-b710992a
cc48d5bb-088d-48bd-b504-ad8c00e90f3a,different_values,333,archived_link,Archived Link - Colombia,Archived Link - Panama,archived link - colombia,archived link - panama
b97dbca2-cad3-4493-85ea-07e56f59e52b,different_values,334,date_1,2025-05-15,2025-05-31 00:00:00,2025-05-15,2025-05-31 00:00:00
b97dbca2-cad3-4493-85ea-07e56f59e52b,different_values,334,day,15,31,15,31
b97dbca2-cad3-4493-85ea-07e56f59e52b,different_values,334,quantity,59.0,720.0,590,7200
b97dbca2-cad3-4493-85ea-07e56f59e52b,different_values,334,modus_operandi/place_seizure,Land,Container,land,container
b97dbca2-cad3-4493-85ea-07e56f59e52b,different_values,334,country,Argentina,Colombia,argentina,colombia
b97dbca2-cad3-4493-85ea-07e56f59e52b,different_values,334,department/state,Tucumán,Bolívar,tucumán,bolívar
b97dbca2-cad3-4493-85ea-07e56f59e52b,different_values,334,municipality/port,Colalao del Valle,Cartagena,colalao del valle,cartagena
b97dbca2-cad3-4493-85ea-07e56f59e52b,different_values,334,origin_area,,Bolívar,,bolívar
b97dbca2-cad3-4493-85ea-07e56f59e52b,different_values,334,transit_1_region,,South America,,south america
b97dbca2-cad3-4493-85ea-07e56f59e52b,different_values,334,transit_1_country,,Chile,,chile
b97dbca2-cad3-4493-85ea-07e56f59e52b,different_values,334,transit_2_region,,South America,,south america
b97dbca2-cad3-4493-85ea-07e56f59e52b,different_values,334,transit_2_country,,Colombia,,colombia
b97dbca2-cad3-4493-85ea-07e56f59e52b,different_values,334,transit_2_department/state,,Bolívar,,bolívar
b97dbca2-cad3-4493-85ea-07e56f59e52b,different_values,334,transit_2_municipality/port,,Cartagena,,cartagena
b97dbca2-cad3-4493-85ea-07e56f59e52b,different_values,334,destination_1_region,,Europe,,europe
b97dbca2-cad3-4493-85ea-07e56f59e52b,different_values,334,destination_1_country,,Belgium,,belgium
b97dbca2-cad3-4493-85ea-07e56f59e52b,different_values,334,description,"On May 15, 2025, Argentine Gendarmerie officers intercepted a Jeep Compass on National Route 40 near Colalao del Valle, Tucumán province. uppon dismantling the panels, officers discovered 56 rectangular packages containing cocaine, with a total weight of 58.955 kilograms.",La Policía de Colombia incautó 720 kilos de cocaína que provenían de Chile y tenían como destino final Bélgica durante un operativo en la ciudad de Cartagena,on may 15 2025 argentine gendarmerie officers intercepted a jeep compass on national route 40 near colalao del valle tucumán province uppon dismantling the panels officers discovered 56 rectangular packages containing cocaine with a total weight of 58955 kilograms,la policía de colombia incautó 720 kilos de cocaína que provenían de chile y tenían como destino final bélgica durante un operativo en la ciudad de cartagena
b97dbca2-cad3-4493-85ea-07e56f59e52b,different_values,334,source_link,https://www.diariomendoza.com.ar/policiales/casi-59-kilos-cocaina-fueron-hallados-baul-auto-tucuman-n103231,https://zonacero.com/judiciales/policia-incauto-720-kilos-de-cocaina-en-cartagena-los-iban-enviar-belgica,https://wwwdiariomendozacomar/policiales/casi-59-kilos-cocaina-fueron-hallados-baul-auto-tucuman-n103231,https://zonacerocom/judiciales/policia-incauto-720-kilos-de-cocaina-en-cartagena-los-iban-enviar-belgica
b97dbca2-cad3-4493-85ea-07e56f59e52b,different_values,334,archived_link,Archived Link - Argentina,Archived Link - Colombia,archived link - argentina,archived link - colombia
9107bc6d-ed1e-4141-a92e-e00eecac9f5b,different_values,335,date_1,2025-05-25,2025-05-15 00:00:00,2025-05-25,2025-05-15 00:00:00
9107bc6d-ed1e-4141-a92e-e00eecac9f5b,different_values,335,day,25,15,25,15
9107bc6d-ed1e-4141-a92e-e00eecac9f5b,different_values,335,quantity,860.0,59.0,8600,590
9107bc6d-ed1e-4141-a92e-e00eecac9f5b,different_values,335,weight_unit,Pounds (lbs),Kilogram,pounds (lbs),kilogram
9107bc6d-ed1e-4141-a92e-e00eecac9f5b,different_values,335,modus_operandi/place_seizure,Maritime vessel,Land,maritime vessel,land
9107bc6d-ed1e-4141-a92e-e00eecac9f5b,different_values,335,region,Caribbean,South America,caribbean,south america
9107bc6d-ed1e-4141-a92e-e00eecac9f5b,different_values,335,country,,Argentina,,argentina
9107bc6d-ed1e-4141-a92e-e00eecac9f5b,different_values,335,department/state,,Tucumán,,tucumán
9107bc6d-ed1e-4141-a92e-e00eecac9f5b,different_values,335,municipality/port,,Colalao del Valle,,colalao del valle
9107bc6d-ed1e-4141-a92e-e00eecac9f5b,different_values,335,description,"El 25 de mayo de 2025, la Guardia Costera de EE. UU., en colaboración con el destructor USS Gravely, incautó aproximadamente 860 libras (390 kg) de cocaína en el mar Caribe, valoradas en $13.65 millones. a. Los informes disponibles no especifican la ubicación exacta dentro del mar Caribe donde ocurrió la incautación","On May 15, 2025, Argentine Gendarmerie officers intercepted a Jeep Compass on National Route 40 near Colalao del Valle, Tucumán province. uppon dismantling the panels, officers discovered 56 rectangular packages containing cocaine, with a total weight of 58.955 kilograms.",el 25 de mayo de 2025 la guardia costera de ee uu en colaboración con el destructor uss gravely incautó aproximadamente 860 libras (390 kg) de cocaína en el mar caribe valoradas en $1365 millones a los informes disponibles no especifican la ubicación exacta dentro del mar caribe donde ocurrió la incautación,on may 15 2025 argentine gendarmerie officers intercepted a jeep compass on national route 40 near colalao del valle tucumán province uppon dismantling the panels officers discovered 56 rectangular packages containing cocaine with a total weight of 58955 kilograms
9107bc6d-ed1e-4141-a92e-e00eecac9f5b,different_values,335,source_link,https://www.cibercuba.com/noticias/2025-06-01-u1-e208574-s27061-nid304079-guardia-costera-incauta-1365-millones-cocaina-mar,https://www.diariomendoza.com.ar/policiales/casi-59-kilos-cocaina-fueron-hallados-baul-auto-tucuman-n103231,https://wwwcibercubacom/noticias/2025-06-01-u1-e208574-s27061-nid304079-guardia-costera-incauta-1365-millones-cocaina-mar,https://wwwdiariomendozacomar/policiales/casi-59-kilos-cocaina-fueron-hallados-baul-auto-tucuman-n103231
9107bc6d-ed1e-4141-a92e-e00eecac9f5b,different_values,335,archived_link,Archived Link - ,Archived Link - Argentina,archived link -,archived link - argentina
810e284d-b61e-4866-96d2-3160b44eb61f,different_values,336,date_1,2025-06-02,2025-05-25 00:00:00,2025-06-02,2025-05-25 00:00:00
810e284d-b61e-4866-96d2-3160b44eb61f,different_values,336,month,6,5,6,5
810e284d-b61e-4866-96d2-3160b44eb61f,different_values,336,day,2,25,2,25
810e284d-b61e-4866-96d2-3160b44eb61f,different_values,336,quantity,2.0,860.0,20,8600
810e284d-b61e-4866-96d2-3160b44eb61f,different_values,336,weight_unit,Kilogram,Pounds (lbs),kilogram,pounds (lbs)
810e284d-b61e-4866-96d2-3160b44eb61f,different_values,336,modus_operandi/place_seizure,Land,Maritime vessel,land,maritime vessel
810e284d-b61e-4866-96d2-3160b44eb61f,different_values,336,region,Europe,Caribbean,europe,caribbean
810e284d-b61e-4866-96d2-3160b44eb61f,different_values,336,country,Italy,,italy,
810e284d-b61e-4866-96d2-3160b44eb61f,different_values,336,department/state,Rome,,rome,
810e284d-b61e-4866-96d2-3160b44eb61f,different_values,336,municipality/port,San Gregorio da Sassola,,san gregorio da sassola,
810e284d-b61e-4866-96d2-3160b44eb61f,different_values,336,description,"El 2 de junio de 2025, la Guardia di Finanza italiana arrestó a dos hombres. gi, durante una operación antidrogas en San Gregorio da Sassola, cerca de Roma. Se les incautaron aproximadamente 200 kilogramos de hachís y cerca de 2 kilogramos de cocaína.","El 25 de mayo de 2025, la Guardia Costera de EE. UU., en colaboración con el destructor USS Gravely, incautó aproximadamente 860 libras (390 kg) de cocaína en el mar Caribe, valoradas en $13.65 millones. a. Los informes disponibles no especifican la ubicación exacta dentro del mar Caribe donde ocurrió la incautación",el 2 de junio de 2025 la guardia di finanza italiana arrestó a dos hombres gi durante una operación antidrogas en san gregorio da sassola cerca de roma se les incautaron aproximadamente 200 kilogramos de hachís y cerca de 2 kilogramos de cocaína,el 25 de mayo de 2025 la guardia costera de ee uu en colaboración con el destructor uss gravely incautó aproximadamente 860 libras (390 kg) de cocaína en el mar caribe valoradas en $1365 millones a los informes disponibles no especifican la ubicación exacta dentro del mar caribe donde ocurrió la incautación
810e284d-b61e-4866-96d2-3160b44eb61f,different_values,336,source_link,https://www.rainews.it/tgr/lazio/articoli/2025/06/maxi-sequestro-di-hashish-e-cocaina-arrestati-due-uomini-di-anagni-8a574848-10c9-4650-abdd-587f09915246.html,https://www.cibercuba.com/noticias/2025-06-01-u1-e208574-s27061-nid304079-guardia-costera-incauta-1365-millones-cocaina-mar,https://wwwrainewsit/tgr/lazio/articoli/2025/06/maxi-sequestro-di-hashish-e-cocaina-arrestati-due-uomini-di-anagni-8a574848-10c9-4650-abdd-587f09915246html,https://wwwcibercubacom/noticias/2025-06-01-u1-e208574-s27061-nid304079-guardia-costera-incauta-1365-millones-cocaina-mar
810e284d-b61e-4866-96d2-3160b44eb61f,different_values,336,archived_link,Archived Link - Italy,Archived Link - ,archived link - italy,archived link -
a38c7ef3-f36b-4ecc-ab2c-83cbeeae3e94,different_values,337,date_1,2025-05-30,2025-06-02 00:00:00,2025-05-30,2025-06-02 00:00:00
a38c7ef3-f36b-4ecc-ab2c-83cbeeae3e94,different_values,337,month,5,6,5,6
a38c7ef3-f36b-4ecc-ab2c-83cbeeae3e94,different_values,337,day,30,2,30,2
a38c7ef3-f36b-4ecc-ab2c-83cbeeae3e94,different_values,337,quantity,10.8,2.0,108,20
a38c7ef3-f36b-4ecc-ab2c-83cbeeae3e94,different_values,337,modus_operandi/place_seizure,Air,Land,air,land
a38c7ef3-f36b-4ecc-ab2c-83cbeeae3e94,different_values,337,region,Asia,Europe,asia,europe
a38c7ef3-f36b-4ecc-ab2c-83cbeeae3e94,different_values,337,country,Sri Lanka,Italy,sri lanka,italy
a38c7ef3-f36b-4ecc-ab2c-83cbeeae3e94,different_values,337,department/state,Colombo,Rome,colombo,rome
a38c7ef3-f36b-4ecc-ab2c-83cbeeae3e94,different_values,337,municipality/port,Aeropuerto Internacional Bandaranaike,San Gregorio da Sassola,aeropuerto internacional bandaranaike,san gregorio da sassola
a38c7ef3-f36b-4ecc-ab2c-83cbeeae3e94,different_values,337,transit_1_region,Asia,,asia,
a38c7ef3-f36b-4ecc-ab2c-83cbeeae3e94,different_values,337,transit_1_country,Qatar,,qatar,
a38c7ef3-f36b-4ecc-ab2c-83cbeeae3e94,different_values,337,transit_1_department/state,Doha,,doha,
a38c7ef3-f36b-4ecc-ab2c-83cbeeae3e94,different_values,337,description,"ujer tailandesa de 38 años arrestada en el Aeropuerto Internacional Bandaranaike de Sri Lanka el 30 de mayo de 2025 llegó al país a bordo del vuelo QR-662 de Qatar Airways, procedente de Doha . Durante una inspección, las autoridades descubrieron aproximadamente 10,3 kilogramos de cocaína ocultos en tres peluches,","El 2 de junio de 2025, la Guardia di Finanza italiana arrestó a dos hombres. gi, durante una operación antidrogas en San Gregorio da Sassola, cerca de Roma. Se les incautaron aproximadamente 200 kilogramos de hachís y cerca de 2 kilogramos de cocaína.",ujer tailandesa de 38 años arrestada en el aeropuerto internacional bandaranaike de sri lanka el 30 de mayo de 2025 llegó al país a bordo del vuelo qr-662 de qatar airways procedente de doha  durante una inspección las autoridades descubrieron aproximadamente 103 kilogramos de cocaína ocultos en tres peluches,el 2 de junio de 2025 la guardia di finanza italiana arrestó a dos hombres gi durante una operación antidrogas en san gregorio da sassola cerca de roma se les incautaron aproximadamente 200 kilogramos de hachís y cerca de 2 kilogramos de cocaína
a38c7ef3-f36b-4ecc-ab2c-83cbeeae3e94,different_values,337,source_link,https://www.dailynews.lk/2025/05/31/lawnorder/788459/thai-woman-held-with-over-10-kg-cocaine-in-stuffed-toys/?utm_source=chatgpt.com,https://www.rainews.it/tgr/lazio/articoli/2025/06/maxi-sequestro-di-hashish-e-cocaina-arrestati-due-uomini-di-anagni-8a574848-10c9-4650-abdd-587f09915246.html,https://wwwdailynewslk/2025/05/31/lawnorder/788459/thai-woman-held-with-over-10-kg-cocaine-in-stuffed-toys/?utm_source=chatgptcom,https://wwwrainewsit/tgr/lazio/articoli/2025/06/maxi-sequestro-di-hashish-e-cocaina-arrestati-due-uomini-di-anagni-8a574848-10c9-4650-abdd-587f09915246html
a38c7ef3-f36b-4ecc-ab2c-83cbeeae3e94,different_values,337,archived_link,Archived Link - Sri Lanka,Archived Link - Italy,archived link - sri lanka,archived link - italy
4e352a89-1876-43ec-ba47-8a2d3a23988d,different_values,338,date_1,2025-05-27,2025-05-30 00:00:00,2025-05-27,2025-05-30 00:00:00
4e352a89-1876-43ec-ba47-8a2d3a23988d,different_values,338,day,27,30,27,30
4e352a89-1876-43ec-ba47-8a2d3a23988d,different_values,338,quantity,3.0,10.8,30,108
4e352a89-1876-43ec-ba47-8a2d3a23988d,different_values,338,modus_operandi/place_seizure,Land,Air,land,air
4e352a89-1876-43ec-ba47-8a2d3a23988d,different_values,338,region,Europe,Asia,europe,asia
4e352a89-1876-43ec-ba47-8a2d3a23988d,different_values,338,country,Italy,Sri Lanka,italy,sri lanka
4e352a89-1876-43ec-ba47-8a2d3a23988d,different_values,338,department/state,Catania,Colombo,catania,colombo
4e352a89-1876-43ec-ba47-8a2d3a23988d,different_values,338,municipality/port,San Berillo,Aeropuerto Internacional Bandaranaike,san berillo,aeropuerto internacional bandaranaike
4e352a89-1876-43ec-ba47-8a2d3a23988d,different_values,338,transit_1_region,,Asia,,asia
4e352a89-1876-43ec-ba47-8a2d3a23988d,different_values,338,transit_1_country,,Qatar,,qatar
4e352a89-1876-43ec-ba47-8a2d3a23988d,different_values,338,transit_1_department/state,,Doha,,doha
4e352a89-1876-43ec-ba47-8a2d3a23988d,different_values,338,description,"El 27 de mayo de 2025, en el barrio San Berillo Nuovo de Catania, Italia, la policía arrestó a un hombre de 35 años que transportaba más de 3 kilogramos de cocaína ocultos en su vehículo","ujer tailandesa de 38 años arrestada en el Aeropuerto Internacional Bandaranaike de Sri Lanka el 30 de mayo de 2025 llegó al país a bordo del vuelo QR-662 de Qatar Airways, procedente de Doha . Durante una inspección, las autoridades descubrieron aproximadamente 10,3 kilogramos de cocaína ocultos en tres peluches,",el 27 de mayo de 2025 en el barrio san berillo nuovo de catania italia la policía arrestó a un hombre de 35 años que transportaba más de 3 kilogramos de cocaína ocultos en su vehículo,ujer tailandesa de 38 años arrestada en el aeropuerto internacional bandaranaike de sri lanka el 30 de mayo de 2025 llegó al país a bordo del vuelo qr-662 de qatar airways procedente de doha  durante una inspección las autoridades descubrieron aproximadamente 103 kilogramos de cocaína ocultos en tres peluches
4e352a89-1876-43ec-ba47-8a2d3a23988d,different_values,338,source_link,https://www.corrieretneo.it/2025/06/01/catania-in-auto-con-3-kg-di-cocaina-occultati-35enne-arrestato-in-flagranza-video/,https://www.dailynews.lk/2025/05/31/lawnorder/788459/thai-woman-held-with-over-10-kg-cocaine-in-stuffed-toys/?utm_source=chatgpt.com,https://wwwcorrieretneoit/2025/06/01/catania-in-auto-con-3-kg-di-cocaina-occultati-35enne-arrestato-in-flagranza-video/,https://wwwdailynewslk/2025/05/31/lawnorder/788459/thai-woman-held-with-over-10-kg-cocaine-in-stuffed-toys/?utm_source=chatgptcom
4e352a89-1876-43ec-ba47-8a2d3a23988d,different_values,338,archived_link,Archived Link - Italy,Archived Link - Sri Lanka,archived link - italy,archived link - sri lanka
12443bf7-a1fc-42d6-b850-b9a1e9d36f75,different_values,339,date_1,2025-05-30,2025-05-27 00:00:00,2025-05-30,2025-05-27 00:00:00
12443bf7-a1fc-42d6-b850-b9a1e9d36f75,different_values,339,day,30,27,30,27
12443bf7-a1fc-42d6-b850-b9a1e9d36f75,different_values,339,quantity,0.5,3.0,05,30
12443bf7-a1fc-42d6-b850-b9a1e9d36f75,different_values,339,department/state,Sicilia,Catania,sicilia,catania
12443bf7-a1fc-42d6-b850-b9a1e9d36f75,different_values,339,municipality/port,Porto Empedocle,San Berillo,porto empedocle,san berillo
12443bf7-a1fc-42d6-b850-b9a1e9d36f75,different_values,339,description,"l 30 de mayo de 2025, en Porto Empedocle, Italia, la policía detuvo a un hombre de 31 años que transportaba más de 500 gramos de cocaína pura escondidos en su bolso durante un control rutinario en la carretera estatal 115. La droga, con un valor estimado de 50.000 euros, estaba destinada al tráfico minorista.","El 27 de mayo de 2025, en el barrio San Berillo Nuovo de Catania, Italia, la policía arrestó a un hombre de 35 años que transportaba más de 3 kilogramos de cocaína ocultos en su vehículo",l 30 de mayo de 2025 en porto empedocle italia la policía detuvo a un hombre de 31 años que transportaba más de 500 gramos de cocaína pura escondidos en su bolso durante un control rutinario en la carretera estatal 115 la droga con un valor estimado de 50000 euros estaba destinada al tráfico minorista,el 27 de mayo de 2025 en el barrio san berillo nuovo de catania italia la policía arrestó a un hombre de 35 años que transportaba más de 3 kilogramos de cocaína ocultos en su vehículo
12443bf7-a1fc-42d6-b850-b9a1e9d36f75,different_values,339,source_link,https://www.risoluto.it/edizioni-locali/hinterland/cocaina-sequestrata-porto-empedocle-i-dettagli/,https://www.corrieretneo.it/2025/06/01/catania-in-auto-con-3-kg-di-cocaina-occultati-35enne-arrestato-in-flagranza-video/,https://wwwrisolutoit/edizioni-locali/hinterland/cocaina-sequestrata-porto-empedocle-i-dettagli/,https://wwwcorrieretneoit/2025/06/01/catania-in-auto-con-3-kg-di-cocaina-occultati-35enne-arrestato-in-flagranza-video/
9027b966-debb-4927-8f98-8f8a3acb8645,different_values,340,time_unit,Multi-Month,Individual,multi-month,individual
9027b966-debb-4927-8f98-8f8a3acb8645,different_values,340,date_1,2025-06-03,2025-05-30 00:00:00,2025-06-03,2025-05-30 00:00:00
9027b966-debb-4927-8f98-8f8a3acb8645,different_values,340,month,6,5,6,5
9027b966-debb-4927-8f98-8f8a3acb8645,different_values,340,day,3,30,3,30
9027b966-debb-4927-8f98-8f8a3acb8645,different_values,340,duration,10 months,,10 months,
9027b966-debb-4927-8f98-8f8a3acb8645,different_values,340,quantity,187.0,0.5,1870,05
9027b966-debb-4927-8f98-8f8a3acb8645,different_values,340,country,France,Italy,france,italy
9027b966-debb-4927-8f98-8f8a3acb8645,different_values,340,department/state,Alsacia,Sicilia,alsacia,sicilia
9027b966-debb-4927-8f98-8f8a3acb8645,different_values,340,municipality/port,,Porto Empedocle,,porto empedocle
9027b966-debb-4927-8f98-8f8a3acb8645,different_values,340,destination_1_region,Europe,,europe,
9027b966-debb-4927-8f98-8f8a3acb8645,different_values,340,destination_1_country,France,,france,
9027b966-debb-4927-8f98-8f8a3acb8645,different_values,340,description,"El 13 de mayo de 2025, en Alsacia, Francia, la policía desmanteló una red de narcotráfico tras varios meses de investigación (since august 2024). Se incautaron 187 kilogramos de cocaína y se detuvo a diez personas. La droga estaba oculta en vehículos y propiedades, lista para ser distribuida en la región","l 30 de mayo de 2025, en Porto Empedocle, Italia, la policía detuvo a un hombre de 31 años que transportaba más de 500 gramos de cocaína pura escondidos en su bolso durante un control rutinario en la carretera estatal 115. La droga, con un valor estimado de 50.000 euros, estaba destinada al tráfico minorista.",el 13 de mayo de 2025 en alsacia francia la policía desmanteló una red de narcotráfico tras varios meses de investigación (since august 2024) se incautaron 187 kilogramos de cocaína y se detuvo a diez personas la droga estaba oculta en vehículos y propiedades lista para ser distribuida en la región,l 30 de mayo de 2025 en porto empedocle italia la policía detuvo a un hombre de 31 años que transportaba más de 500 gramos de cocaína pura escondidos en su bolso durante un control rutinario en la carretera estatal 115 la droga con un valor estimado de 50000 euros estaba destinada al tráfico minorista
9027b966-debb-4927-8f98-8f8a3acb8645,different_values,340,source_link,https://www.francebleu.fr/infos/faits-divers-justice/alsace-187-kilos-de-cocaine-saisis-et-dix-de-personnes-interpellees-apres-plusieurs-mois-d-enquete-5145463,https://www.risoluto.it/edizioni-locali/hinterland/cocaina-sequestrata-porto-empedocle-i-dettagli/,https://wwwfrancebleufr/infos/faits-divers-justice/alsace-187-kilos-de-cocaine-saisis-et-dix-de-personnes-interpellees-apres-plusieurs-mois-d-enquete-5145463,https://wwwrisolutoit/edizioni-locali/hinterland/cocaina-sequestrata-porto-empedocle-i-dettagli/
9027b966-debb-4927-8f98-8f8a3acb8645,different_values,340,archived_link,Archived Link - France,Archived Link - Italy,archived link - france,archived link - italy
fb33d6b5-87af-43ff-865b-c7a4b70bb613,different_values,341,time_unit,Individual,Multi-Month,individual,multi-month
fb33d6b5-87af-43ff-865b-c7a4b70bb613,different_values,341,date_1,2025-06-03,2025-06-03 00:00:00,2025-06-03,2025-06-03 00:00:00
fb33d6b5-87af-43ff-865b-c7a4b70bb613,different_values,341,duration,,10,,10
fb33d6b5-87af-43ff-865b-c7a4b70bb613,different_values,341,quantity,7.0,187.0,70,1870
fb33d6b5-87af-43ff-865b-c7a4b70bb613,different_values,341,department/state,Marseille,Alsacia,marseille,alsacia
fb33d6b5-87af-43ff-865b-c7a4b70bb613,different_values,341,destination_1_region,,Europe,,europe
fb33d6b5-87af-43ff-865b-c7a4b70bb613,different_values,341,destination_1_country,,France,,france
fb33d6b5-87af-43ff-865b-c7a4b70bb613,different_values,341,description,"3 de junio de 2025, la policía de Marsella incautó 7 kilogramos de cocaína en un apartamento de los barrios norte de la ciudad. Tres personas fueron detenidas en conexión con este hallazgo. La droga estaba oculta en varios bloques dentro del inmuebl","El 13 de mayo de 2025, en Alsacia, Francia, la policía desmanteló una red de narcotráfico tras varios meses de investigación (since august 2024). Se incautaron 187 kilogramos de cocaína y se detuvo a diez personas. La droga estaba oculta en vehículos y propiedades, lista para ser distribuida en la región",3 de junio de 2025 la policía de marsella incautó 7 kilogramos de cocaína en un apartamento de los barrios norte de la ciudad tres personas fueron detenidas en conexión con este hallazgo la droga estaba oculta en varios bloques dentro del inmuebl,el 13 de mayo de 2025 en alsacia francia la policía desmanteló una red de narcotráfico tras varios meses de investigación (since august 2024) se incautaron 187 kilogramos de cocaína y se detuvo a diez personas la droga estaba oculta en vehículos y propiedades lista para ser distribuida en la región
fb33d6b5-87af-43ff-865b-c7a4b70bb613,different_values,341,source_link,https://www.lefigaro.fr/marseille/marseille-7-kilos-de-cocaine-saisis-dans-un-appartement-des-quartiers-nord-20250604,https://www.francebleu.fr/infos/faits-divers-justice/alsace-187-kilos-de-cocaine-saisis-et-dix-de-personnes-interpellees-apres-plusieurs-mois-d-enquete-5145463,https://wwwlefigarofr/marseille/marseille-7-kilos-de-cocaine-saisis-dans-un-appartement-des-quartiers-nord-20250604,https://wwwfrancebleufr/infos/faits-divers-justice/alsace-187-kilos-de-cocaine-saisis-et-dix-de-personnes-interpellees-apres-plusieurs-mois-d-enquete-5145463
39ad6f0b-b057-4602-b6ef-215c374e55e0,different_values,342,date_1,2025-05-29,2025-06-03 00:00:00,2025-05-29,2025-06-03 00:00:00
39ad6f0b-b057-4602-b6ef-215c374e55e0,different_values,342,month,5,6,5,6
39ad6f0b-b057-4602-b6ef-215c374e55e0,different_values,342,day,29,3,29,3
39ad6f0b-b057-4602-b6ef-215c374e55e0,different_values,342,quantity,1500.0,7.0,15000,70
39ad6f0b-b057-4602-b6ef-215c374e55e0,different_values,342,modus_operandi/place_seizure,Maritime vessel,Land,maritime vessel,land
39ad6f0b-b057-4602-b6ef-215c374e55e0,different_values,342,region,North America,Europe,north america,europe
39ad6f0b-b057-4602-b6ef-215c374e55e0,different_values,342,country,Mexico,France,mexico,france
39ad6f0b-b057-4602-b6ef-215c374e55e0,different_values,342,department/state,Jalisco,Marseille,jalisco,marseille
39ad6f0b-b057-4602-b6ef-215c374e55e0,different_values,342,description,"29 de mayo de 2025, la Marina mexicana incautó 1,5 toneladas de cocaína en aguas del Pacífico, frente a la costa del estado de Jalisco. El cargamento consistía en 38 fardos con 1.500 paquetes de cocaína, con un valor estimado de casi 19 millones de dólares.","3 de junio de 2025, la policía de Marsella incautó 7 kilogramos de cocaína en un apartamento de los barrios norte de la ciudad. Tres personas fueron detenidas en conexión con este hallazgo. La droga estaba oculta en varios bloques dentro del inmuebl",29 de mayo de 2025 la marina mexicana incautó 15 toneladas de cocaína en aguas del pacífico frente a la costa del estado de jalisco el cargamento consistía en 38 fardos con 1500 paquetes de cocaína con un valor estimado de casi 19 millones de dólares,3 de junio de 2025 la policía de marsella incautó 7 kilogramos de cocaína en un apartamento de los barrios norte de la ciudad tres personas fueron detenidas en conexión con este hallazgo la droga estaba oculta en varios bloques dentro del inmuebl
39ad6f0b-b057-4602-b6ef-215c374e55e0,different_values,342,source_link,https://noticias.uol.com.br/ultimas-noticias/afp/2025/05/29/marinha-apreende-15-tonelada-de-cocaina-na-costa-do-pacifico-mexicano.htm,https://www.lefigaro.fr/marseille/marseille-7-kilos-de-cocaine-saisis-dans-un-appartement-des-quartiers-nord-20250604,https://noticiasuolcombr/ultimas-noticias/afp/2025/05/29/marinha-apreende-15-tonelada-de-cocaina-na-costa-do-pacifico-mexicanohtm,https://wwwlefigarofr/marseille/marseille-7-kilos-de-cocaine-saisis-dans-un-appartement-des-quartiers-nord-20250604
39ad6f0b-b057-4602-b6ef-215c374e55e0,different_values,342,archived_link,Archived Link - Mexico,Archived Link - France,archived link - mexico,archived link - france
7eaf27e7-ba7b-48bc-94ca-936f4f9c3def,different_values,343,date_1,2025-06-04,2025-05-29 00:00:00,2025-06-04,2025-05-29 00:00:00
7eaf27e7-ba7b-48bc-94ca-936f4f9c3def,different_values,343,month,6,5,6,5
7eaf27e7-ba7b-48bc-94ca-936f4f9c3def,different_values,343,day,4,29,4,29
7eaf27e7-ba7b-48bc-94ca-936f4f9c3def,different_values,343,quantity,400.0,1500.0,4000,15000
7eaf27e7-ba7b-48bc-94ca-936f4f9c3def,different_values,343,modus_operandi/place_seizure,Land,Maritime vessel,land,maritime vessel
7eaf27e7-ba7b-48bc-94ca-936f4f9c3def,different_values,343,region,South America,North America,south america,north america
7eaf27e7-ba7b-48bc-94ca-936f4f9c3def,different_values,343,country,Brazil,Mexico,brazil,mexico
7eaf27e7-ba7b-48bc-94ca-936f4f9c3def,different_values,343,department/state,Macapa,Jalisco,macapa,jalisco
7eaf27e7-ba7b-48bc-94ca-936f4f9c3def,different_values,343,municipality/port,abacate da pedreira,,abacate da pedreira,
7eaf27e7-ba7b-48bc-94ca-936f4f9c3def,different_values,343,description,"Civil and Federal Police seized around 400 kilos of cocaine on wednesday 4th in the Abacate da Pedreira district, in the rural area of ​​Macapá.","29 de mayo de 2025, la Marina mexicana incautó 1,5 toneladas de cocaína en aguas del Pacífico, frente a la costa del estado de Jalisco. El cargamento consistía en 38 fardos con 1.500 paquetes de cocaína, con un valor estimado de casi 19 millones de dólares.",civil and federal police seized around 400 kilos of cocaine on wednesday 4th in the abacate da pedreira district in the rural area of ​​macapá,29 de mayo de 2025 la marina mexicana incautó 15 toneladas de cocaína en aguas del pacífico frente a la costa del estado de jalisco el cargamento consistía en 38 fardos con 1500 paquetes de cocaína con un valor estimado de casi 19 millones de dólares
7eaf27e7-ba7b-48bc-94ca-936f4f9c3def,different_values,343,source_link,https://g1.globo.com/ap/amapa/noticia/2025/06/04/policias-civil-e-federal-realizam-a-maior-apreensao-de-drogas-do-amapa.ghtml,https://noticias.uol.com.br/ultimas-noticias/afp/2025/05/29/marinha-apreende-15-tonelada-de-cocaina-na-costa-do-pacifico-mexicano.htm,https://g1globocom/ap/amapa/noticia/2025/06/04/policias-civil-e-federal-realizam-a-maior-apreensao-de-drogas-do-amapaghtml,https://noticiasuolcombr/ultimas-noticias/afp/2025/05/29/marinha-apreende-15-tonelada-de-cocaina-na-costa-do-pacifico-mexicanohtm
7eaf27e7-ba7b-48bc-94ca-936f4f9c3def,different_values,343,archived_link,Archived Link - Brazil,Archived Link - Mexico,archived link - brazil,archived link - mexico
def269cc-47a0-4378-919d-d9305ec5466b,different_values,344,date_1,2025-06-05,2025-06-04 00:00:00,2025-06-05,2025-06-04 00:00:00
def269cc-47a0-4378-919d-d9305ec5466b,different_values,344,day,5,4,5,4
def269cc-47a0-4378-919d-d9305ec5466b,different_values,344,drug_type,Cocaine Base,Cocaine,cocaine base,cocaine
def269cc-47a0-4378-919d-d9305ec5466b,different_values,344,quantity,22.0,400.0,220,4000
def269cc-47a0-4378-919d-d9305ec5466b,different_values,344,department/state,Rio de Janeiro,Macapa,rio de janeiro,macapa
def269cc-47a0-4378-919d-d9305ec5466b,different_values,344,municipality/port,Casimiro de Abreu,abacate da pedreira,casimiro de abreu,abacate da pedreira
def269cc-47a0-4378-919d-d9305ec5466b,different_values,344,description,PF arrests man in flagrante delicto for drug trafficking in the Lagos Region. - 22 kg of cocaine base paste were found in the prisoner's vehicle.,"Civil and Federal Police seized around 400 kilos of cocaine on wednesday 4th in the Abacate da Pedreira district, in the rural area of ​​Macapá.",pf arrests man in flagrante delicto for drug trafficking in the lagos region - 22 kg of cocaine base paste were found in the prisoner's vehicle,civil and federal police seized around 400 kilos of cocaine on wednesday 4th in the abacate da pedreira district in the rural area of ​​macapá
def269cc-47a0-4378-919d-d9305ec5466b,different_values,344,source_link,https://www.gov.br/pf/pt-br/assuntos/noticias/2025/06/pf-prende-homem-em-flagrante-por-trafico-de-drogas-na-regiao-dos-lagos,https://g1.globo.com/ap/amapa/noticia/2025/06/04/policias-civil-e-federal-realizam-a-maior-apreensao-de-drogas-do-amapa.ghtml,https://wwwgovbr/pf/pt-br/assuntos/noticias/2025/06/pf-prende-homem-em-flagrante-por-trafico-de-drogas-na-regiao-dos-lagos,https://g1globocom/ap/amapa/noticia/2025/06/04/policias-civil-e-federal-realizam-a-maior-apreensao-de-drogas-do-amapaghtml
5a754322-611d-48d9-8f4b-ae8dda510c5c,different_values,345,date_1,2025-06-04,2025-06-05 00:00:00,2025-06-04,2025-06-05 00:00:00
5a754322-611d-48d9-8f4b-ae8dda510c5c,different_values,345,day,4,5,4,5
5a754322-611d-48d9-8f4b-ae8dda510c5c,different_values,345,drug_type,Cocaine,Cocaine Base,cocaine,cocaine base
5a754322-611d-48d9-8f4b-ae8dda510c5c,different_values,345,quantity,90.0,22.0,900,220
5a754322-611d-48d9-8f4b-ae8dda510c5c,different_values,345,department/state,Parana,Rio de Janeiro,parana,rio de janeiro
5a754322-611d-48d9-8f4b-ae8dda510c5c,different_values,345,municipality/port,Presidente Castelo Branco,Casimiro de Abreu,presidente castelo branco,casimiro de abreu
5a754322-611d-48d9-8f4b-ae8dda510c5c,different_values,345,description,"El 4 de junio de 2025, la Policía Rodoviaria Federal (PRF) de Brasil incautó 92,8 kilogramos de pasta base de cocaína durante una inspección en la carretera BR-376, en el municipio de Presidente Castelo Branco, estado de Paraná. La droga estaba oculta en un compartimento de aluminio instalado bajo el piso de una camioneta",PF arrests man in flagrante delicto for drug trafficking in the Lagos Region. - 22 kg of cocaine base paste were found in the prisoner's vehicle.,el 4 de junio de 2025 la policía rodoviaria federal (prf) de brasil incautó 928 kilogramos de pasta base de cocaína durante una inspección en la carretera br-376 en el municipio de presidente castelo branco estado de paraná la droga estaba oculta en un compartimento de aluminio instalado bajo el piso de una camioneta,pf arrests man in flagrante delicto for drug trafficking in the lagos region - 22 kg of cocaine base paste were found in the prisoner's vehicle
5a754322-611d-48d9-8f4b-ae8dda510c5c,different_values,345,source_link,https://www.gov.br/prf/pt-br/noticias/estaduais/parana/2025/junho/prf-apreende-mais-de-90-quilos-de-cocaina-em-presidente-castelo-branco-pr,https://www.gov.br/pf/pt-br/assuntos/noticias/2025/06/pf-prende-homem-em-flagrante-por-trafico-de-drogas-na-regiao-dos-lagos,https://wwwgovbr/prf/pt-br/noticias/estaduais/parana/2025/junho/prf-apreende-mais-de-90-quilos-de-cocaina-em-presidente-castelo-branco-pr,https://wwwgovbr/pf/pt-br/assuntos/noticias/2025/06/pf-prende-homem-em-flagrante-por-trafico-de-drogas-na-regiao-dos-lagos
c17867a3-f7b3-4a00-8e80-65b4c336f99c,different_values,346,date_1,2025-06-04,2025-06-04 00:00:00,2025-06-04,2025-06-04 00:00:00
c17867a3-f7b3-4a00-8e80-65b4c336f99c,different_values,346,quantity,31.0,90.0,310,900
c17867a3-f7b3-4a00-8e80-65b4c336f99c,different_values,346,sub_modus_operandi,hidden in gas tank of vehicle,,hidden in gas tank of vehicle,
c17867a3-f7b3-4a00-8e80-65b4c336f99c,different_values,346,department/state,Mato Grosso do sul,Parana,mato grosso do sul,parana
c17867a3-f7b3-4a00-8e80-65b4c336f99c,different_values,346,municipality/port,Miranda,Presidente Castelo Branco,miranda,presidente castelo branco
c17867a3-f7b3-4a00-8e80-65b4c336f99c,different_values,346,description,"El 4 de junio de 2025, la Policía Rodoviaria Federal (PRF) de Brasil incautó 31 kilogramos de cocaína y 33 kilogramos de skunk durante una inspección en la carretera BR-262, en el municipio de Miranda, estado de Mato Grosso do Sul. La droga estaba oculta en los tanques de combustible de un camión Scania/T124.","El 4 de junio de 2025, la Policía Rodoviaria Federal (PRF) de Brasil incautó 92,8 kilogramos de pasta base de cocaína durante una inspección en la carretera BR-376, en el municipio de Presidente Castelo Branco, estado de Paraná. La droga estaba oculta en un compartimento de aluminio instalado bajo el piso de una camioneta",el 4 de junio de 2025 la policía rodoviaria federal (prf) de brasil incautó 31 kilogramos de cocaína y 33 kilogramos de skunk durante una inspección en la carretera br-262 en el municipio de miranda estado de mato grosso do sul la droga estaba oculta en los tanques de combustible de un camión scania/t124,el 4 de junio de 2025 la policía rodoviaria federal (prf) de brasil incautó 928 kilogramos de pasta base de cocaína durante una inspección en la carretera br-376 en el municipio de presidente castelo branco estado de paraná la droga estaba oculta en un compartimento de aluminio instalado bajo el piso de una camioneta
c17867a3-f7b3-4a00-8e80-65b4c336f99c,different_values,346,source_link,https://www.gov.br/prf/pt-br/noticias/estaduais/mato-grosso-do-sul/2025/junho/prf-apreende-cocaina-e-skunk-em-miranda-ms,https://www.gov.br/prf/pt-br/noticias/estaduais/parana/2025/junho/prf-apreende-mais-de-90-quilos-de-cocaina-em-presidente-castelo-branco-pr,https://wwwgovbr/prf/pt-br/noticias/estaduais/mato-grosso-do-sul/2025/junho/prf-apreende-cocaina-e-skunk-em-miranda-ms,https://wwwgovbr/prf/pt-br/noticias/estaduais/parana/2025/junho/prf-apreende-mais-de-90-quilos-de-cocaina-em-presidente-castelo-branco-pr
a9fee5d7-7f25-4054-bd95-5451cf65dcf2,different_values,347,date_1,2025-06-05,2025-06-04 00:00:00,2025-06-05,2025-06-04 00:00:00
a9fee5d7-7f25-4054-bd95-5451cf65dcf2,different_values,347,day,5,4,5,4
a9fee5d7-7f25-4054-bd95-5451cf65dcf2,different_values,347,drug_type,All/Unspecified/Multiple,Cocaine,all/unspecified/multiple,cocaine
a9fee5d7-7f25-4054-bd95-5451cf65dcf2,different_values,347,quantity,496.0,31.0,4960,310
a9fee5d7-7f25-4054-bd95-5451cf65dcf2,different_values,347,sub_modus_operandi,,hidden in gas tank of vehicle,,hidden in gas tank of vehicle
a9fee5d7-7f25-4054-bd95-5451cf65dcf2,different_values,347,department/state,Pará,Mato Grosso do sul,pará,mato grosso do sul
a9fee5d7-7f25-4054-bd95-5451cf65dcf2,different_values,347,municipality/port,Pau D’Arco,Miranda,pau d’arco,miranda
a9fee5d7-7f25-4054-bd95-5451cf65dcf2,different_values,347,description,"June 5, Brazil’s Federal Highway Police (PRF) seized over 496 kg of cocaine during a truck inspection in Pau D’Arco, Pará. The drugs—257.9 kg of cocaine hydrochloride and 238.7 kg of paste—were hidden among pineapples.","El 4 de junio de 2025, la Policía Rodoviaria Federal (PRF) de Brasil incautó 31 kilogramos de cocaína y 33 kilogramos de skunk durante una inspección en la carretera BR-262, en el municipio de Miranda, estado de Mato Grosso do Sul. La droga estaba oculta en los tanques de combustible de un camión Scania/T124.",june 5 brazil’s federal highway police (prf) seized over 496 kg of cocaine during a truck inspection in pau d’arco pará the drugs—2579 kg of cocaine hydrochloride and 2387 kg of paste—were hidden among pineapples,el 4 de junio de 2025 la policía rodoviaria federal (prf) de brasil incautó 31 kilogramos de cocaína y 33 kilogramos de skunk durante una inspección en la carretera br-262 en el municipio de miranda estado de mato grosso do sul la droga estaba oculta en los tanques de combustible de un camión scania/t124
a9fee5d7-7f25-4054-bd95-5451cf65dcf2,different_values,347,source_link,https://www.gov.br/prf/pt-br/noticias/estaduais/para/2025/junho/prf-apreende-quase-meia-tonelada-de-cocaina-em-caminhao-carregado-com-abacaxi-em-pau-d2019arco-pa,https://www.gov.br/prf/pt-br/noticias/estaduais/mato-grosso-do-sul/2025/junho/prf-apreende-cocaina-e-skunk-em-miranda-ms,https://wwwgovbr/prf/pt-br/noticias/estaduais/para/2025/junho/prf-apreende-quase-meia-tonelada-de-cocaina-em-caminhao-carregado-com-abacaxi-em-pau-d2019arco-pa,https://wwwgovbr/prf/pt-br/noticias/estaduais/mato-grosso-do-sul/2025/junho/prf-apreende-cocaina-e-skunk-em-miranda-ms
84698c30-9619-4cb0-beb3-ce085fa46f62,different_values,348,date_1,2025-06-05,2025-06-05 00:00:00,2025-06-05,2025-06-05 00:00:00
84698c30-9619-4cb0-beb3-ce085fa46f62,different_values,348,drug_type,Cocaine,All/Unspecified/Multiple,cocaine,all/unspecified/multiple
84698c30-9619-4cb0-beb3-ce085fa46f62,different_values,348,quantity,400.0,496.0,4000,4960
84698c30-9619-4cb0-beb3-ce085fa46f62,different_values,348,department/state,Sao Paulo,Pará,sao paulo,pará
84698c30-9619-4cb0-beb3-ce085fa46f62,different_values,348,municipality/port,São José do Rio Preto,Pau D’Arco,são josé do rio preto,pau d’arco
84698c30-9619-4cb0-beb3-ce085fa46f62,different_values,348,description,"the São Paulo State Highway Police (Polícia Rodoviária Estadual) seized over 400 kilograms of cocaine concealed in a false bottom of a semi-trailer during a routine inspection on the Washington Luís Highway (SP-310) in São José do Rio Preto, São Paulo, Brazil.","June 5, Brazil’s Federal Highway Police (PRF) seized over 496 kg of cocaine during a truck inspection in Pau D’Arco, Pará. The drugs—257.9 kg of cocaine hydrochloride and 238.7 kg of paste—were hidden among pineapples.",the são paulo state highway police (polícia rodoviária estadual) seized over 400 kilograms of cocaine concealed in a false bottom of a semi-trailer during a routine inspection on the washington luís highway (sp-310) in são josé do rio preto são paulo brazil,june 5 brazil’s federal highway police (prf) seized over 496 kg of cocaine during a truck inspection in pau d’arco pará the drugs—2579 kg of cocaine hydrochloride and 2387 kg of paste—were hidden among pineapples
84698c30-9619-4cb0-beb3-ce085fa46f62,different_values,348,source_link,https://g1.globo.com/sp/sao-jose-do-rio-preto-aracatuba/noticia/2025/06/05/policia-rodoviaria-apreende-mais-de-400-quilos-de-cocaina-escondidos-em-fundo-falso-de-carreta-em-rio-preto.ghtml ,https://www.gov.br/prf/pt-br/noticias/estaduais/para/2025/junho/prf-apreende-quase-meia-tonelada-de-cocaina-em-caminhao-carregado-com-abacaxi-em-pau-d2019arco-pa,https://g1globocom/sp/sao-jose-do-rio-preto-aracatuba/noticia/2025/06/05/policia-rodoviaria-apreende-mais-de-400-quilos-de-cocaina-escondidos-em-fundo-falso-de-carreta-em-rio-pretoghtml,https://wwwgovbr/prf/pt-br/noticias/estaduais/para/2025/junho/prf-apreende-quase-meia-tonelada-de-cocaina-em-caminhao-carregado-com-abacaxi-em-pau-d2019arco-pa
e3a7644d-1c42-4dba-937f-2910f5023098,different_values,349,date_1,2025-06-06,2025-06-05 00:00:00,2025-06-06,2025-06-05 00:00:00
e3a7644d-1c42-4dba-937f-2910f5023098,different_values,349,day,6,5,6,5
e3a7644d-1c42-4dba-937f-2910f5023098,different_values,349,quantity,,400.0,,4000
e3a7644d-1c42-4dba-937f-2910f5023098,different_values,349,weight_unit,,Kilogram,,kilogram
e3a7644d-1c42-4dba-937f-2910f5023098,different_values,349,region,Central America,South America,central america,south america
e3a7644d-1c42-4dba-937f-2910f5023098,different_values,349,country,Honduras,Brazil,honduras,brazil
e3a7644d-1c42-4dba-937f-2910f5023098,different_values,349,department/state,Yoro,Sao Paulo,yoro,sao paulo
e3a7644d-1c42-4dba-937f-2910f5023098,different_values,349,municipality/port,Morazán,São José do Rio Preto,morazán,são josé do rio preto
e3a7644d-1c42-4dba-937f-2910f5023098,different_values,349,description,"Honduran authorities discovered $7,000 in cash and several small bags of cocaine hidden in a modified compartment of a vehicle seized in Morazán, Yoro department","the São Paulo State Highway Police (Polícia Rodoviária Estadual) seized over 400 kilograms of cocaine concealed in a false bottom of a semi-trailer during a routine inspection on the Washington Luís Highway (SP-310) in São José do Rio Preto, São Paulo, Brazil.",honduran authorities discovered $7000 in cash and several small bags of cocaine hidden in a modified compartment of a vehicle seized in morazán yoro department,the são paulo state highway police (polícia rodoviária estadual) seized over 400 kilograms of cocaine concealed in a false bottom of a semi-trailer during a routine inspection on the washington luís highway (sp-310) in são josé do rio preto são paulo brazil
e3a7644d-1c42-4dba-937f-2910f5023098,different_values,349,source_link,https://proceso.hn/hallan-7-mil-y-cocaina-en-vehiculo-decomisado-en-yoro/,https://g1.globo.com/sp/sao-jose-do-rio-preto-aracatuba/noticia/2025/06/05/policia-rodoviaria-apreende-mais-de-400-quilos-de-cocaina-escondidos-em-fundo-falso-de-carreta-em-rio-preto.ghtml ,https://procesohn/hallan-7-mil-y-cocaina-en-vehiculo-decomisado-en-yoro/,https://g1globocom/sp/sao-jose-do-rio-preto-aracatuba/noticia/2025/06/05/policia-rodoviaria-apreende-mais-de-400-quilos-de-cocaina-escondidos-em-fundo-falso-de-carreta-em-rio-pretoghtml
e3a7644d-1c42-4dba-937f-2910f5023098,different_values,349,archived_link,Archived Link - Honduras,Archived Link - Brazil,archived link - honduras,archived link - brazil
b30a0db6-3f95-4ce5-acb1-f29eff654d4c,different_values,350,date_1,2025-06-05,2025-06-06 00:00:00,2025-06-05,2025-06-06 00:00:00
b30a0db6-3f95-4ce5-acb1-f29eff654d4c,different_values,350,day,5,6,5,6
b30a0db6-3f95-4ce5-acb1-f29eff654d4c,different_values,350,quantity,161.0,7000.0,1610,70000
b30a0db6-3f95-4ce5-acb1-f29eff654d4c,different_values,350,weight_unit,Kilogram,USD,kilogram,usd
b30a0db6-3f95-4ce5-acb1-f29eff654d4c,different_values,350,region,South America,Central America,south america,central america
b30a0db6-3f95-4ce5-acb1-f29eff654d4c,different_values,350,country,Argentina,Honduras,argentina,honduras
b30a0db6-3f95-4ce5-acb1-f29eff654d4c,different_values,350,department/state,Salta,Yoro,salta,yoro
b30a0db6-3f95-4ce5-acb1-f29eff654d4c,different_values,350,municipality/port, Aguaray,Morazán,aguaray,morazán
b30a0db6-3f95-4ce5-acb1-f29eff654d4c,different_values,350,description,Dos gendarmes imputados por transporte de 161 kilos de cocaína en aguaray,"Honduran authorities discovered $7,000 in cash and several small bags of cocaine hidden in a modified compartment of a vehicle seized in Morazán, Yoro department",dos gendarmes imputados por transporte de 161 kilos de cocaína en aguaray,honduran authorities discovered $7000 in cash and several small bags of cocaine hidden in a modified compartment of a vehicle seized in morazán yoro department
b30a0db6-3f95-4ce5-acb1-f29eff654d4c,different_values,350,source_link,https://www.eltribuno.com/policiales/2025-6-6-0-0-0-dos-gendarmes-imputados-por-transporte-de-161-kilos-de-cocaina,https://proceso.hn/hallan-7-mil-y-cocaina-en-vehiculo-decomisado-en-yoro/,https://wwweltribunocom/policiales/2025-6-6-0-0-0-dos-gendarmes-imputados-por-transporte-de-161-kilos-de-cocaina,https://procesohn/hallan-7-mil-y-cocaina-en-vehiculo-decomisado-en-yoro/
b30a0db6-3f95-4ce5-acb1-f29eff654d4c,different_values,350,archived_link,Archived Link - Argentina,Archived Link - Honduras,archived link - argentina,archived link - honduras
709d74f2-44c5-49c4-86a6-960cbe9a2576,different_values,351,date_1,2025-06-04,2025-06-05 00:00:00,2025-06-04,2025-06-05 00:00:00
709d74f2-44c5-49c4-86a6-960cbe9a2576,different_values,351,day,4,5,4,5
709d74f2-44c5-49c4-86a6-960cbe9a2576,different_values,351,quantity,1500.0,161.0,15000,1610
709d74f2-44c5-49c4-86a6-960cbe9a2576,different_values,351,modus_operandi/place_seizure,Maritime vessel,Land,maritime vessel,land
709d74f2-44c5-49c4-86a6-960cbe9a2576,different_values,351,country,Ecuador,Argentina,ecuador,argentina
709d74f2-44c5-49c4-86a6-960cbe9a2576,different_values,351,department/state,Galapagos,Salta,galapagos,salta
709d74f2-44c5-49c4-86a6-960cbe9a2576,different_values,351,municipality/port,San Cristobal, Aguaray,san cristobal,aguaray
709d74f2-44c5-49c4-86a6-960cbe9a2576,different_values,351,destination_1_country,United States,,united states,
709d74f2-44c5-49c4-86a6-960cbe9a2576,different_values,351,description,"June 4, 2025, Ecuadorian authorities intercepted two fiber boats near San Cristóbal Island in the Galápagos, seizing 1.5 tons of cocaine valued at approximately $45 million in the U.S. market.",Dos gendarmes imputados por transporte de 161 kilos de cocaína en aguaray,june 4 2025 ecuadorian authorities intercepted two fiber boats near san cristóbal island in the galápagos seizing 15 tons of cocaine valued at approximately $45 million in the us market,dos gendarmes imputados por transporte de 161 kilos de cocaína en aguaray
709d74f2-44c5-49c4-86a6-960cbe9a2576,different_values,351,source_link,https://www.eltelegrafo.com.ec/noticias/seguridad/44/bloque-seguridad-decomisa-droga-galapagos,https://www.eltribuno.com/policiales/2025-6-6-0-0-0-dos-gendarmes-imputados-por-transporte-de-161-kilos-de-cocaina,https://wwweltelegrafocomec/noticias/seguridad/44/bloque-seguridad-decomisa-droga-galapagos,https://wwweltribunocom/policiales/2025-6-6-0-0-0-dos-gendarmes-imputados-por-transporte-de-161-kilos-de-cocaina
709d74f2-44c5-49c4-86a6-960cbe9a2576,different_values,351,archived_link,Archived Link - Ecuador,Archived Link - Argentina,archived link - ecuador,archived link - argentina
8cd5321b-16ac-45ae-95b1-f538e0b91485,different_values,352,date_1,2025-06-02,2025-06-04 00:00:00,2025-06-02,2025-06-04 00:00:00
8cd5321b-16ac-45ae-95b1-f538e0b91485,different_values,352,day,2,4,2,4
8cd5321b-16ac-45ae-95b1-f538e0b91485,different_values,352,quantity,105.7,1500.0,1057,15000
8cd5321b-16ac-45ae-95b1-f538e0b91485,different_values,352,modus_operandi/place_seizure,Land,Maritime vessel,land,maritime vessel
8cd5321b-16ac-45ae-95b1-f538e0b91485,different_values,352,country,Brazil,Ecuador,brazil,ecuador
8cd5321b-16ac-45ae-95b1-f538e0b91485,different_values,352,department/state,Sao Paulo,Galapagos,sao paulo,galapagos
8cd5321b-16ac-45ae-95b1-f538e0b91485,different_values,352,municipality/port,Praia Grande,San Cristobal,praia grande,san cristobal
8cd5321b-16ac-45ae-95b1-f538e0b91485,different_values,352,destination_1_country,,United States,,united states
8cd5321b-16ac-45ae-95b1-f538e0b91485,different_values,352,description,"The Civil Police found 105.7 kg of cocaine inside a warehouse and arrested a 53-year-old man during an operation in Praia Grande , on the coast of São Paulo.","June 4, 2025, Ecuadorian authorities intercepted two fiber boats near San Cristóbal Island in the Galápagos, seizing 1.5 tons of cocaine valued at approximately $45 million in the U.S. market.",the civil police found 1057 kg of cocaine inside a warehouse and arrested a 53-year-old man during an operation in praia grande  on the coast of são paulo,june 4 2025 ecuadorian authorities intercepted two fiber boats near san cristóbal island in the galápagos seizing 15 tons of cocaine valued at approximately $45 million in the us market
8cd5321b-16ac-45ae-95b1-f538e0b91485,different_values,352,source_link,https://g1.globo.com/sp/santos-regiao/noticia/2025/06/03/policia-civil-apreende-mais-de-100-kg-de-cocaina-em-galpao-e-desarticula-rota-de-trafico-entre-capital-e-o-litoral-de-sp-video.ghtml,https://www.eltelegrafo.com.ec/noticias/seguridad/44/bloque-seguridad-decomisa-droga-galapagos,https://g1globocom/sp/santos-regiao/noticia/2025/06/03/policia-civil-apreende-mais-de-100-kg-de-cocaina-em-galpao-e-desarticula-rota-de-trafico-entre-capital-e-o-litoral-de-sp-videoghtml,https://wwweltelegrafocomec/noticias/seguridad/44/bloque-seguridad-decomisa-droga-galapagos
8cd5321b-16ac-45ae-95b1-f538e0b91485,different_values,352,archived_link,Archived Link - Brazil,Archived Link - Ecuador,archived link - brazil,archived link - ecuador
3e3b8c92-ebcf-4213-917b-4cc9abe5571a,different_values,353,date_1,2025-05-27,2025-06-02 00:00:00,2025-05-27,2025-06-02 00:00:00
3e3b8c92-ebcf-4213-917b-4cc9abe5571a,different_values,353,month,5,6,5,6
3e3b8c92-ebcf-4213-917b-4cc9abe5571a,different_values,353,day,27,2,27,2
3e3b8c92-ebcf-4213-917b-4cc9abe5571a,different_values,353,drug_type,Cocaine Base,Cocaine,cocaine base,cocaine
3e3b8c92-ebcf-4213-917b-4cc9abe5571a,different_values,353,quantity,18.0,105.7,180,1057
3e3b8c92-ebcf-4213-917b-4cc9abe5571a,different_values,353,country,Argentina,Brazil,argentina,brazil
3e3b8c92-ebcf-4213-917b-4cc9abe5571a,different_values,353,department/state,Salta,Sao Paulo,salta,sao paulo
3e3b8c92-ebcf-4213-917b-4cc9abe5571a,different_values,353,municipality/port,Pocitos,Praia Grande,pocitos,praia grande
3e3b8c92-ebcf-4213-917b-4cc9abe5571a,different_values,353,description,"El 27 de mayo de 2025, en el paso fronterizo de Pocitos (Salta, Argentina), Aduana detuvo a un camionero boliviano y confiscó 18,910 kg de pasta base de cocaína ocultos en una caja de herramientas de su camión cisterna","The Civil Police found 105.7 kg of cocaine inside a warehouse and arrested a 53-year-old man during an operation in Praia Grande , on the coast of São Paulo.",el 27 de mayo de 2025 en el paso fronterizo de pocitos (salta argentina) aduana detuvo a un camionero boliviano y confiscó 18910 kg de pasta base de cocaína ocultos en una caja de herramientas de su camión cisterna,the civil police found 1057 kg of cocaine inside a warehouse and arrested a 53-year-old man during an operation in praia grande  on the coast of são paulo
3e3b8c92-ebcf-4213-917b-4cc9abe5571a,different_values,353,source_link,https://www.eltribuno.com/policiales/2025-5-27-14-4-0-incautan-mas-de-18-kilos-de-pasta-base-en-pocitos-un-camionero-detenido,https://g1.globo.com/sp/santos-regiao/noticia/2025/06/03/policia-civil-apreende-mais-de-100-kg-de-cocaina-em-galpao-e-desarticula-rota-de-trafico-entre-capital-e-o-litoral-de-sp-video.ghtml,https://wwweltribunocom/policiales/2025-5-27-14-4-0-incautan-mas-de-18-kilos-de-pasta-base-en-pocitos-un-camionero-detenido,https://g1globocom/sp/santos-regiao/noticia/2025/06/03/policia-civil-apreende-mais-de-100-kg-de-cocaina-em-galpao-e-desarticula-rota-de-trafico-entre-capital-e-o-litoral-de-sp-videoghtml
3e3b8c92-ebcf-4213-917b-4cc9abe5571a,different_values,353,archived_link,Archived Link - Argentina,Archived Link - Brazil,archived link - argentina,archived link - brazil
85fc7834-1094-46b7-84e3-5fa605a11bc6,different_values,354,date_1,2025-05-24,2025-05-27 00:00:00,2025-05-24,2025-05-27 00:00:00
85fc7834-1094-46b7-84e3-5fa605a11bc6,different_values,354,day,24,27,24,27
85fc7834-1094-46b7-84e3-5fa605a11bc6,different_values,354,drug_type,Cocaine,Cocaine Base,cocaine,cocaine base
85fc7834-1094-46b7-84e3-5fa605a11bc6,different_values,354,quantity,200.0,18.0,2000,180
85fc7834-1094-46b7-84e3-5fa605a11bc6,different_values,354,country,Brazil,Argentina,brazil,argentina
85fc7834-1094-46b7-84e3-5fa605a11bc6,different_values,354,department/state,Pará,Salta,pará,salta
85fc7834-1094-46b7-84e3-5fa605a11bc6,different_values,354,municipality/port,Barcarena,Pocitos,barcarena,pocitos
85fc7834-1094-46b7-84e3-5fa605a11bc6,different_values,354,description,"Three men were arrested in flagrante delicto and around 200 kilos of cocaine were seized by the Civil Police during an operation carried out on Friday (23), on a rural property in Vila Arienga, in Barcarena, state of para","El 27 de mayo de 2025, en el paso fronterizo de Pocitos (Salta, Argentina), Aduana detuvo a un camionero boliviano y confiscó 18,910 kg de pasta base de cocaína ocultos en una caja de herramientas de su camión cisterna",three men were arrested in flagrante delicto and around 200 kilos of cocaine were seized by the civil police during an operation carried out on friday (23) on a rural property in vila arienga in barcarena state of para,el 27 de mayo de 2025 en el paso fronterizo de pocitos (salta argentina) aduana detuvo a un camionero boliviano y confiscó 18910 kg de pasta base de cocaína ocultos en una caja de herramientas de su camión cisterna
85fc7834-1094-46b7-84e3-5fa605a11bc6,different_values,354,source_link,https://g1.globo.com/pa/para/noticia/2025/05/24/trio-de-sao-paulo-e-flagrado-com-200-kg-de-cocaina-em-propriedade-rural-no-para.ghtml,https://www.eltribuno.com/policiales/2025-5-27-14-4-0-incautan-mas-de-18-kilos-de-pasta-base-en-pocitos-un-camionero-detenido,https://g1globocom/pa/para/noticia/2025/05/24/trio-de-sao-paulo-e-flagrado-com-200-kg-de-cocaina-em-propriedade-rural-no-paraghtml,https://wwweltribunocom/policiales/2025-5-27-14-4-0-incautan-mas-de-18-kilos-de-pasta-base-en-pocitos-un-camionero-detenido
85fc7834-1094-46b7-84e3-5fa605a11bc6,different_values,354,archived_link,Archived Link - Brazil,Archived Link - Argentina,archived link - brazil,archived link - argentina
bf586cdd-275c-4a8b-8d56-1b562a46513c,different_values,355,date_1,2025-05-24,2025-05-24 00:00:00,2025-05-24,2025-05-24 00:00:00
bf586cdd-275c-4a8b-8d56-1b562a46513c,different_values,355,quantity,1273.0,200.0,12730,2000
bf586cdd-275c-4a8b-8d56-1b562a46513c,different_values,355,weight_unit,Other (explain in Description),Kilogram,other (explain in description),kilogram
bf586cdd-275c-4a8b-8d56-1b562a46513c,different_values,355,department/state,Minas Gerais,Pará,minas gerais,pará
bf586cdd-275c-4a8b-8d56-1b562a46513c,different_values,355,municipality/port,Sabinopolis,Barcarena,sabinopolis,barcarena
bf586cdd-275c-4a8b-8d56-1b562a46513c,different_values,355,description,"El 24 de mayo de 2025, en Sabinópolis (Minas Gerais, Brasil), la Policía Militar incautó 1.273 pinos (pellets) de cocaína durante un operativo en el centro de la ciudad, que derivó en la detención de una pareja vinculada al microtráfico","Three men were arrested in flagrante delicto and around 200 kilos of cocaine were seized by the Civil Police during an operation carried out on Friday (23), on a rural property in Vila Arienga, in Barcarena, state of para",el 24 de mayo de 2025 en sabinópolis (minas gerais brasil) la policía militar incautó 1273 pinos (pellets) de cocaína durante un operativo en el centro de la ciudad que derivó en la detención de una pareja vinculada al microtráfico,three men were arrested in flagrante delicto and around 200 kilos of cocaine were seized by the civil police during an operation carried out on friday (23) on a rural property in vila arienga in barcarena state of para
bf586cdd-275c-4a8b-8d56-1b562a46513c,different_values,355,source_link, https://g1.globo.com/mg/vales-mg/noticia/2025/05/24/mais-de-mil-pinos-de-cocaina-e-oito-barras-de-maconha-sao-apreendidos-pela-policia-militar-em-sabinopolis-casal-foi-preso.ghtml ,https://g1.globo.com/pa/para/noticia/2025/05/24/trio-de-sao-paulo-e-flagrado-com-200-kg-de-cocaina-em-propriedade-rural-no-para.ghtml,https://g1globocom/mg/vales-mg/noticia/2025/05/24/mais-de-mil-pinos-de-cocaina-e-oito-barras-de-maconha-sao-apreendidos-pela-policia-militar-em-sabinopolis-casal-foi-presoghtml,https://g1globocom/pa/para/noticia/2025/05/24/trio-de-sao-paulo-e-flagrado-com-200-kg-de-cocaina-em-propriedade-rural-no-paraghtml
14e05dd8-23a2-40ad-ab98-6d0040a649c1,different_values,356,date_1,2025-05-24,2025-05-24 00:00:00,2025-05-24,2025-05-24 00:00:00
14e05dd8-23a2-40ad-ab98-6d0040a649c1,different_values,356,quantity,0.293,1273.0,0293,12730
14e05dd8-23a2-40ad-ab98-6d0040a649c1,different_values,356,weight_unit,Kilogram,Other (explain in Description),kilogram,other (explain in description)
14e05dd8-23a2-40ad-ab98-6d0040a649c1,different_values,356,department/state,Sao Paulo,Minas Gerais,sao paulo,minas gerais
14e05dd8-23a2-40ad-ab98-6d0040a649c1,different_values,356,municipality/port,Presidente Presente,Sabinopolis,presidente presente,sabinopolis
14e05dd8-23a2-40ad-ab98-6d0040a649c1,different_values,356,description,"En Presidente Prudente (São Paulo, Brasil), la Policía Militar arrestó a un joven de 22 años tras una persecución vehicular. Durante el control encontraron 61 envoltorios de cocaína y un tijolo oculta en la cintura, totalizando aproximadamente 293 gramos.","El 24 de mayo de 2025, en Sabinópolis (Minas Gerais, Brasil), la Policía Militar incautó 1.273 pinos (pellets) de cocaína durante un operativo en el centro de la ciudad, que derivó en la detención de una pareja vinculada al microtráfico",en presidente prudente (são paulo brasil) la policía militar arrestó a un joven de 22 años tras una persecución vehicular durante el control encontraron 61 envoltorios de cocaína y un tijolo oculta en la cintura totalizando aproximadamente 293 gramos,el 24 de mayo de 2025 en sabinópolis (minas gerais brasil) la policía militar incautó 1273 pinos (pellets) de cocaína durante un operativo en el centro de la ciudad que derivó en la detención de una pareja vinculada al microtráfico
14e05dd8-23a2-40ad-ab98-6d0040a649c1,different_values,356,source_link,https://g1.globo.com/sp/presidente-prudente-regiao/noticia/2025/05/24/apos-perseguicao-policial-pela-avenida-salim-farah-maluf-jovem-e-preso-com-porcoes-de-cocaina-em-presidente-prudente.ghtml, https://g1.globo.com/mg/vales-mg/noticia/2025/05/24/mais-de-mil-pinos-de-cocaina-e-oito-barras-de-maconha-sao-apreendidos-pela-policia-militar-em-sabinopolis-casal-foi-preso.ghtml ,https://g1globocom/sp/presidente-prudente-regiao/noticia/2025/05/24/apos-perseguicao-policial-pela-avenida-salim-farah-maluf-jovem-e-preso-com-porcoes-de-cocaina-em-presidente-prudenteghtml,https://g1globocom/mg/vales-mg/noticia/2025/05/24/mais-de-mil-pinos-de-cocaina-e-oito-barras-de-maconha-sao-apreendidos-pela-policia-militar-em-sabinopolis-casal-foi-presoghtml
1bca1e7a-1099-4d6c-9f3c-466158a43dbe,different_values,357,date_1,2025-05-18,2025-05-24 00:00:00,2025-05-18,2025-05-24 00:00:00
1bca1e7a-1099-4d6c-9f3c-466158a43dbe,different_values,357,day,18,24,18,24
1bca1e7a-1099-4d6c-9f3c-466158a43dbe,different_values,357,quantity,45.0,0.293,450,0293
1bca1e7a-1099-4d6c-9f3c-466158a43dbe,different_values,357,weight_unit,Package,Kilogram,package,kilogram
1bca1e7a-1099-4d6c-9f3c-466158a43dbe,different_values,357,region,North America,South America,north america,south america
1bca1e7a-1099-4d6c-9f3c-466158a43dbe,different_values,357,country,Mexico,Brazil,mexico,brazil
1bca1e7a-1099-4d6c-9f3c-466158a43dbe,different_values,357,department/state,Quintana Roo,Sao Paulo,quintana roo,sao paulo
1bca1e7a-1099-4d6c-9f3c-466158a43dbe,different_values,357,municipality/port,Playa del Carmen,Presidente Presente,playa del carmen,presidente presente
1bca1e7a-1099-4d6c-9f3c-466158a43dbe,different_values,357,description,"Aseguran 45 paquetes con cocaína en Playa del Carmen, Quintana Roo; estaban sellados con la leyenda ""CR7""","En Presidente Prudente (São Paulo, Brasil), la Policía Militar arrestó a un joven de 22 años tras una persecución vehicular. Durante el control encontraron 61 envoltorios de cocaína y un tijolo oculta en la cintura, totalizando aproximadamente 293 gramos.","aseguran 45 paquetes con cocaína en playa del carmen quintana roo; estaban sellados con la leyenda ""cr7""",en presidente prudente (são paulo brasil) la policía militar arrestó a un joven de 22 años tras una persecución vehicular durante el control encontraron 61 envoltorios de cocaína y un tijolo oculta en la cintura totalizando aproximadamente 293 gramos
1bca1e7a-1099-4d6c-9f3c-466158a43dbe,different_values,357,source_link,https://www.eluniversal.com.mx/nacion/aseguran-45-paquetes-con-cocaina-en-playa-del-carmen-quintana-roo-estaban-sellados-con-la-leyenda-cr7/,https://g1.globo.com/sp/presidente-prudente-regiao/noticia/2025/05/24/apos-perseguicao-policial-pela-avenida-salim-farah-maluf-jovem-e-preso-com-porcoes-de-cocaina-em-presidente-prudente.ghtml,https://wwweluniversalcommx/nacion/aseguran-45-paquetes-con-cocaina-en-playa-del-carmen-quintana-roo-estaban-sellados-con-la-leyenda-cr7/,https://g1globocom/sp/presidente-prudente-regiao/noticia/2025/05/24/apos-perseguicao-policial-pela-avenida-salim-farah-maluf-jovem-e-preso-com-porcoes-de-cocaina-em-presidente-prudenteghtml
1bca1e7a-1099-4d6c-9f3c-466158a43dbe,different_values,357,archived_link,Archived Link - Mexico,Archived Link - Brazil,archived link - mexico,archived link - brazil
b22fb595-b7bb-4ec8-86ab-52522b0ac653,different_values,358,date_1,2025-05-16,2025-05-18 00:00:00,2025-05-16,2025-05-18 00:00:00
b22fb595-b7bb-4ec8-86ab-52522b0ac653,different_values,358,day,16,18,16,18
b22fb595-b7bb-4ec8-86ab-52522b0ac653,different_values,358,quantity,989000.0,45.0,9890000,450
b22fb595-b7bb-4ec8-86ab-52522b0ac653,different_values,358,weight_unit,USD,Package,usd,package
b22fb595-b7bb-4ec8-86ab-52522b0ac653,different_values,358,country,United States,Mexico,united states,mexico
b22fb595-b7bb-4ec8-86ab-52522b0ac653,different_values,358,department/state,Texas,Quintana Roo,texas,quintana roo
b22fb595-b7bb-4ec8-86ab-52522b0ac653,different_values,358,municipality/port,Hidalgo International Bridge,Playa del Carmen,hidalgo international bridge,playa del carmen
b22fb595-b7bb-4ec8-86ab-52522b0ac653,different_values,358,transit_1_region,North America,,north america,
b22fb595-b7bb-4ec8-86ab-52522b0ac653,different_values,358,transit_1_country,Mexico,,mexico,
b22fb595-b7bb-4ec8-86ab-52522b0ac653,different_values,358,destination_1_country,United States,,united states,
b22fb595-b7bb-4ec8-86ab-52522b0ac653,different_values,358,description,"On May 16, 2025, U.S. Customs and Border Protection (CBP) officers at the Hidalgo International Bridge intercepted 28 packages of cocaine totaling 74.07 lb (33.6 kg) hidden inside a 2002 Ford Ranger crossing from Mexico into the U.S. The narcotics were discovered using non‑intrusive scanning and a canine team and are valued at about $989,000","Aseguran 45 paquetes con cocaína en Playa del Carmen, Quintana Roo; estaban sellados con la leyenda ""CR7""",on may 16 2025 us customs and border protection (cbp) officers at the hidalgo international bridge intercepted 28 packages of cocaine totaling 7407 lb (336 kg) hidden inside a 2002 ford ranger crossing from mexico into the us the narcotics were discovered using non‑intrusive scanning and a canine team and are valued at about $989000,"aseguran 45 paquetes con cocaína en playa del carmen quintana roo; estaban sellados con la leyenda ""cr7"""
b22fb595-b7bb-4ec8-86ab-52522b0ac653,different_values,358,source_link,https://www.cbp.gov/newsroom/local-media-release/cbp-officers-seize-989k-cocaine-hidalgo-international-bridge ,https://www.eluniversal.com.mx/nacion/aseguran-45-paquetes-con-cocaina-en-playa-del-carmen-quintana-roo-estaban-sellados-con-la-leyenda-cr7/,https://wwwcbpgov/newsroom/local-media-release/cbp-officers-seize-989k-cocaine-hidalgo-international-bridge,https://wwweluniversalcommx/nacion/aseguran-45-paquetes-con-cocaina-en-playa-del-carmen-quintana-roo-estaban-sellados-con-la-leyenda-cr7/
b22fb595-b7bb-4ec8-86ab-52522b0ac653,different_values,358,archived_link,Archived Link - United States,Archived Link - Mexico,archived link - united states,archived link - mexico
e437db00-801d-4362-9776-da7bd476aaf6,different_values,359,date_1,2025-05-19,2025-05-16 00:00:00,2025-05-19,2025-05-16 00:00:00
e437db00-801d-4362-9776-da7bd476aaf6,different_values,359,day,19,16,19,16
e437db00-801d-4362-9776-da7bd476aaf6,different_values,359,quantity,956000.0,989000.0,9560000,9890000
e437db00-801d-4362-9776-da7bd476aaf6,different_values,359,municipality/port,Rio Grande,Hidalgo International Bridge,rio grande,hidalgo international bridge
e437db00-801d-4362-9776-da7bd476aaf6,different_values,359,description,"On May 19, 2025, at the Rio Grande City International Bridge (Texas), U.S. Customs and Border Protection officers intercepted a tractor-trailer on secondary inspection & discovered 31 packages of cocaine, weighing a total of 69.44 pounds (≈31.5 kg).","On May 16, 2025, U.S. Customs and Border Protection (CBP) officers at the Hidalgo International Bridge intercepted 28 packages of cocaine totaling 74.07 lb (33.6 kg) hidden inside a 2002 Ford Ranger crossing from Mexico into the U.S. The narcotics were discovered using non‑intrusive scanning and a canine team and are valued at about $989,000",on may 19 2025 at the rio grande city international bridge (texas) us customs and border protection officers intercepted a tractor-trailer on secondary inspection & discovered 31 packages of cocaine weighing a total of 6944 pounds (≈315 kg),on may 16 2025 us customs and border protection (cbp) officers at the hidalgo international bridge intercepted 28 packages of cocaine totaling 7407 lb (336 kg) hidden inside a 2002 ford ranger crossing from mexico into the us the narcotics were discovered using non‑intrusive scanning and a canine team and are valued at about $989000
e437db00-801d-4362-9776-da7bd476aaf6,different_values,359,source_link,https://www.cbp.gov/newsroom/local-media-release/cbp-officers-seize-956k-cocaine-rio-grande-city-port-entry,https://www.cbp.gov/newsroom/local-media-release/cbp-officers-seize-989k-cocaine-hidalgo-international-bridge ,https://wwwcbpgov/newsroom/local-media-release/cbp-officers-seize-956k-cocaine-rio-grande-city-port-entry,https://wwwcbpgov/newsroom/local-media-release/cbp-officers-seize-989k-cocaine-hidalgo-international-bridge
7caaa819-ed7d-4060-9004-f0c1b9e2ed34,different_values,360,date_1,2025-05-18,2025-05-19 00:00:00,2025-05-18,2025-05-19 00:00:00
7caaa819-ed7d-4060-9004-f0c1b9e2ed34,different_values,360,day,18,19,18,19
7caaa819-ed7d-4060-9004-f0c1b9e2ed34,different_values,360,quantity,31.0,956000.0,310,9560000
7caaa819-ed7d-4060-9004-f0c1b9e2ed34,different_values,360,weight_unit,Package,USD,package,usd
7caaa819-ed7d-4060-9004-f0c1b9e2ed34,different_values,360,modus_operandi/place_seizure,Maritime vessel,Land,maritime vessel,land
7caaa819-ed7d-4060-9004-f0c1b9e2ed34,different_values,360,region,South America,North America,south america,north america
7caaa819-ed7d-4060-9004-f0c1b9e2ed34,different_values,360,country,Ecuador,United States,ecuador,united states
7caaa819-ed7d-4060-9004-f0c1b9e2ed34,different_values,360,department/state,Santa Elena,Texas,santa elena,texas
7caaa819-ed7d-4060-9004-f0c1b9e2ed34,different_values,360,municipality/port,,Rio Grande,,rio grande
7caaa819-ed7d-4060-9004-f0c1b9e2ed34,different_values,360,transit_1_region,,North America,,north america
7caaa819-ed7d-4060-9004-f0c1b9e2ed34,different_values,360,transit_1_country,,Mexico,,mexico
7caaa819-ed7d-4060-9004-f0c1b9e2ed34,different_values,360,destination_1_country,,United States,,united states
7caaa819-ed7d-4060-9004-f0c1b9e2ed34,different_values,360,description,"On May 18, 2025, Ecuador's Coast Guard intercepted a fiberglass boat off the coast of Santa Elena province (on Ecuador's mainland Pacific coast) and seized an estimated 1.5 tons of cocaine packed in 31 sacks. It is presumed that the boat was bound for Central America.","On May 19, 2025, at the Rio Grande City International Bridge (Texas), U.S. Customs and Border Protection officers intercepted a tractor-trailer on secondary inspection & discovered 31 packages of cocaine, weighing a total of 69.44 pounds (≈31.5 kg).",on may 18 2025 ecuador's coast guard intercepted a fiberglass boat off the coast of santa elena province (on ecuador's mainland pacific coast) and seized an estimated 15 tons of cocaine packed in 31 sacks it is presumed that the boat was bound for central america,on may 19 2025 at the rio grande city international bridge (texas) us customs and border protection officers intercepted a tractor-trailer on secondary inspection & discovered 31 packages of cocaine weighing a total of 6944 pounds (≈315 kg)
7caaa819-ed7d-4060-9004-f0c1b9e2ed34,different_values,360,source_link,https://www.ecuavisa.com/noticias/seguridad/santa-elena-detenidos-droga-lancha-altamar-EC9361503,https://www.cbp.gov/newsroom/local-media-release/cbp-officers-seize-956k-cocaine-rio-grande-city-port-entry,https://wwwecuavisacom/noticias/seguridad/santa-elena-detenidos-droga-lancha-altamar-ec9361503,https://wwwcbpgov/newsroom/local-media-release/cbp-officers-seize-956k-cocaine-rio-grande-city-port-entry
7caaa819-ed7d-4060-9004-f0c1b9e2ed34,different_values,360,archived_link,Archived Link - Ecuador,Archived Link - United States,archived link - ecuador,archived link - united states
83366dce-9f05-4560-9e41-4fb3cdfa0a56,different_values,361,date_1,2025-05-17,2025-05-18 00:00:00,2025-05-17,2025-05-18 00:00:00
83366dce-9f05-4560-9e41-4fb3cdfa0a56,different_values,361,day,17,18,17,18
83366dce-9f05-4560-9e41-4fb3cdfa0a56,different_values,361,quantity,322.0,31.0,3220,310
83366dce-9f05-4560-9e41-4fb3cdfa0a56,different_values,361,weight_unit,Kilogram,Package,kilogram,package
83366dce-9f05-4560-9e41-4fb3cdfa0a56,different_values,361,department/state,Esmeraldas,Santa Elena,esmeraldas,santa elena
83366dce-9f05-4560-9e41-4fb3cdfa0a56,different_values,361,description,"On May 17, 2025, Ecuadorian police raided a house in the San Martín de Porres neighborhood of Esmeraldas, seizing 322 kg of cocaine and sophisticated diving equipment—buoyancy gear, oxygen tanks, fins—purportedly used to attach the drugs to ship hulls at the port.","On May 18, 2025, Ecuador's Coast Guard intercepted a fiberglass boat off the coast of Santa Elena province (on Ecuador's mainland Pacific coast) and seized an estimated 1.5 tons of cocaine packed in 31 sacks. It is presumed that the boat was bound for Central America.",on may 17 2025 ecuadorian police raided a house in the san martín de porres neighborhood of esmeraldas seizing 322 kg of cocaine and sophisticated diving equipment—buoyancy gear oxygen tanks fins—purportedly used to attach the drugs to ship hulls at the port,on may 18 2025 ecuador's coast guard intercepted a fiberglass boat off the coast of santa elena province (on ecuador's mainland pacific coast) and seized an estimated 15 tons of cocaine packed in 31 sacks it is presumed that the boat was bound for central america
83366dce-9f05-4560-9e41-4fb3cdfa0a56,different_values,361,source_link,https://www.ecuavisa.com/noticias/seguridad/cocaina-cascos-buques-esmeraldas-buzos-AB9355222,https://www.ecuavisa.com/noticias/seguridad/santa-elena-detenidos-droga-lancha-altamar-EC9361503,https://wwwecuavisacom/noticias/seguridad/cocaina-cascos-buques-esmeraldas-buzos-ab9355222,https://wwwecuavisacom/noticias/seguridad/santa-elena-detenidos-droga-lancha-altamar-ec9361503
d08a7058-1b54-49d6-ba8c-0c1be494fee7,different_values,362,date_1,2025-05-24,2025-05-17 00:00:00,2025-05-24,2025-05-17 00:00:00
d08a7058-1b54-49d6-ba8c-0c1be494fee7,different_values,362,day,24,17,24,17
d08a7058-1b54-49d6-ba8c-0c1be494fee7,different_values,362,quantity,59.0,322.0,590,3220
d08a7058-1b54-49d6-ba8c-0c1be494fee7,different_values,362,modus_operandi/place_seizure,Land,Maritime vessel,land,maritime vessel
d08a7058-1b54-49d6-ba8c-0c1be494fee7,different_values,362,region,Europe,South America,europe,south america
d08a7058-1b54-49d6-ba8c-0c1be494fee7,different_values,362,country,Spain,Ecuador,spain,ecuador
d08a7058-1b54-49d6-ba8c-0c1be494fee7,different_values,362,department/state,Valladolid,Esmeraldas,valladolid,esmeraldas
d08a7058-1b54-49d6-ba8c-0c1be494fee7,different_values,362,description,"in Valladolid, Spain, the National Police dismantled Operation Churruca, the province’s largest narcotics and money‑laundering ring to date. They arrested 19 individuals and seized 59 kg of high‑purity cocaine, along with luxury vehicles, weapons, and ammunition","On May 17, 2025, Ecuadorian police raided a house in the San Martín de Porres neighborhood of Esmeraldas, seizing 322 kg of cocaine and sophisticated diving equipment—buoyancy gear, oxygen tanks, fins—purportedly used to attach the drugs to ship hulls at the port.",in valladolid spain the national police dismantled operation churruca the province’s largest narcotics and money‑laundering ring to date they arrested 19 individuals and seized 59 kg of high‑purity cocaine along with luxury vehicles weapons and ammunition,on may 17 2025 ecuadorian police raided a house in the san martín de porres neighborhood of esmeraldas seizing 322 kg of cocaine and sophisticated diving equipment—buoyancy gear oxygen tanks fins—purportedly used to attach the drugs to ship hulls at the port
d08a7058-1b54-49d6-ba8c-0c1be494fee7,different_values,362,source_link,https://efe.com/castilla-y-leon/2025-05-24/cae-la-mayor-red-de-narcotrafico-y-blanqueo-de-valladolid19-detenidos-y-59-kilos-de-droga/,https://www.ecuavisa.com/noticias/seguridad/cocaina-cascos-buques-esmeraldas-buzos-AB9355222,https://efecom/castilla-y-leon/2025-05-24/cae-la-mayor-red-de-narcotrafico-y-blanqueo-de-valladolid19-detenidos-y-59-kilos-de-droga/,https://wwwecuavisacom/noticias/seguridad/cocaina-cascos-buques-esmeraldas-buzos-ab9355222
d08a7058-1b54-49d6-ba8c-0c1be494fee7,different_values,362,archived_link,Archived Link - Spain,Archived Link - Ecuador,archived link - spain,archived link - ecuador
16b038cf-8c4f-4482-ba5a-45aede1d362c,different_values,363,date_1,2025-06-03,2025-05-24 00:00:00,2025-06-03,2025-05-24 00:00:00
16b038cf-8c4f-4482-ba5a-45aede1d362c,different_values,363,month,6,5,6,5
16b038cf-8c4f-4482-ba5a-45aede1d362c,different_values,363,day,3,24,3,24
16b038cf-8c4f-4482-ba5a-45aede1d362c,different_values,363,drug_type,Cocaine Base,Cocaine,cocaine base,cocaine
16b038cf-8c4f-4482-ba5a-45aede1d362c,different_values,363,quantity,1.0,59.0,10,590
16b038cf-8c4f-4482-ba5a-45aede1d362c,different_values,363,region,South America,Europe,south america,europe
16b038cf-8c4f-4482-ba5a-45aede1d362c,different_values,363,country,Brazil,Spain,brazil,spain
16b038cf-8c4f-4482-ba5a-45aede1d362c,different_values,363,department/state,Bahia,Valladolid,bahia,valladolid
16b038cf-8c4f-4482-ba5a-45aede1d362c,different_values,363,municipality/port,Feira de Santana,,feira de santana,
16b038cf-8c4f-4482-ba5a-45aede1d362c,different_values,363,description,"On June 3, 2025, on BR‑116 at km 429 near Feira de Santana (Bahia, Brazil), the Federal Highway Police and Bahia’s Civil Police stopped a passenger vehicle and found 1 kilogram of cocaine paste among a total 132 kg of drug","in Valladolid, Spain, the National Police dismantled Operation Churruca, the province’s largest narcotics and money‑laundering ring to date. They arrested 19 individuals and seized 59 kg of high‑purity cocaine, along with luxury vehicles, weapons, and ammunition",on june 3 2025 on br‑116 at km 429 near feira de santana (bahia brazil) the federal highway police and bahia’s civil police stopped a passenger vehicle and found 1 kilogram of cocaine paste among a total 132 kg of drug,in valladolid spain the national police dismantled operation churruca the province’s largest narcotics and money‑laundering ring to date they arrested 19 individuals and seized 59 kg of high‑purity cocaine along with luxury vehicles weapons and ammunition
16b038cf-8c4f-4482-ba5a-45aede1d362c,different_values,363,source_link,https://g1.globo.com/ba/feira-de-santana-regiao/noticia/2025/06/03/pessoas-sao-presas-em-flagrante-com-drogas-e-fuzil.ghtml,https://efe.com/castilla-y-leon/2025-05-24/cae-la-mayor-red-de-narcotrafico-y-blanqueo-de-valladolid19-detenidos-y-59-kilos-de-droga/,https://g1globocom/ba/feira-de-santana-regiao/noticia/2025/06/03/pessoas-sao-presas-em-flagrante-com-drogas-e-fuzilghtml,https://efecom/castilla-y-leon/2025-05-24/cae-la-mayor-red-de-narcotrafico-y-blanqueo-de-valladolid19-detenidos-y-59-kilos-de-droga/
16b038cf-8c4f-4482-ba5a-45aede1d362c,different_values,363,archived_link,Archived Link - Brazil,Archived Link - Spain,archived link - brazil,archived link - spain
0880e814-8281-43e8-94c5-abe5ffa39d07,different_values,364,date_1,2025-05-26,2025-06-03 00:00:00,2025-05-26,2025-06-03 00:00:00
0880e814-8281-43e8-94c5-abe5ffa39d07,different_values,364,month,5,6,5,6
0880e814-8281-43e8-94c5-abe5ffa39d07,different_values,364,day,26,3,26,3
0880e814-8281-43e8-94c5-abe5ffa39d07,different_values,364,drug_type,Cocaine,Cocaine Base,cocaine,cocaine base
0880e814-8281-43e8-94c5-abe5ffa39d07,different_values,364,quantity,10.5,1.0,105,10
0880e814-8281-43e8-94c5-abe5ffa39d07,different_values,364,country,Argentina,Brazil,argentina,brazil
0880e814-8281-43e8-94c5-abe5ffa39d07,different_values,364,department/state,Salta,Bahia,salta,bahia
0880e814-8281-43e8-94c5-abe5ffa39d07,different_values,364,municipality/port,,Feira de Santana,,feira de santana
0880e814-8281-43e8-94c5-abe5ffa39d07,different_values,364,destination_1_country,Argentina,,argentina,
0880e814-8281-43e8-94c5-abe5ffa39d07,different_values,364,destination_1_department/state,Tucuman,,tucuman,
0880e814-8281-43e8-94c5-abe5ffa39d07,different_values,364,description,"On May 26, 2025, Gendarmería Nacional Argentina (GNA) seized 10.5 kg of cocaine hidden within the wheels of a Toyota Hilux in Salta province","On June 3, 2025, on BR‑116 at km 429 near Feira de Santana (Bahia, Brazil), the Federal Highway Police and Bahia’s Civil Police stopped a passenger vehicle and found 1 kilogram of cocaine paste among a total 132 kg of drug",on may 26 2025 gendarmería nacional argentina (gna) seized 105 kg of cocaine hidden within the wheels of a toyota hilux in salta province,on june 3 2025 on br‑116 at km 429 near feira de santana (bahia brazil) the federal highway police and bahia’s civil police stopped a passenger vehicle and found 1 kilogram of cocaine paste among a total 132 kg of drug
0880e814-8281-43e8-94c5-abe5ffa39d07,different_values,364,source_link,https://www.argentina.gob.ar/noticias/salta-gendarmes-inspeccionaban-una-camioneta-y-descubrieron-una-estructura-de-metal-dentro,https://g1.globo.com/ba/feira-de-santana-regiao/noticia/2025/06/03/pessoas-sao-presas-em-flagrante-com-drogas-e-fuzil.ghtml,https://wwwargentinagobar/noticias/salta-gendarmes-inspeccionaban-una-camioneta-y-descubrieron-una-estructura-de-metal-dentro,https://g1globocom/ba/feira-de-santana-regiao/noticia/2025/06/03/pessoas-sao-presas-em-flagrante-com-drogas-e-fuzilghtml
0880e814-8281-43e8-94c5-abe5ffa39d07,different_values,364,archived_link,Archived Link - Argentina,Archived Link - Brazil,archived link - argentina,archived link - brazil
1de76424-878f-4649-ac10-f28f84849b6a,different_values,365,date_1,2025-05-31,2025-05-26 00:00:00,2025-05-31,2025-05-26 00:00:00
1de76424-878f-4649-ac10-f28f84849b6a,different_values,365,day,31,26,31,26
1de76424-878f-4649-ac10-f28f84849b6a,different_values,365,quantity,1268.0,10.5,12680,105
1de76424-878f-4649-ac10-f28f84849b6a,different_values,365,weight_unit,Package,Kilogram,package,kilogram
1de76424-878f-4649-ac10-f28f84849b6a,different_values,365,modus_operandi/place_seizure,Container,Land,container,land
1de76424-878f-4649-ac10-f28f84849b6a,different_values,365,region,Central America,South America,central america,south america
1de76424-878f-4649-ac10-f28f84849b6a,different_values,365,country,Panama,Argentina,panama,argentina
1de76424-878f-4649-ac10-f28f84849b6a,different_values,365,department/state,Colon,Salta,colon,salta
1de76424-878f-4649-ac10-f28f84849b6a,different_values,365,municipality/port,Colon,,colon,
1de76424-878f-4649-ac10-f28f84849b6a,different_values,365,transit_1_region,Central America,,central america,
1de76424-878f-4649-ac10-f28f84849b6a,different_values,365,transit_1_country,Panama,,panama,
1de76424-878f-4649-ac10-f28f84849b6a,different_values,365,destination_1_region,Europe,,europe,
1de76424-878f-4649-ac10-f28f84849b6a,different_values,365,destination_1_country,Spain,Argentina,spain,argentina
1de76424-878f-4649-ac10-f28f84849b6a,different_values,365,destination_1_department/state,,Tucuman,,tucuman
1de76424-878f-4649-ac10-f28f84849b6a,different_values,365,description,"Se encontraron 1.268 paquetes en un contenedor en la terminal portuaria de Colón, enviados de Panamá hacia España","On May 26, 2025, Gendarmería Nacional Argentina (GNA) seized 10.5 kg of cocaine hidden within the wheels of a Toyota Hilux in Salta province",se encontraron 1268 paquetes en un contenedor en la terminal portuaria de colón enviados de panamá hacia españa,on may 26 2025 gendarmería nacional argentina (gna) seized 105 kg of cocaine hidden within the wheels of a toyota hilux in salta province
1de76424-878f-4649-ac10-f28f84849b6a,different_values,365,source_link,https://www.panamaamerica.com.pa/provincias/incautan-mas-de-7-mil-paquetes-de-drogas-en-una-terminal-portuaria-de-colon-1249637,https://www.argentina.gob.ar/noticias/salta-gendarmes-inspeccionaban-una-camioneta-y-descubrieron-una-estructura-de-metal-dentro,https://wwwpanamaamericacompa/provincias/incautan-mas-de-7-mil-paquetes-de-drogas-en-una-terminal-portuaria-de-colon-1249637,https://wwwargentinagobar/noticias/salta-gendarmes-inspeccionaban-una-camioneta-y-descubrieron-una-estructura-de-metal-dentro
1de76424-878f-4649-ac10-f28f84849b6a,different_values,365,archived_link,Archived Link - Panama,Archived Link - Argentina,archived link - panama,archived link - argentina
d485a63d-c169-4cd9-8ee8-5393f859c7c1,different_values,366,date_1,2025-05-29,2025-05-31 00:00:00,2025-05-29,2025-05-31 00:00:00
d485a63d-c169-4cd9-8ee8-5393f859c7c1,different_values,366,day,29,31,29,31
d485a63d-c169-4cd9-8ee8-5393f859c7c1,different_values,366,quantity,3620.0,1268.0,36200,12680
d485a63d-c169-4cd9-8ee8-5393f859c7c1,different_values,366,weight_unit,Kilogram,Package,kilogram,package
d485a63d-c169-4cd9-8ee8-5393f859c7c1,different_values,366,modus_operandi/place_seizure,Land,Container,land,container
d485a63d-c169-4cd9-8ee8-5393f859c7c1,different_values,366,region,South America,Central America,south america,central america
d485a63d-c169-4cd9-8ee8-5393f859c7c1,different_values,366,country,Colombia,Panama,colombia,panama
d485a63d-c169-4cd9-8ee8-5393f859c7c1,different_values,366,department/state,Nariño,Colon,nariño,colon
d485a63d-c169-4cd9-8ee8-5393f859c7c1,different_values,366,municipality/port,Tumuco,Colon,tumuco,colon
d485a63d-c169-4cd9-8ee8-5393f859c7c1,different_values,366,origin_country,Colombia,,colombia,
d485a63d-c169-4cd9-8ee8-5393f859c7c1,different_values,366,transit_1_region,,Central America,,central america
d485a63d-c169-4cd9-8ee8-5393f859c7c1,different_values,366,transit_1_country,,Panama,,panama
d485a63d-c169-4cd9-8ee8-5393f859c7c1,different_values,366,transit_2_region,South America,,south america,
d485a63d-c169-4cd9-8ee8-5393f859c7c1,different_values,366,transit_2_country,Ecuador,,ecuador,
d485a63d-c169-4cd9-8ee8-5393f859c7c1,different_values,366,destination_1_region,,Europe,,europe
d485a63d-c169-4cd9-8ee8-5393f859c7c1,different_values,366,destination_1_country,United States,Spain,united states,spain
d485a63d-c169-4cd9-8ee8-5393f859c7c1,different_values,366,description,"Tumaco, Nariño (Colombia), a joint operation by the National Police’s anti-narcotics unit (alongside the DEA, Navy, and Air Force) uncovered 3,260 kg of cocaine hydrochloride buried in a clandestine hideout in the El Firme sector. The cargo was destined for the United States, via “Go Fast” boats traversing Pacific drug corridors between Colombia and Ecuador","Se encontraron 1.268 paquetes en un contenedor en la terminal portuaria de Colón, enviados de Panamá hacia España",tumaco nariño (colombia) a joint operation by the national police’s anti-narcotics unit (alongside the dea navy and air force) uncovered 3260 kg of cocaine hydrochloride buried in a clandestine hideout in the el firme sector the cargo was destined for the united states via “go fast” boats traversing pacific drug corridors between colombia and ecuador,se encontraron 1268 paquetes en un contenedor en la terminal portuaria de colón enviados de panamá hacia españa
d485a63d-c169-4cd9-8ee8-5393f859c7c1,different_values,366,source_link,https://www.elpais.com.co/judicial/en-tumaco-narino-autoridades-encontraron-enterrados-3260-kilogramos-de-cocaina-los-cuales-estaban-listos-para-ser-enviados-a-eeuu-2914.html,https://www.panamaamerica.com.pa/provincias/incautan-mas-de-7-mil-paquetes-de-drogas-en-una-terminal-portuaria-de-colon-1249637,https://wwwelpaiscomco/judicial/en-tumaco-narino-autoridades-encontraron-enterrados-3260-kilogramos-de-cocaina-los-cuales-estaban-listos-para-ser-enviados-a-eeuu-2914html,https://wwwpanamaamericacompa/provincias/incautan-mas-de-7-mil-paquetes-de-drogas-en-una-terminal-portuaria-de-colon-1249637
d485a63d-c169-4cd9-8ee8-5393f859c7c1,different_values,366,archived_link,Archived Link - Colombia,Archived Link - Panama,archived link - colombia,archived link - panama
ece47d6b-a2a7-43e3-a197-2f30b7b7f990,different_values,367,date_1,2025-05-29,2025-05-29 00:00:00,2025-05-29,2025-05-29 00:00:00
ece47d6b-a2a7-43e3-a197-2f30b7b7f990,different_values,367,quantity,1000.0,3620.0,10000,36200
ece47d6b-a2a7-43e3-a197-2f30b7b7f990,different_values,367,sub_modus_operandi,Hidden in hydraulic compartments of truck,,hidden in hydraulic compartments of truck,
ece47d6b-a2a7-43e3-a197-2f30b7b7f990,different_values,367,department/state,Quindio,Nariño,quindio,nariño
ece47d6b-a2a7-43e3-a197-2f30b7b7f990,different_values,367,municipality/port,,Tumuco,,tumuco
ece47d6b-a2a7-43e3-a197-2f30b7b7f990,different_values,367,origin_country,,Colombia,,colombia
ece47d6b-a2a7-43e3-a197-2f30b7b7f990,different_values,367,transit_2_region,,South America,,south america
ece47d6b-a2a7-43e3-a197-2f30b7b7f990,different_values,367,transit_2_country,,Ecuador,,ecuador
ece47d6b-a2a7-43e3-a197-2f30b7b7f990,different_values,367,destination_1_country,Colombia,United States,colombia,united states
ece47d6b-a2a7-43e3-a197-2f30b7b7f990,different_values,367,destination_1_department/state,Bogota,,bogota,
ece47d6b-a2a7-43e3-a197-2f30b7b7f990,different_values,367,description,"Policía Nacional’s Transit and Transport division stopped a tractor-trailer en route from Yumbo (Valle del Cauca) to Bogotá. Hidden in hydraulic compartments inside two isotanques on the trailer, they found approximately 1,000 kilograms of cocaine hydrochlori","Tumaco, Nariño (Colombia), a joint operation by the National Police’s anti-narcotics unit (alongside the DEA, Navy, and Air Force) uncovered 3,260 kg of cocaine hydrochloride buried in a clandestine hideout in the El Firme sector. The cargo was destined for the United States, via “Go Fast” boats traversing Pacific drug corridors between Colombia and Ecuador",policía nacional’s transit and transport division stopped a tractor-trailer en route from yumbo (valle del cauca) to bogotá hidden in hydraulic compartments inside two isotanques on the trailer they found approximately 1000 kilograms of cocaine hydrochlori,tumaco nariño (colombia) a joint operation by the national police’s anti-narcotics unit (alongside the dea navy and air force) uncovered 3260 kg of cocaine hydrochloride buried in a clandestine hideout in the el firme sector the cargo was destined for the united states via “go fast” boats traversing pacific drug corridors between colombia and ecuador
ece47d6b-a2a7-43e3-a197-2f30b7b7f990,different_values,367,source_link,https://www.eltiempo.com/justicia/conflicto-y-narcotrafico/policia-incauto-una-tonelada-de-cocaina-camuflada-dentro-de-un-tractocamion-en-las-vias-del-quindio-3458742,https://www.elpais.com.co/judicial/en-tumaco-narino-autoridades-encontraron-enterrados-3260-kilogramos-de-cocaina-los-cuales-estaban-listos-para-ser-enviados-a-eeuu-2914.html,https://wwweltiempocom/justicia/conflicto-y-narcotrafico/policia-incauto-una-tonelada-de-cocaina-camuflada-dentro-de-un-tractocamion-en-las-vias-del-quindio-3458742,https://wwwelpaiscomco/judicial/en-tumaco-narino-autoridades-encontraron-enterrados-3260-kilogramos-de-cocaina-los-cuales-estaban-listos-para-ser-enviados-a-eeuu-2914html
d52738ec-cd63-46f8-83df-1c805423b80c,different_values,368,date_1,2025-05-25,2025-05-29 00:00:00,2025-05-25,2025-05-29 00:00:00
d52738ec-cd63-46f8-83df-1c805423b80c,different_values,368,day,25,29,25,29
d52738ec-cd63-46f8-83df-1c805423b80c,different_values,368,drug_type,Cocaine Base,Cocaine,cocaine base,cocaine
d52738ec-cd63-46f8-83df-1c805423b80c,different_values,368,quantity,110.0,1000.0,1100,10000
d52738ec-cd63-46f8-83df-1c805423b80c,different_values,368,modus_operandi/place_seizure,River vessel,Land,river vessel,land
d52738ec-cd63-46f8-83df-1c805423b80c,different_values,368,sub_modus_operandi,,Hidden in hydraulic compartments of truck,,hidden in hydraulic compartments of truck
d52738ec-cd63-46f8-83df-1c805423b80c,different_values,368,country,Brazil,Colombia,brazil,colombia
d52738ec-cd63-46f8-83df-1c805423b80c,different_values,368,department/state,Amazonas,Quindio,amazonas,quindio
d52738ec-cd63-46f8-83df-1c805423b80c,different_values,368,municipality/port, Santo Antônio do Iça,,santo antônio do iça,
d52738ec-cd63-46f8-83df-1c805423b80c,different_values,368,destination_1_country,,Colombia,,colombia
d52738ec-cd63-46f8-83df-1c805423b80c,different_values,368,destination_1_department/state,,Bogota,,bogota
d52738ec-cd63-46f8-83df-1c805423b80c,different_values,368,description,PF and PC seize 110kg of drugs in Amazonas. The seizure was carried out during a routine inspection of vessels that dock at the port of the city of Santo Antônio do Içá/,"Policía Nacional’s Transit and Transport division stopped a tractor-trailer en route from Yumbo (Valle del Cauca) to Bogotá. Hidden in hydraulic compartments inside two isotanques on the trailer, they found approximately 1,000 kilograms of cocaine hydrochlori",pf and pc seize 110kg of drugs in amazonas the seizure was carried out during a routine inspection of vessels that dock at the port of the city of santo antônio do içá/,policía nacional’s transit and transport division stopped a tractor-trailer en route from yumbo (valle del cauca) to bogotá hidden in hydraulic compartments inside two isotanques on the trailer they found approximately 1000 kilograms of cocaine hydrochlori
d52738ec-cd63-46f8-83df-1c805423b80c,different_values,368,source_link,https://www.gov.br/pf/pt-br/assuntos/noticias/2025/05/pf-e-pc-apreendem-110kg-de-drogas-no-amazonas,https://www.eltiempo.com/justicia/conflicto-y-narcotrafico/policia-incauto-una-tonelada-de-cocaina-camuflada-dentro-de-un-tractocamion-en-las-vias-del-quindio-3458742,https://wwwgovbr/pf/pt-br/assuntos/noticias/2025/05/pf-e-pc-apreendem-110kg-de-drogas-no-amazonas,https://wwweltiempocom/justicia/conflicto-y-narcotrafico/policia-incauto-una-tonelada-de-cocaina-camuflada-dentro-de-un-tractocamion-en-las-vias-del-quindio-3458742
d52738ec-cd63-46f8-83df-1c805423b80c,different_values,368,archived_link,Archived Link - Brazil,Archived Link - Colombia,archived link - brazil,archived link - colombia
8a206b9c-8650-4ff6-a241-4bad79e3a9c4,different_values,369,date_1,2025-05-25,2025-05-25 00:00:00,2025-05-25,2025-05-25 00:00:00
8a206b9c-8650-4ff6-a241-4bad79e3a9c4,different_values,369,drug_type,Cocaine,Cocaine Base,cocaine,cocaine base
8a206b9c-8650-4ff6-a241-4bad79e3a9c4,different_values,369,quantity,12.7,110.0,127,1100
8a206b9c-8650-4ff6-a241-4bad79e3a9c4,different_values,369,modus_operandi/place_seizure,Land,River vessel,land,river vessel
8a206b9c-8650-4ff6-a241-4bad79e3a9c4,different_values,369,department/state,Espírito Santo,Amazonas,espírito santo,amazonas
8a206b9c-8650-4ff6-a241-4bad79e3a9c4,different_values,369,municipality/port,Serra, Santo Antônio do Iça,serra,santo antônio do iça
8a206b9c-8650-4ff6-a241-4bad79e3a9c4,different_values,369,description,"Brazilian Federal Highway Police intercepted a silver Nissan Versa in Serra, Espírito Santo, during a routine stop & found12.78 kg of cocaine hidden in a secret compartment behind the passenger dashboard",PF and PC seize 110kg of drugs in Amazonas. The seizure was carried out during a routine inspection of vessels that dock at the port of the city of Santo Antônio do Içá/,brazilian federal highway police intercepted a silver nissan versa in serra espírito santo during a routine stop & found1278 kg of cocaine hidden in a secret compartment behind the passenger dashboard,pf and pc seize 110kg of drugs in amazonas the seizure was carried out during a routine inspection of vessels that dock at the port of the city of santo antônio do içá/
8a206b9c-8650-4ff6-a241-4bad79e3a9c4,different_values,369,source_link,https://www.gov.br/prf/pt-br/noticias/estaduais/espirito-santo/2025/maio/prf-apreende-cocaina-escondida-em-painel-de-veiculo-na-br-101-em-serra-es,https://www.gov.br/pf/pt-br/assuntos/noticias/2025/05/pf-e-pc-apreendem-110kg-de-drogas-no-amazonas,https://wwwgovbr/prf/pt-br/noticias/estaduais/espirito-santo/2025/maio/prf-apreende-cocaina-escondida-em-painel-de-veiculo-na-br-101-em-serra-es,https://wwwgovbr/pf/pt-br/assuntos/noticias/2025/05/pf-e-pc-apreendem-110kg-de-drogas-no-amazonas
eb2b1a78-38e5-4a24-aae6-47042723d15e,different_values,370,date_1,2025-05-24,2025-05-25 00:00:00,2025-05-24,2025-05-25 00:00:00
eb2b1a78-38e5-4a24-aae6-47042723d15e,different_values,370,day,24,25,24,25
eb2b1a78-38e5-4a24-aae6-47042723d15e,different_values,370,quantity,676.0,12.7,6760,127
eb2b1a78-38e5-4a24-aae6-47042723d15e,different_values,370,department/state,Mato Grosso do Sul,Espírito Santo,mato grosso do sul,espírito santo
eb2b1a78-38e5-4a24-aae6-47042723d15e,different_values,370,municipality/port,Miranda,Serra,miranda,serra
eb2b1a78-38e5-4a24-aae6-47042723d15e,different_values,370,description,"Brazilian Federal Highway Police (PRF) seized 109 kg of cocaine in Miranda (MS), hidden inside a VW Gol","Brazilian Federal Highway Police intercepted a silver Nissan Versa in Serra, Espírito Santo, during a routine stop & found12.78 kg of cocaine hidden in a secret compartment behind the passenger dashboard",brazilian federal highway police (prf) seized 109 kg of cocaine in miranda (ms) hidden inside a vw gol,brazilian federal highway police intercepted a silver nissan versa in serra espírito santo during a routine stop & found1278 kg of cocaine hidden in a secret compartment behind the passenger dashboard
eb2b1a78-38e5-4a24-aae6-47042723d15e,different_values,370,source_link,https://www.gov.br/prf/pt-br/noticias/estaduais/mato-grosso-do-sul/2025/maio/em-miranda-ms-prf-realiza-a-maior-apreensao-de-cocaina-do-ano,https://www.gov.br/prf/pt-br/noticias/estaduais/espirito-santo/2025/maio/prf-apreende-cocaina-escondida-em-painel-de-veiculo-na-br-101-em-serra-es,https://wwwgovbr/prf/pt-br/noticias/estaduais/mato-grosso-do-sul/2025/maio/em-miranda-ms-prf-realiza-a-maior-apreensao-de-cocaina-do-ano,https://wwwgovbr/prf/pt-br/noticias/estaduais/espirito-santo/2025/maio/prf-apreende-cocaina-escondida-em-painel-de-veiculo-na-br-101-em-serra-es
a4b3a9ac-4933-4021-ba64-a11520f46ea3,different_values,371,date_1,2025-05-29,2025-05-24 00:00:00,2025-05-29,2025-05-24 00:00:00
a4b3a9ac-4933-4021-ba64-a11520f46ea3,different_values,371,day,29,24,29,24
a4b3a9ac-4933-4021-ba64-a11520f46ea3,different_values,371,quantity,1200.0,676.0,12000,6760
a4b3a9ac-4933-4021-ba64-a11520f46ea3,different_values,371,country,Peru,Brazil,peru,brazil
a4b3a9ac-4933-4021-ba64-a11520f46ea3,different_values,371,department/state,Loreto,Mato Grosso do Sul,loreto,mato grosso do sul
a4b3a9ac-4933-4021-ba64-a11520f46ea3,different_values,371,municipality/port,Mariscal Ramón Castilla,Miranda,mariscal ramón castilla,miranda
a4b3a9ac-4933-4021-ba64-a11520f46ea3,different_values,371,destination_1_country,United States,,united states,
a4b3a9ac-4933-4021-ba64-a11520f46ea3,different_values,371,description,"incautación de 1.2 toneladas de cocaína en la Provincia de Mariscal Ramón Castilla (Perú), una población cercana a la frontera con Putumayo.","Brazilian Federal Highway Police (PRF) seized 109 kg of cocaine in Miranda (MS), hidden inside a VW Gol",incautación de 12 toneladas de cocaína en la provincia de mariscal ramón castilla (perú) una población cercana a la frontera con putumayo,brazilian federal highway police (prf) seized 109 kg of cocaine in miranda (ms) hidden inside a vw gol
a4b3a9ac-4933-4021-ba64-a11520f46ea3,different_values,371,criminal_group_1,estructura criminal de alias Freider,,estructura criminal de alias freider,
a4b3a9ac-4933-4021-ba64-a11520f46ea3,different_values,371,source_link,https://www.eltiempo.com/justicia/conflicto-y-narcotrafico/las-conexiones-de-la-incautacion-de-mas-de-tonelada-de-cocaina-en-peru-con-los-grupos-armados-en-colombia-3458598,https://www.gov.br/prf/pt-br/noticias/estaduais/mato-grosso-do-sul/2025/maio/em-miranda-ms-prf-realiza-a-maior-apreensao-de-cocaina-do-ano,https://wwweltiempocom/justicia/conflicto-y-narcotrafico/las-conexiones-de-la-incautacion-de-mas-de-tonelada-de-cocaina-en-peru-con-los-grupos-armados-en-colombia-3458598,https://wwwgovbr/prf/pt-br/noticias/estaduais/mato-grosso-do-sul/2025/maio/em-miranda-ms-prf-realiza-a-maior-apreensao-de-cocaina-do-ano
a4b3a9ac-4933-4021-ba64-a11520f46ea3,different_values,371,archived_link,Archived Link - Peru,Archived Link - Brazil,archived link - peru,archived link - brazil
8103a738-555b-4587-bfbf-0e724d6f2126,different_values,372,date_1,2025-05-28,2025-05-29 00:00:00,2025-05-28,2025-05-29 00:00:00
8103a738-555b-4587-bfbf-0e724d6f2126,different_values,372,day,28,29,28,29
8103a738-555b-4587-bfbf-0e724d6f2126,different_values,372,quantity,20.4,1200.0,204,12000
8103a738-555b-4587-bfbf-0e724d6f2126,different_values,372,country,Brazil,Peru,brazil,peru
8103a738-555b-4587-bfbf-0e724d6f2126,different_values,372,department/state,Paraiba,Loreto,paraiba,loreto
8103a738-555b-4587-bfbf-0e724d6f2126,different_values,372,municipality/port,Campina Grande,Mariscal Ramón Castilla,campina grande,mariscal ramón castilla
8103a738-555b-4587-bfbf-0e724d6f2126,different_values,372,destination_1_country,,United States,,united states
8103a738-555b-4587-bfbf-0e724d6f2126,different_values,372,description,"May 28, 2025, during a routine stop on the BR‑230 at Campina Grande (Paraíba, Brazil), Federal Highway Police (PRF) intercepted a Fiat Palio coming from Pernambuco. Inside the trunk, they found 20.4 kg of cocaine concealed inside a box coated with mud","incautación de 1.2 toneladas de cocaína en la Provincia de Mariscal Ramón Castilla (Perú), una población cercana a la frontera con Putumayo.",may 28 2025 during a routine stop on the br‑230 at campina grande (paraíba brazil) federal highway police (prf) intercepted a fiat palio coming from pernambuco inside the trunk they found 204 kg of cocaine concealed inside a box coated with mud,incautación de 12 toneladas de cocaína en la provincia de mariscal ramón castilla (perú) una población cercana a la frontera con putumayo
8103a738-555b-4587-bfbf-0e724d6f2126,different_values,372,criminal_group_1,,estructura criminal de alias Freider,,estructura criminal de alias freider
8103a738-555b-4587-bfbf-0e724d6f2126,different_values,372,source_link,https://g1.globo.com/pb/paraiba/noticia/2025/05/28/homem-e-preso-com-mais-de-20-kg-de-cocaina-dentro-de-carro-em-campina-grande.ghtml,https://www.eltiempo.com/justicia/conflicto-y-narcotrafico/las-conexiones-de-la-incautacion-de-mas-de-tonelada-de-cocaina-en-peru-con-los-grupos-armados-en-colombia-3458598,https://g1globocom/pb/paraiba/noticia/2025/05/28/homem-e-preso-com-mais-de-20-kg-de-cocaina-dentro-de-carro-em-campina-grandeghtml,https://wwweltiempocom/justicia/conflicto-y-narcotrafico/las-conexiones-de-la-incautacion-de-mas-de-tonelada-de-cocaina-en-peru-con-los-grupos-armados-en-colombia-3458598
8103a738-555b-4587-bfbf-0e724d6f2126,different_values,372,archived_link,Archived Link - Brazil,Archived Link - Peru,archived link - brazil,archived link - peru
0b24f572-f756-4449-a073-29af2532786d,different_values,373,date_1,2025-05-26,2025-05-28 00:00:00,2025-05-26,2025-05-28 00:00:00
0b24f572-f756-4449-a073-29af2532786d,different_values,373,day,26,28,26,28
0b24f572-f756-4449-a073-29af2532786d,different_values,373,quantity,300.0,20.4,3000,204
0b24f572-f756-4449-a073-29af2532786d,different_values,373,modus_operandi/place_seizure,Air,Land,air,land
0b24f572-f756-4449-a073-29af2532786d,different_values,373,department/state,Amazonas,Paraiba,amazonas,paraiba
0b24f572-f756-4449-a073-29af2532786d,different_values,373,municipality/port,Novo Aripuanã,Campina Grande,novo aripuanã,campina grande
0b24f572-f756-4449-a073-29af2532786d,different_values,373,description,"May 26, 2025 - Novo Aripuanã, Amazonas - eight large bales of cocaine ,approximately 300 kg total, that had been unloaded from a small aircraft into a forested area were seized","May 28, 2025, during a routine stop on the BR‑230 at Campina Grande (Paraíba, Brazil), Federal Highway Police (PRF) intercepted a Fiat Palio coming from Pernambuco. Inside the trunk, they found 20.4 kg of cocaine concealed inside a box coated with mud",may 26 2025 - novo aripuanã amazonas - eight large bales of cocaine approximately 300 kg total that had been unloaded from a small aircraft into a forested area were seized,may 28 2025 during a routine stop on the br‑230 at campina grande (paraíba brazil) federal highway police (prf) intercepted a fiat palio coming from pernambuco inside the trunk they found 204 kg of cocaine concealed inside a box coated with mud
0b24f572-f756-4449-a073-29af2532786d,different_values,373,source_link,https://www.gov.br/pf/pt-br/assuntos/noticias/2025/05/pf-gefron-pm-mt-pm-ro-South%20AmericaBrazilAmazonas-am-e-cod-go-apreendem-300-kg-de-cocaina-no-amazonas,https://g1.globo.com/pb/paraiba/noticia/2025/05/28/homem-e-preso-com-mais-de-20-kg-de-cocaina-dentro-de-carro-em-campina-grande.ghtml,https://wwwgovbr/pf/pt-br/assuntos/noticias/2025/05/pf-gefron-pm-mt-pm-ro-south%20americabrazilamazonas-am-e-cod-go-apreendem-300-kg-de-cocaina-no-amazonas,https://g1globocom/pb/paraiba/noticia/2025/05/28/homem-e-preso-com-mais-de-20-kg-de-cocaina-dentro-de-carro-em-campina-grandeghtml
f6df0bb9-3559-43ab-8a3b-54db2e7c6fc2,different_values,374,date_1,2025-05-26,2025-05-26 00:00:00,2025-05-26,2025-05-26 00:00:00
f6df0bb9-3559-43ab-8a3b-54db2e7c6fc2,different_values,374,quantity,149.0,300.0,1490,3000
f6df0bb9-3559-43ab-8a3b-54db2e7c6fc2,different_values,374,modus_operandi/place_seizure,Land,Air,land,air
f6df0bb9-3559-43ab-8a3b-54db2e7c6fc2,different_values,374,department/state,Mato Grosso do Sul,Amazonas,mato grosso do sul,amazonas
f6df0bb9-3559-43ab-8a3b-54db2e7c6fc2,different_values,374,municipality/port,Terenos,Novo Aripuanã,terenos,novo aripuanã
f6df0bb9-3559-43ab-8a3b-54db2e7c6fc2,different_values,374,destination_1_country,Brazil,,brazil,
f6df0bb9-3559-43ab-8a3b-54db2e7c6fc2,different_values,374,destination_1_department/state,Campo Grande,,campo grande,
f6df0bb9-3559-43ab-8a3b-54db2e7c6fc2,different_values,374,description,"May 26, PRF in Terenos, Mato Grosso do Sul, stopped a truck on BR‑262 and seized 149 kg of cocaine hidden inside suitcases in the cabin. Drugs came from Corumbá and were destined for Campo Grande","May 26, 2025 - Novo Aripuanã, Amazonas - eight large bales of cocaine ,approximately 300 kg total, that had been unloaded from a small aircraft into a forested area were seized",may 26 prf in terenos mato grosso do sul stopped a truck on br‑262 and seized 149 kg of cocaine hidden inside suitcases in the cabin drugs came from corumbá and were destined for campo grande,may 26 2025 - novo aripuanã amazonas - eight large bales of cocaine approximately 300 kg total that had been unloaded from a small aircraft into a forested area were seized
f6df0bb9-3559-43ab-8a3b-54db2e7c6fc2,different_values,374,source_link,https://www.gov.br/prf/pt-br/noticias/estaduais/mato-grosso-do-sul/2025/maio/prf-apreende-149-kg-de-cocaina-em-terenos-ms,https://www.gov.br/pf/pt-br/assuntos/noticias/2025/05/pf-gefron-pm-mt-pm-ro-South%20AmericaBrazilAmazonas-am-e-cod-go-apreendem-300-kg-de-cocaina-no-amazonas,https://wwwgovbr/prf/pt-br/noticias/estaduais/mato-grosso-do-sul/2025/maio/prf-apreende-149-kg-de-cocaina-em-terenos-ms,https://wwwgovbr/pf/pt-br/assuntos/noticias/2025/05/pf-gefron-pm-mt-pm-ro-south%20americabrazilamazonas-am-e-cod-go-apreendem-300-kg-de-cocaina-no-amazonas
3d2a252d-8646-4b82-9c71-95d6c531d6e0,different_values,375,date_1,2025-05-28,2025-05-26 00:00:00,2025-05-28,2025-05-26 00:00:00
3d2a252d-8646-4b82-9c71-95d6c531d6e0,different_values,375,day,28,26,28,26
3d2a252d-8646-4b82-9c71-95d6c531d6e0,different_values,375,drug_type,Cocaine Base,Cocaine,cocaine base,cocaine
3d2a252d-8646-4b82-9c71-95d6c531d6e0,different_values,375,quantity,6.0,149.0,60,1490
3d2a252d-8646-4b82-9c71-95d6c531d6e0,different_values,375,modus_operandi/place_seizure,Air,Land,air,land
3d2a252d-8646-4b82-9c71-95d6c531d6e0,different_values,375,department/state,Brasilia,Mato Grosso do Sul,brasilia,mato grosso do sul
3d2a252d-8646-4b82-9c71-95d6c531d6e0,different_values,375,municipality/port,,Terenos,,terenos
3d2a252d-8646-4b82-9c71-95d6c531d6e0,different_values,375,transit_1_region,South America,,south america,
3d2a252d-8646-4b82-9c71-95d6c531d6e0,different_values,375,transit_1_country,Brazil,,brazil,
3d2a252d-8646-4b82-9c71-95d6c531d6e0,different_values,375,transit_1_department/state,Rio de Janeiro,,rio de janeiro,
3d2a252d-8646-4b82-9c71-95d6c531d6e0,different_values,375,destination_1_country,,Brazil,,brazil
3d2a252d-8646-4b82-9c71-95d6c531d6e0,different_values,375,destination_1_department/state,,Campo Grande,,campo grande
3d2a252d-8646-4b82-9c71-95d6c531d6e0,different_values,375,description,"Aeropuerto Internacional de Brasília (Brasil), una mujer que arribó desde Rio Branco (Acre) fue detenida por la Policía Federal al encontrar en su equipaje 6 kg de pasta base de cocaína","May 26, PRF in Terenos, Mato Grosso do Sul, stopped a truck on BR‑262 and seized 149 kg of cocaine hidden inside suitcases in the cabin. Drugs came from Corumbá and were destined for Campo Grande",aeropuerto internacional de brasília (brasil) una mujer que arribó desde rio branco (acre) fue detenida por la policía federal al encontrar en su equipaje 6 kg de pasta base de cocaína,may 26 prf in terenos mato grosso do sul stopped a truck on br‑262 and seized 149 kg of cocaine hidden inside suitcases in the cabin drugs came from corumbá and were destined for campo grande
3d2a252d-8646-4b82-9c71-95d6c531d6e0,different_values,375,source_link,https://g1.globo.com/df/distrito-federal/noticia/2025/05/28/mulher-com-bebe-de-8-meses-e-presa-transportando-10-kg-de-drogas-no-aeroporto-de-brasilia.ghtml,https://www.gov.br/prf/pt-br/noticias/estaduais/mato-grosso-do-sul/2025/maio/prf-apreende-149-kg-de-cocaina-em-terenos-ms,https://g1globocom/df/distrito-federal/noticia/2025/05/28/mulher-com-bebe-de-8-meses-e-presa-transportando-10-kg-de-drogas-no-aeroporto-de-brasiliaghtml,https://wwwgovbr/prf/pt-br/noticias/estaduais/mato-grosso-do-sul/2025/maio/prf-apreende-149-kg-de-cocaina-em-terenos-ms
34cf17bf-7deb-40ec-963a-9ae252dfe0c6,different_values,376,date_1,2025-05-27,2025-05-28 00:00:00,2025-05-27,2025-05-28 00:00:00
34cf17bf-7deb-40ec-963a-9ae252dfe0c6,different_values,376,day,27,28,27,28
34cf17bf-7deb-40ec-963a-9ae252dfe0c6,different_values,376,drug_type,Cocaine,Cocaine Base,cocaine,cocaine base
34cf17bf-7deb-40ec-963a-9ae252dfe0c6,different_values,376,quantity,13.0,6.0,130,60
34cf17bf-7deb-40ec-963a-9ae252dfe0c6,different_values,376,modus_operandi/place_seizure,Land,Air,land,air
34cf17bf-7deb-40ec-963a-9ae252dfe0c6,different_values,376,department/state,Mato Grosso do sul,Brasilia,mato grosso do sul,brasilia
34cf17bf-7deb-40ec-963a-9ae252dfe0c6,different_values,376,municipality/port,Miranda,,miranda,
34cf17bf-7deb-40ec-963a-9ae252dfe0c6,different_values,376,transit_1_region,,South America,,south america
34cf17bf-7deb-40ec-963a-9ae252dfe0c6,different_values,376,transit_1_country,,Brazil,,brazil
34cf17bf-7deb-40ec-963a-9ae252dfe0c6,different_values,376,transit_1_department/state,,Rio de Janeiro,,rio de janeiro
34cf17bf-7deb-40ec-963a-9ae252dfe0c6,different_values,376,description,"Federal Highway Police  seized 13 kg of cocaine on Tuesday 27, May in Miranda (MS).","Aeropuerto Internacional de Brasília (Brasil), una mujer que arribó desde Rio Branco (Acre) fue detenida por la Policía Federal al encontrar en su equipaje 6 kg de pasta base de cocaína",federal highway police  seized 13 kg of cocaine on tuesday 27 may in miranda (ms),aeropuerto internacional de brasília (brasil) una mujer que arribó desde rio branco (acre) fue detenida por la policía federal al encontrar en su equipaje 6 kg de pasta base de cocaína
34cf17bf-7deb-40ec-963a-9ae252dfe0c6,different_values,376,source_link,https://www.gov.br/prf/pt-br/noticias/estaduais/mato-grosso-do-sul/2025/maio/prf-apreende-20-kg-de-cocaina-e-skunk-em-miranda-ms,https://g1.globo.com/df/distrito-federal/noticia/2025/05/28/mulher-com-bebe-de-8-meses-e-presa-transportando-10-kg-de-drogas-no-aeroporto-de-brasilia.ghtml,https://wwwgovbr/prf/pt-br/noticias/estaduais/mato-grosso-do-sul/2025/maio/prf-apreende-20-kg-de-cocaina-e-skunk-em-miranda-ms,https://g1globocom/df/distrito-federal/noticia/2025/05/28/mulher-com-bebe-de-8-meses-e-presa-transportando-10-kg-de-drogas-no-aeroporto-de-brasiliaghtml
b8d31b93-2ade-41b2-8e0f-27794ec173e4,different_values,377,date_1,2025-05-28,2025-05-27 00:00:00,2025-05-28,2025-05-27 00:00:00
b8d31b93-2ade-41b2-8e0f-27794ec173e4,different_values,377,day,28,27,28,27
b8d31b93-2ade-41b2-8e0f-27794ec173e4,different_values,377,drug_type,Coca Crops,Cocaine,coca crops,cocaine
b8d31b93-2ade-41b2-8e0f-27794ec173e4,different_values,377,quantity,172.0,13.0,1720,130
b8d31b93-2ade-41b2-8e0f-27794ec173e4,different_values,377,country,Argentina,Brazil,argentina,brazil
b8d31b93-2ade-41b2-8e0f-27794ec173e4,different_values,377,department/state,Jujuy,Mato Grosso do sul,jujuy,mato grosso do sul
b8d31b93-2ade-41b2-8e0f-27794ec173e4,different_values,377,municipality/port,Volcan,Miranda,volcan,miranda
b8d31b93-2ade-41b2-8e0f-27794ec173e4,different_values,377,transit_1_region,South America,,south america,
b8d31b93-2ade-41b2-8e0f-27794ec173e4,different_values,377,transit_1_country,Paraguay,,paraguay,
b8d31b93-2ade-41b2-8e0f-27794ec173e4,different_values,377,transit_2_region,South America,,south america,
b8d31b93-2ade-41b2-8e0f-27794ec173e4,different_values,377,transit_2_country,Argentina,,argentina,
b8d31b93-2ade-41b2-8e0f-27794ec173e4,different_values,377,description,"Gendarmería Nacional detuvo un camión de bandera paraguaya transportando autos. Al inspeccionar dos vehículos en el interior del camión, hallaron 172 kg de hojas de coca distribuidas en bolsas de arpillera ocultas en su interior","Federal Highway Police  seized 13 kg of cocaine on Tuesday 27, May in Miranda (MS).",gendarmería nacional detuvo un camión de bandera paraguaya transportando autos al inspeccionar dos vehículos en el interior del camión hallaron 172 kg de hojas de coca distribuidas en bolsas de arpillera ocultas en su interior,federal highway police  seized 13 kg of cocaine on tuesday 27 may in miranda (ms)
b8d31b93-2ade-41b2-8e0f-27794ec173e4,different_values,377,source_link,https://www.argentina.gob.ar/noticias/jujuy-descubren-172-kilos-de-hojas-de-coca-dentro-de-dos-autos-que-eran-trasportados-en-un,https://www.gov.br/prf/pt-br/noticias/estaduais/mato-grosso-do-sul/2025/maio/prf-apreende-20-kg-de-cocaina-e-skunk-em-miranda-ms,https://wwwargentinagobar/noticias/jujuy-descubren-172-kilos-de-hojas-de-coca-dentro-de-dos-autos-que-eran-trasportados-en-un,https://wwwgovbr/prf/pt-br/noticias/estaduais/mato-grosso-do-sul/2025/maio/prf-apreende-20-kg-de-cocaina-e-skunk-em-miranda-ms
b8d31b93-2ade-41b2-8e0f-27794ec173e4,different_values,377,archived_link,Archived Link - Argentina,Archived Link - Brazil,archived link - argentina,archived link - brazil
710ec4f2-bab5-482f-8a8a-1e233558aca6,different_values,378,date_1,2025-05-26,2025-05-28 00:00:00,2025-05-26,2025-05-28 00:00:00
710ec4f2-bab5-482f-8a8a-1e233558aca6,different_values,378,day,26,28,26,28
710ec4f2-bab5-482f-8a8a-1e233558aca6,different_values,378,drug_type,Cocaine,Coca Crops,cocaine,coca crops
710ec4f2-bab5-482f-8a8a-1e233558aca6,different_values,378,quantity,2.0,172.0,20,1720
710ec4f2-bab5-482f-8a8a-1e233558aca6,different_values,378,department/state,Chubut,Jujuy,chubut,jujuy
710ec4f2-bab5-482f-8a8a-1e233558aca6,different_values,378,municipality/port,,Volcan,,volcan
710ec4f2-bab5-482f-8a8a-1e233558aca6,different_values,378,transit_1_region,,South America,,south america
710ec4f2-bab5-482f-8a8a-1e233558aca6,different_values,378,transit_1_country,,Paraguay,,paraguay
710ec4f2-bab5-482f-8a8a-1e233558aca6,different_values,378,transit_2_region,,South America,,south america
710ec4f2-bab5-482f-8a8a-1e233558aca6,different_values,378,transit_2_country,,Argentina,,argentina
710ec4f2-bab5-482f-8a8a-1e233558aca6,different_values,378,description,Chubut: Detienen a pasajero de un ómnibus que ocultaba 2 kilos de cocaína entre sus pertenencias,"Gendarmería Nacional detuvo un camión de bandera paraguaya transportando autos. Al inspeccionar dos vehículos en el interior del camión, hallaron 172 kg de hojas de coca distribuidas en bolsas de arpillera ocultas en su interior",chubut: detienen a pasajero de un ómnibus que ocultaba 2 kilos de cocaína entre sus pertenencias,gendarmería nacional detuvo un camión de bandera paraguaya transportando autos al inspeccionar dos vehículos en el interior del camión hallaron 172 kg de hojas de coca distribuidas en bolsas de arpillera ocultas en su interior
710ec4f2-bab5-482f-8a8a-1e233558aca6,different_values,378,source_link,https://www.argentina.gob.ar/noticias/chubut-detienen-pasajero-de-un-omnibus-que-ocultaba-2-kilos-de-cocaina-entre-sus,https://www.argentina.gob.ar/noticias/jujuy-descubren-172-kilos-de-hojas-de-coca-dentro-de-dos-autos-que-eran-trasportados-en-un,https://wwwargentinagobar/noticias/chubut-detienen-pasajero-de-un-omnibus-que-ocultaba-2-kilos-de-cocaina-entre-sus,https://wwwargentinagobar/noticias/jujuy-descubren-172-kilos-de-hojas-de-coca-dentro-de-dos-autos-que-eran-trasportados-en-un
713c1aa3-fe73-4c4e-9edb-2e3b4e90b1bc,different_values,379,date_1,2025-06-07,2025-05-26 00:00:00,2025-06-07,2025-05-26 00:00:00
713c1aa3-fe73-4c4e-9edb-2e3b4e90b1bc,different_values,379,month,6,5,6,5
713c1aa3-fe73-4c4e-9edb-2e3b4e90b1bc,different_values,379,day,7,26,7,26
713c1aa3-fe73-4c4e-9edb-2e3b4e90b1bc,different_values,379,quantity,3.0,2.0,30,20
713c1aa3-fe73-4c4e-9edb-2e3b4e90b1bc,different_values,379,modus_operandi/place_seizure,River vessel,Land,river vessel,land
713c1aa3-fe73-4c4e-9edb-2e3b4e90b1bc,different_values,379,department/state,Misiones,Chubut,misiones,chubut
713c1aa3-fe73-4c4e-9edb-2e3b4e90b1bc,different_values,379,municipality/port,Eldorado,,eldorado,
713c1aa3-fe73-4c4e-9edb-2e3b4e90b1bc,different_values,379,transit_1_region,South America,,south america,
713c1aa3-fe73-4c4e-9edb-2e3b4e90b1bc,different_values,379,transit_1_country,Paraguay,,paraguay,
713c1aa3-fe73-4c4e-9edb-2e3b4e90b1bc,different_values,379,description,"Personal de la Prefectura detuvo a dos personas que intentaron ingresar en la Argentina con diversos tipos de droga escondidos en el interior de una hidrolavadora. Los detenidos trasladaban los estupefacientes en una embarcación y cruzaban el río Paraná desde Paraguay hacia la costa argentina. El hecho ocurrió en la localidad de Eldorado, provincia de Misiones. Allí, se constató que los involucrados llevaban una caja con una hidrolavadora. Con la ayuda de un can especializado en detectar narcóticos, los prefectos hallaron más de tres kilos de estupefacientes ocultos en el interior de la máquina. Entre las sustancias ilícitas que se encontraron había cocaína y cien dosis de LSD.",Chubut: Detienen a pasajero de un ómnibus que ocultaba 2 kilos de cocaína entre sus pertenencias,personal de la prefectura detuvo a dos personas que intentaron ingresar en la argentina con diversos tipos de droga escondidos en el interior de una hidrolavadora los detenidos trasladaban los estupefacientes en una embarcación y cruzaban el río paraná desde paraguay hacia la costa argentina el hecho ocurrió en la localidad de eldorado provincia de misiones allí se constató que los involucrados llevaban una caja con una hidrolavadora con la ayuda de un can especializado en detectar narcóticos los prefectos hallaron más de tres kilos de estupefacientes ocultos en el interior de la máquina entre las sustancias ilícitas que se encontraron había cocaína y cien dosis de lsd,chubut: detienen a pasajero de un ómnibus que ocultaba 2 kilos de cocaína entre sus pertenencias
713c1aa3-fe73-4c4e-9edb-2e3b4e90b1bc,different_values,379,source_link,https://www.lanacion.com.ar/seguridad/atraparon-a-dos-personas-que-trasladaban-droga-oculta-en-una-hidrolavadora-nid07062025/,https://www.argentina.gob.ar/noticias/chubut-detienen-pasajero-de-un-omnibus-que-ocultaba-2-kilos-de-cocaina-entre-sus,https://wwwlanacioncomar/seguridad/atraparon-a-dos-personas-que-trasladaban-droga-oculta-en-una-hidrolavadora-nid07062025/,https://wwwargentinagobar/noticias/chubut-detienen-pasajero-de-un-omnibus-que-ocultaba-2-kilos-de-cocaina-entre-sus
8c8f3907-88e3-4641-84e3-84cc087d57cb,different_values,380,date_1,2025-06-08,2025-06-07 00:00:00,2025-06-08,2025-06-07 00:00:00
8c8f3907-88e3-4641-84e3-84cc087d57cb,different_values,380,day,8,7,8,7
8c8f3907-88e3-4641-84e3-84cc087d57cb,different_values,380,quantity,307.0,3.0,3070,30
8c8f3907-88e3-4641-84e3-84cc087d57cb,different_values,380,modus_operandi/place_seizure,Land,River vessel,land,river vessel
8c8f3907-88e3-4641-84e3-84cc087d57cb,different_values,380,municipality/port,Alba Posse,Eldorado,alba posse,eldorado
8c8f3907-88e3-4641-84e3-84cc087d57cb,different_values,380,transit_1_region,,South America,,south america
8c8f3907-88e3-4641-84e3-84cc087d57cb,different_values,380,transit_1_country,,Paraguay,,paraguay
8c8f3907-88e3-4641-84e3-84cc087d57cb,different_values,380,destination_1_country,Brazil,,brazil,
8c8f3907-88e3-4641-84e3-84cc087d57cb,different_values,380,description,"Efectivos de la Prefectura Naval Argentina incautaron un cargamento de más de 300 kilos de estupefacientes, en el marco de un operativo realizado en la localidad misionera de Alba Posse. El procedimiento fue producto de un trabajo conjunto entre las Delegaciones de Inteligencia Criminal e Investigaciones de la Prefectura en Zona Alto Paraná, Puerto Libertad, Alba Posse, El Soberbio, y el Grupo Operativo Conjunto de Lucha Contra el Narcotráfico del Nordeste Argentino (GOCNEA). La acción comenzó tras recibir un llamado telefónico que alertaba sobre el posible traslado de estupefacientes en un rodado con destino a Brasil.","Personal de la Prefectura detuvo a dos personas que intentaron ingresar en la Argentina con diversos tipos de droga escondidos en el interior de una hidrolavadora. Los detenidos trasladaban los estupefacientes en una embarcación y cruzaban el río Paraná desde Paraguay hacia la costa argentina. El hecho ocurrió en la localidad de Eldorado, provincia de Misiones. Allí, se constató que los involucrados llevaban una caja con una hidrolavadora. Con la ayuda de un can especializado en detectar narcóticos, los prefectos hallaron más de tres kilos de estupefacientes ocultos en el interior de la máquina. Entre las sustancias ilícitas que se encontraron había cocaína y cien dosis de LSD.",efectivos de la prefectura naval argentina incautaron un cargamento de más de 300 kilos de estupefacientes en el marco de un operativo realizado en la localidad misionera de alba posse el procedimiento fue producto de un trabajo conjunto entre las delegaciones de inteligencia criminal e investigaciones de la prefectura en zona alto paraná puerto libertad alba posse el soberbio y el grupo operativo conjunto de lucha contra el narcotráfico del nordeste argentino (gocnea) la acción comenzó tras recibir un llamado telefónico que alertaba sobre el posible traslado de estupefacientes en un rodado con destino a brasil,personal de la prefectura detuvo a dos personas que intentaron ingresar en la argentina con diversos tipos de droga escondidos en el interior de una hidrolavadora los detenidos trasladaban los estupefacientes en una embarcación y cruzaban el río paraná desde paraguay hacia la costa argentina el hecho ocurrió en la localidad de eldorado provincia de misiones allí se constató que los involucrados llevaban una caja con una hidrolavadora con la ayuda de un can especializado en detectar narcóticos los prefectos hallaron más de tres kilos de estupefacientes ocultos en el interior de la máquina entre las sustancias ilícitas que se encontraron había cocaína y cien dosis de lsd
8c8f3907-88e3-4641-84e3-84cc087d57cb,different_values,380,source_link,https://www.argentina.gob.ar/noticias/prefectura-secuestro-mas-de-300-kilos-de-droga-en-misiones,https://www.lanacion.com.ar/seguridad/atraparon-a-dos-personas-que-trasladaban-droga-oculta-en-una-hidrolavadora-nid07062025/,https://wwwargentinagobar/noticias/prefectura-secuestro-mas-de-300-kilos-de-droga-en-misiones,https://wwwlanacioncomar/seguridad/atraparon-a-dos-personas-que-trasladaban-droga-oculta-en-una-hidrolavadora-nid07062025/
2f3f2307-2989-44ff-8a52-4d8e69cd3710,different_values,381,date_1,2025-06-08,2025-06-08 00:00:00,2025-06-08,2025-06-08 00:00:00
2f3f2307-2989-44ff-8a52-4d8e69cd3710,different_values,381,quantity,158.0,307.0,1580,3070
2f3f2307-2989-44ff-8a52-4d8e69cd3710,different_values,381,weight_unit,Package,Kilogram,package,kilogram
2f3f2307-2989-44ff-8a52-4d8e69cd3710,different_values,381,region,Central America,South America,central america,south america
2f3f2307-2989-44ff-8a52-4d8e69cd3710,different_values,381,country,Guatemala,Argentina,guatemala,argentina
2f3f2307-2989-44ff-8a52-4d8e69cd3710,different_values,381,department/state,Suchitepéquez,Misiones,suchitepéquez,misiones
2f3f2307-2989-44ff-8a52-4d8e69cd3710,different_values,381,municipality/port,Nahualate,Alba Posse,nahualate,alba posse
2f3f2307-2989-44ff-8a52-4d8e69cd3710,different_values,381,destination_1_country,,Brazil,,brazil
2f3f2307-2989-44ff-8a52-4d8e69cd3710,different_values,381,description,"La Policía Nacional Civil (PNC) informó que tras un operativo de persecución logró el decomiso de 158 paquetes con cocaína ocultos en un vehículo que protagonizó un accidente de tránsito en el kilómetro 136 de la ruta CA-2, en el municipio de Nahualate, Suchitepéquez.","Efectivos de la Prefectura Naval Argentina incautaron un cargamento de más de 300 kilos de estupefacientes, en el marco de un operativo realizado en la localidad misionera de Alba Posse. El procedimiento fue producto de un trabajo conjunto entre las Delegaciones de Inteligencia Criminal e Investigaciones de la Prefectura en Zona Alto Paraná, Puerto Libertad, Alba Posse, El Soberbio, y el Grupo Operativo Conjunto de Lucha Contra el Narcotráfico del Nordeste Argentino (GOCNEA). La acción comenzó tras recibir un llamado telefónico que alertaba sobre el posible traslado de estupefacientes en un rodado con destino a Brasil.",la policía nacional civil (pnc) informó que tras un operativo de persecución logró el decomiso de 158 paquetes con cocaína ocultos en un vehículo que protagonizó un accidente de tránsito en el kilómetro 136 de la ruta ca-2 en el municipio de nahualate suchitepéquez,efectivos de la prefectura naval argentina incautaron un cargamento de más de 300 kilos de estupefacientes en el marco de un operativo realizado en la localidad misionera de alba posse el procedimiento fue producto de un trabajo conjunto entre las delegaciones de inteligencia criminal e investigaciones de la prefectura en zona alto paraná puerto libertad alba posse el soberbio y el grupo operativo conjunto de lucha contra el narcotráfico del nordeste argentino (gocnea) la acción comenzó tras recibir un llamado telefónico que alertaba sobre el posible traslado de estupefacientes en un rodado con destino a brasil
2f3f2307-2989-44ff-8a52-4d8e69cd3710,different_values,381,source_link,https://lahora.gt/nacionales/dguzman/2025/06/08/persecucion-e-intercambio-de-disparos-terminan-con-incautacion-de-cocaina-valorada-en-1-millon-de-dolares/,https://www.argentina.gob.ar/noticias/prefectura-secuestro-mas-de-300-kilos-de-droga-en-misiones,https://lahoragt/nacionales/dguzman/2025/06/08/persecucion-e-intercambio-de-disparos-terminan-con-incautacion-de-cocaina-valorada-en-1-millon-de-dolares/,https://wwwargentinagobar/noticias/prefectura-secuestro-mas-de-300-kilos-de-droga-en-misiones
2f3f2307-2989-44ff-8a52-4d8e69cd3710,different_values,381,archived_link,Archived Link - Guatemala,Archived Link - Argentina,archived link - guatemala,archived link - argentina
711ae426-2b95-4001-b1eb-edf77cb2dd4e,different_values,382,date_1,2025-06-08,2025-06-08 00:00:00,2025-06-08,2025-06-08 00:00:00
711ae426-2b95-4001-b1eb-edf77cb2dd4e,different_values,382,quantity,503.0,158.0,5030,1580
711ae426-2b95-4001-b1eb-edf77cb2dd4e,different_values,382,region,North America,Central America,north america,central america
711ae426-2b95-4001-b1eb-edf77cb2dd4e,different_values,382,country,Mexico,Guatemala,mexico,guatemala
711ae426-2b95-4001-b1eb-edf77cb2dd4e,different_values,382,department/state,Sonora,Suchitepéquez,sonora,suchitepéquez
711ae426-2b95-4001-b1eb-edf77cb2dd4e,different_values,382,municipality/port,San Luis Río Colorado,Nahualate,san luis río colorado,nahualate
711ae426-2b95-4001-b1eb-edf77cb2dd4e,different_values,382,description,"Elementos del Ejército mexicano, integrantes de la Mesa Estatal de Seguridad, dieron a conocer la detención de una persona identificada como Israel 'N', quien conducía un tractocamión con más de 500 kilos de cocaína en la caja de la unidad, en Sonora.
https://www.milenio.com/estados/ejercito-decomisa-mas-de-500-kilos-de-cocaina-dentro-camion-en-sonora","La Policía Nacional Civil (PNC) informó que tras un operativo de persecución logró el decomiso de 158 paquetes con cocaína ocultos en un vehículo que protagonizó un accidente de tránsito en el kilómetro 136 de la ruta CA-2, en el municipio de Nahualate, Suchitepéquez.","elementos del ejército mexicano integrantes de la mesa estatal de seguridad dieron a conocer la detención de una persona identificada como israel 'n' quien conducía un tractocamión con más de 500 kilos de cocaína en la caja de la unidad en sonora
https://wwwmileniocom/estados/ejercito-decomisa-mas-de-500-kilos-de-cocaina-dentro-camion-en-sonora",la policía nacional civil (pnc) informó que tras un operativo de persecución logró el decomiso de 158 paquetes con cocaína ocultos en un vehículo que protagonizó un accidente de tránsito en el kilómetro 136 de la ruta ca-2 en el municipio de nahualate suchitepéquez
711ae426-2b95-4001-b1eb-edf77cb2dd4e,different_values,382,source_link,https://www.milenio.com/estados/ejercito-decomisa-mas-de-500-kilos-de-cocaina-dentro-camion-en-sonora,https://lahora.gt/nacionales/dguzman/2025/06/08/persecucion-e-intercambio-de-disparos-terminan-con-incautacion-de-cocaina-valorada-en-1-millon-de-dolares/,https://wwwmileniocom/estados/ejercito-decomisa-mas-de-500-kilos-de-cocaina-dentro-camion-en-sonora,https://lahoragt/nacionales/dguzman/2025/06/08/persecucion-e-intercambio-de-disparos-terminan-con-incautacion-de-cocaina-valorada-en-1-millon-de-dolares/
711ae426-2b95-4001-b1eb-edf77cb2dd4e,different_values,382,archived_link,Archived Link - Mexico,Archived Link - Guatemala,archived link - mexico,archived link - guatemala
46e84db7-135d-410f-88f3-7a4c919d935d,different_values,383,date_1,2025-06-06,2025-06-08 00:00:00,2025-06-06,2025-06-08 00:00:00
46e84db7-135d-410f-88f3-7a4c919d935d,different_values,383,day,6,8,6,8
46e84db7-135d-410f-88f3-7a4c919d935d,different_values,383,quantity,1193.0,503.0,11930,5030
46e84db7-135d-410f-88f3-7a4c919d935d,different_values,383,weight_unit,Kilogram,Package,kilogram,package
46e84db7-135d-410f-88f3-7a4c919d935d,different_values,383,department/state,Chiapas,Sonora,chiapas,sonora
46e84db7-135d-410f-88f3-7a4c919d935d,different_values,383,municipality/port,Huixtla,San Luis Río Colorado,huixtla,san luis río colorado
46e84db7-135d-410f-88f3-7a4c919d935d,different_values,383,transit_1_region,Central America,,central america,
46e84db7-135d-410f-88f3-7a4c919d935d,different_values,383,transit_1_country,Guatemala,,guatemala,
46e84db7-135d-410f-88f3-7a4c919d935d,different_values,383,description,"En un importante golpe al crimen organizado, autoridades federales incautaron mil 193 kilos de cocaína en un tractocamión interceptado en la aduana de Ciudad Hidalgo, en el municipio de Huixtla, Chiapas, cerca de la frontera con Guatemala. El conductor del vehículo, un hombre de 45 años, fue detenido y se le vincula con el Cártel Nueva Generación (CNG).","Elementos del Ejército mexicano, integrantes de la Mesa Estatal de Seguridad, dieron a conocer la detención de una persona identificada como Israel 'N', quien conducía un tractocamión con más de 500 kilos de cocaína en la caja de la unidad, en Sonora.
https://www.milenio.com/estados/ejercito-decomisa-mas-de-500-kilos-de-cocaina-dentro-camion-en-sonora",en un importante golpe al crimen organizado autoridades federales incautaron mil 193 kilos de cocaína en un tractocamión interceptado en la aduana de ciudad hidalgo en el municipio de huixtla chiapas cerca de la frontera con guatemala el conductor del vehículo un hombre de 45 años fue detenido y se le vincula con el cártel nueva generación (cng),"elementos del ejército mexicano integrantes de la mesa estatal de seguridad dieron a conocer la detención de una persona identificada como israel 'n' quien conducía un tractocamión con más de 500 kilos de cocaína en la caja de la unidad en sonora
https://wwwmileniocom/estados/ejercito-decomisa-mas-de-500-kilos-de-cocaina-dentro-camion-en-sonora"
46e84db7-135d-410f-88f3-7a4c919d935d,different_values,383,criminal_group_1,CJNG,,cjng,
46e84db7-135d-410f-88f3-7a4c919d935d,different_values,383,source_link,https://www.informador.mx/mexico/Decomisan-mas-de-una-tonelada-de-cocaina-en-Chiapas-detienen-a-presunto-integrante-del-CNG-20250606-0150.html,https://www.milenio.com/estados/ejercito-decomisa-mas-de-500-kilos-de-cocaina-dentro-camion-en-sonora,https://wwwinformadormx/mexico/decomisan-mas-de-una-tonelada-de-cocaina-en-chiapas-detienen-a-presunto-integrante-del-cng-20250606-0150html,https://wwwmileniocom/estados/ejercito-decomisa-mas-de-500-kilos-de-cocaina-dentro-camion-en-sonora
9c1e3b9f-56ed-4691-8767-ad4c71b89cba,different_values,384,date_1,2025-06-08,2025-06-06 00:00:00,2025-06-08,2025-06-06 00:00:00
9c1e3b9f-56ed-4691-8767-ad4c71b89cba,different_values,384,day,8,6,8,6
9c1e3b9f-56ed-4691-8767-ad4c71b89cba,different_values,384,quantity,1500.0,1193.0,15000,11930
9c1e3b9f-56ed-4691-8767-ad4c71b89cba,different_values,384,region,South America,North America,south america,north america
9c1e3b9f-56ed-4691-8767-ad4c71b89cba,different_values,384,country,Colombia,Mexico,colombia,mexico
9c1e3b9f-56ed-4691-8767-ad4c71b89cba,different_values,384,department/state,Huila,Chiapas,huila,chiapas
9c1e3b9f-56ed-4691-8767-ad4c71b89cba,different_values,384,municipality/port,Pitalito,Huixtla,pitalito,huixtla
9c1e3b9f-56ed-4691-8767-ad4c71b89cba,different_values,384,transit_1_region,,Central America,,central america
9c1e3b9f-56ed-4691-8767-ad4c71b89cba,different_values,384,transit_1_country,,Guatemala,,guatemala
9c1e3b9f-56ed-4691-8767-ad4c71b89cba,different_values,384,description,"Durante una operación militar adelantada en zona rural del municipio de Pitalito, al sur del Huila, integrantes del Ejército incautaron 1.500 kilogramos de clorhidrato de cocaína de alta pureza y capturaron a un sujeto en flagrancia. De acuerdo con los militares que participaron en esta intervención de control, la droga tendría como destino el exterior y pertenecería al grupo armado al margen de la ley Comandos de Frontera, una disidencia de las Farc.","En un importante golpe al crimen organizado, autoridades federales incautaron mil 193 kilos de cocaína en un tractocamión interceptado en la aduana de Ciudad Hidalgo, en el municipio de Huixtla, Chiapas, cerca de la frontera con Guatemala. El conductor del vehículo, un hombre de 45 años, fue detenido y se le vincula con el Cártel Nueva Generación (CNG).",durante una operación militar adelantada en zona rural del municipio de pitalito al sur del huila integrantes del ejército incautaron 1500 kilogramos de clorhidrato de cocaína de alta pureza y capturaron a un sujeto en flagrancia de acuerdo con los militares que participaron en esta intervención de control la droga tendría como destino el exterior y pertenecería al grupo armado al margen de la ley comandos de frontera una disidencia de las farc,en un importante golpe al crimen organizado autoridades federales incautaron mil 193 kilos de cocaína en un tractocamión interceptado en la aduana de ciudad hidalgo en el municipio de huixtla chiapas cerca de la frontera con guatemala el conductor del vehículo un hombre de 45 años fue detenido y se le vincula con el cártel nueva generación (cng)
9c1e3b9f-56ed-4691-8767-ad4c71b89cba,different_values,384,criminal_group_1,Comandos de la Frontera (disidencia de las FARC),CJNG,comandos de la frontera (disidencia de las farc),cjng
9c1e3b9f-56ed-4691-8767-ad4c71b89cba,different_values,384,source_link,https://www.elpais.com.co/judicial/encuentran-poderoso-cargamento-de-cocaina-camuflado-en-la-rueda-de-una-tractomula-0841.html,https://www.informador.mx/mexico/Decomisan-mas-de-una-tonelada-de-cocaina-en-Chiapas-detienen-a-presunto-integrante-del-CNG-20250606-0150.html,https://wwwelpaiscomco/judicial/encuentran-poderoso-cargamento-de-cocaina-camuflado-en-la-rueda-de-una-tractomula-0841html,https://wwwinformadormx/mexico/decomisan-mas-de-una-tonelada-de-cocaina-en-chiapas-detienen-a-presunto-integrante-del-cng-20250606-0150html
9c1e3b9f-56ed-4691-8767-ad4c71b89cba,different_values,384,archived_link,Archived Link - Colombia,Archived Link - Mexico,archived link - colombia,archived link - mexico
342ed35c-4e68-49db-ae34-2f8b0757a4cd,different_values,385,date_1,2025-06-06,2025-06-08 00:00:00,2025-06-06,2025-06-08 00:00:00
342ed35c-4e68-49db-ae34-2f8b0757a4cd,different_values,385,day,6,8,6,8
342ed35c-4e68-49db-ae34-2f8b0757a4cd,different_values,385,quantity,4717.0,1500.0,47170,15000
342ed35c-4e68-49db-ae34-2f8b0757a4cd,different_values,385,region,North America,South America,north america,south america
342ed35c-4e68-49db-ae34-2f8b0757a4cd,different_values,385,country,United States,Colombia,united states,colombia
342ed35c-4e68-49db-ae34-2f8b0757a4cd,different_values,385,department/state,California,Huila,california,huila
342ed35c-4e68-49db-ae34-2f8b0757a4cd,different_values,385,municipality/port,San Diego,Pitalito,san diego,pitalito
342ed35c-4e68-49db-ae34-2f8b0757a4cd,different_values,385,transit_1_region,North America,,north america,
342ed35c-4e68-49db-ae34-2f8b0757a4cd,different_values,385,transit_1_country,Mexico,,mexico,
342ed35c-4e68-49db-ae34-2f8b0757a4cd,different_values,385,transit_1_department/state,Baja California,,baja california,
342ed35c-4e68-49db-ae34-2f8b0757a4cd,different_values,385,transit_1_municipality/port,Temecula,,temecula,
342ed35c-4e68-49db-ae34-2f8b0757a4cd,different_values,385,description,"Agentes de la Patrulla Fronteriza de Estados Unidos del Sector de San Diego evitaron un importante intento de tráfico de drogas, interceptando 104 libras de cocaína cuidadosamente oculta durante una parada de vehículo en la Interestatal 15. El incidente ocurrió el 4 de junio a la 1:50 p. m., cuando agentes asignados a la Estación Newton-Azrak detuvieron una camioneta SUV plateada en el puesto de control de inmigración de la Patrulla Fronteriza I-15 Norte en Temecula. ","Durante una operación militar adelantada en zona rural del municipio de Pitalito, al sur del Huila, integrantes del Ejército incautaron 1.500 kilogramos de clorhidrato de cocaína de alta pureza y capturaron a un sujeto en flagrancia. De acuerdo con los militares que participaron en esta intervención de control, la droga tendría como destino el exterior y pertenecería al grupo armado al margen de la ley Comandos de Frontera, una disidencia de las Farc.",agentes de la patrulla fronteriza de estados unidos del sector de san diego evitaron un importante intento de tráfico de drogas interceptando 104 libras de cocaína cuidadosamente oculta durante una parada de vehículo en la interestatal 15 el incidente ocurrió el 4 de junio a la 1:50 p m cuando agentes asignados a la estación newton-azrak detuvieron una camioneta suv plateada en el puesto de control de inmigración de la patrulla fronteriza i-15 norte en temecula,durante una operación militar adelantada en zona rural del municipio de pitalito al sur del huila integrantes del ejército incautaron 1500 kilogramos de clorhidrato de cocaína de alta pureza y capturaron a un sujeto en flagrancia de acuerdo con los militares que participaron en esta intervención de control la droga tendría como destino el exterior y pertenecería al grupo armado al margen de la ley comandos de frontera una disidencia de las farc
342ed35c-4e68-49db-ae34-2f8b0757a4cd,different_values,385,criminal_group_1,,Comandos de la Frontera (disidencia de las FARC),,comandos de la frontera (disidencia de las farc)
342ed35c-4e68-49db-ae34-2f8b0757a4cd,different_values,385,source_link,https://www.cbp.gov/newsroom/local-media-release/san-diego-sector-border-patrol-stop-yields-104-pound-cocaine-seizure,https://www.elpais.com.co/judicial/encuentran-poderoso-cargamento-de-cocaina-camuflado-en-la-rueda-de-una-tractomula-0841.html,https://wwwcbpgov/newsroom/local-media-release/san-diego-sector-border-patrol-stop-yields-104-pound-cocaine-seizure,https://wwwelpaiscomco/judicial/encuentran-poderoso-cargamento-de-cocaina-camuflado-en-la-rueda-de-una-tractomula-0841html
342ed35c-4e68-49db-ae34-2f8b0757a4cd,different_values,385,archived_link,Archived Link - United States,Archived Link - Colombia,archived link - united states,archived link - colombia
fc53b482-c1f1-4039-92d5-1aeab0b45466,different_values,386,date_1,2025-06-07,2025-06-06 00:00:00,2025-06-07,2025-06-06 00:00:00
fc53b482-c1f1-4039-92d5-1aeab0b45466,different_values,386,day,7,6,7,6
fc53b482-c1f1-4039-92d5-1aeab0b45466,different_values,386,quantity,21.0,4717.0,210,47170
fc53b482-c1f1-4039-92d5-1aeab0b45466,different_values,386,weight_unit,Package,Kilogram,package,kilogram
fc53b482-c1f1-4039-92d5-1aeab0b45466,different_values,386,region,South America,North America,south america,north america
fc53b482-c1f1-4039-92d5-1aeab0b45466,different_values,386,country,Brazil,United States,brazil,united states
fc53b482-c1f1-4039-92d5-1aeab0b45466,different_values,386,department/state,Amazonas,California,amazonas,california
fc53b482-c1f1-4039-92d5-1aeab0b45466,different_values,386,municipality/port,,San Diego,,san diego
fc53b482-c1f1-4039-92d5-1aeab0b45466,different_values,386,transit_1_region,,North America,,north america
fc53b482-c1f1-4039-92d5-1aeab0b45466,different_values,386,transit_1_country,,Mexico,,mexico
fc53b482-c1f1-4039-92d5-1aeab0b45466,different_values,386,transit_1_department/state,,Baja California,,baja california
fc53b482-c1f1-4039-92d5-1aeab0b45466,different_values,386,transit_1_municipality/port,,Temecula,,temecula
fc53b482-c1f1-4039-92d5-1aeab0b45466,different_values,386,description,"La Policía Federal de Carreteras (PRF) incautó 21 tabletas de clorhidrato de cocaína ocultas en el tanque de una camioneta en la BR-135, la tarde de este sábado (7). El vehículo era conducido por un hombre de 35 años, originario del estado de Amazonas.","Agentes de la Patrulla Fronteriza de Estados Unidos del Sector de San Diego evitaron un importante intento de tráfico de drogas, interceptando 104 libras de cocaína cuidadosamente oculta durante una parada de vehículo en la Interestatal 15. El incidente ocurrió el 4 de junio a la 1:50 p. m., cuando agentes asignados a la Estación Newton-Azrak detuvieron una camioneta SUV plateada en el puesto de control de inmigración de la Patrulla Fronteriza I-15 Norte en Temecula. ",la policía federal de carreteras (prf) incautó 21 tabletas de clorhidrato de cocaína ocultas en el tanque de una camioneta en la br-135 la tarde de este sábado (7) el vehículo era conducido por un hombre de 35 años originario del estado de amazonas,agentes de la patrulla fronteriza de estados unidos del sector de san diego evitaron un importante intento de tráfico de drogas interceptando 104 libras de cocaína cuidadosamente oculta durante una parada de vehículo en la interestatal 15 el incidente ocurrió el 4 de junio a la 1:50 p m cuando agentes asignados a la estación newton-azrak detuvieron una camioneta suv plateada en el puesto de control de inmigración de la patrulla fronteriza i-15 norte en temecula
fc53b482-c1f1-4039-92d5-1aeab0b45466,different_values,386,source_link,https://g1.globo.com/ma/maranhao/noticia/2025/06/07/prf-apreende-21-tabletes-de-cloridrato-de-cocaina-dentro-do-tanque-de-uma-caminhonete-na-br-135-no-ma.ghtml,https://www.cbp.gov/newsroom/local-media-release/san-diego-sector-border-patrol-stop-yields-104-pound-cocaine-seizure,https://g1globocom/ma/maranhao/noticia/2025/06/07/prf-apreende-21-tabletes-de-cloridrato-de-cocaina-dentro-do-tanque-de-uma-caminhonete-na-br-135-no-maghtml,https://wwwcbpgov/newsroom/local-media-release/san-diego-sector-border-patrol-stop-yields-104-pound-cocaine-seizure
fc53b482-c1f1-4039-92d5-1aeab0b45466,different_values,386,archived_link,Archived Link - Brazil,Archived Link - United States,archived link - brazil,archived link - united states
e2eefbc7-55c9-416c-af53-729c3b2a262a,different_values,387,date_1,2025-06-08,2025-06-07 00:00:00,2025-06-08,2025-06-07 00:00:00
e2eefbc7-55c9-416c-af53-729c3b2a262a,different_values,387,day,8,7,8,7
e2eefbc7-55c9-416c-af53-729c3b2a262a,different_values,387,quantity,32.0,21.0,320,210
e2eefbc7-55c9-416c-af53-729c3b2a262a,different_values,387,weight_unit,Kilogram,Package,kilogram,package
e2eefbc7-55c9-416c-af53-729c3b2a262a,different_values,387,department/state,Río de Janeiro,Amazonas,río de janeiro,amazonas
e2eefbc7-55c9-416c-af53-729c3b2a262a,different_values,387,municipality/port,Piraí,,piraí,
e2eefbc7-55c9-416c-af53-729c3b2a262a,different_values,387,description,"La noche del sábado 7 de junio, la Policía Federal arrestó a un camionero que transportaba alrededor de 600 kg de marihuana y 32 kg de cocaína, ocultos entre un cargamento de productos de limpieza. El abordaje ocurrió en la Carretera Presidente Dutra, cerca del municipio de Piraí/RJ, durante un retén policial realizado por la Policía Federal. El operativo contó con la ayuda de perros rastreadores que localizaron las cajas ocultas donde se almacenaba la droga. Además de la droga, la policía encontró un revólver calibre .38 con el número de serie borrado en posesión del conductor.","La Policía Federal de Carreteras (PRF) incautó 21 tabletas de clorhidrato de cocaína ocultas en el tanque de una camioneta en la BR-135, la tarde de este sábado (7). El vehículo era conducido por un hombre de 35 años, originario del estado de Amazonas.",la noche del sábado 7 de junio la policía federal arrestó a un camionero que transportaba alrededor de 600 kg de marihuana y 32 kg de cocaína ocultos entre un cargamento de productos de limpieza el abordaje ocurrió en la carretera presidente dutra cerca del municipio de piraí/rj durante un retén policial realizado por la policía federal el operativo contó con la ayuda de perros rastreadores que localizaron las cajas ocultas donde se almacenaba la droga además de la droga la policía encontró un revólver calibre 38 con el número de serie borrado en posesión del conductor,la policía federal de carreteras (prf) incautó 21 tabletas de clorhidrato de cocaína ocultas en el tanque de una camioneta en la br-135 la tarde de este sábado (7) el vehículo era conducido por un hombre de 35 años originario del estado de amazonas
e2eefbc7-55c9-416c-af53-729c3b2a262a,different_values,387,source_link,https://www.gov.br/pf/pt-br/assuntos/noticias/2025/06/pf-apreende-mais-de-600-kg-de-drogas-e-arma-de-fogo-em-caminhao-interceptado-na-rodovia-presidente-dutra,https://g1.globo.com/ma/maranhao/noticia/2025/06/07/prf-apreende-21-tabletes-de-cloridrato-de-cocaina-dentro-do-tanque-de-uma-caminhonete-na-br-135-no-ma.ghtml,https://wwwgovbr/pf/pt-br/assuntos/noticias/2025/06/pf-apreende-mais-de-600-kg-de-drogas-e-arma-de-fogo-em-caminhao-interceptado-na-rodovia-presidente-dutra,https://g1globocom/ma/maranhao/noticia/2025/06/07/prf-apreende-21-tabletes-de-cloridrato-de-cocaina-dentro-do-tanque-de-uma-caminhonete-na-br-135-no-maghtml
619f5f45-fd42-4f5e-b50f-4cc6853d4408,different_values,388,date_1,2025-06-06,2025-06-08 00:00:00,2025-06-06,2025-06-08 00:00:00
619f5f45-fd42-4f5e-b50f-4cc6853d4408,different_values,388,day,6,8,6,8
619f5f45-fd42-4f5e-b50f-4cc6853d4408,different_values,388,quantity,270.0,32.0,2700,320
619f5f45-fd42-4f5e-b50f-4cc6853d4408,different_values,388,weight_unit,Package,Kilogram,package,kilogram
619f5f45-fd42-4f5e-b50f-4cc6853d4408,different_values,388,department/state,Cuiabá,Río de Janeiro,cuiabá,río de janeiro
619f5f45-fd42-4f5e-b50f-4cc6853d4408,different_values,388,municipality/port,,Piraí,,piraí
619f5f45-fd42-4f5e-b50f-4cc6853d4408,different_values,388,description,"Un conductor de 30 años y un pasajero de 45 fueron detenidos después de que la Policía Federal de Carreteras (PRF) encontrara más de 270 tabletas de cocaína escondidas en los tanques del camión en que viajaban, este jueves (5), en Cuiabá .","La noche del sábado 7 de junio, la Policía Federal arrestó a un camionero que transportaba alrededor de 600 kg de marihuana y 32 kg de cocaína, ocultos entre un cargamento de productos de limpieza. El abordaje ocurrió en la Carretera Presidente Dutra, cerca del municipio de Piraí/RJ, durante un retén policial realizado por la Policía Federal. El operativo contó con la ayuda de perros rastreadores que localizaron las cajas ocultas donde se almacenaba la droga. Además de la droga, la policía encontró un revólver calibre .38 con el número de serie borrado en posesión del conductor.",un conductor de 30 años y un pasajero de 45 fueron detenidos después de que la policía federal de carreteras (prf) encontrara más de 270 tabletas de cocaína escondidas en los tanques del camión en que viajaban este jueves (5) en cuiabá,la noche del sábado 7 de junio la policía federal arrestó a un camionero que transportaba alrededor de 600 kg de marihuana y 32 kg de cocaína ocultos entre un cargamento de productos de limpieza el abordaje ocurrió en la carretera presidente dutra cerca del municipio de piraí/rj durante un retén policial realizado por la policía federal el operativo contó con la ayuda de perros rastreadores que localizaron las cajas ocultas donde se almacenaba la droga además de la droga la policía encontró un revólver calibre 38 con el número de serie borrado en posesión del conductor
619f5f45-fd42-4f5e-b50f-4cc6853d4408,different_values,388,source_link,https://g1.globo.com/mt/mato-grosso/noticia/2025/06/06/motorista-e-passageira-sao-presos-com-drogas-escondidas-em-tanque-de-caminhao-com-oleo-em-cuiaba.ghtml,https://www.gov.br/pf/pt-br/assuntos/noticias/2025/06/pf-apreende-mais-de-600-kg-de-drogas-e-arma-de-fogo-em-caminhao-interceptado-na-rodovia-presidente-dutra,https://g1globocom/mt/mato-grosso/noticia/2025/06/06/motorista-e-passageira-sao-presos-com-drogas-escondidas-em-tanque-de-caminhao-com-oleo-em-cuiabaghtml,https://wwwgovbr/pf/pt-br/assuntos/noticias/2025/06/pf-apreende-mais-de-600-kg-de-drogas-e-arma-de-fogo-em-caminhao-interceptado-na-rodovia-presidente-dutra
f3846863-cb47-469a-9e06-a79cc6d8759d,different_values,389,date_1,2025-06-09,2025-06-06 00:00:00,2025-06-09,2025-06-06 00:00:00
f3846863-cb47-469a-9e06-a79cc6d8759d,different_values,389,day,9,6,9,6
f3846863-cb47-469a-9e06-a79cc6d8759d,different_values,389,quantity,500.0,270.0,5000,2700
f3846863-cb47-469a-9e06-a79cc6d8759d,different_values,389,weight_unit,Kilogram,Package,kilogram,package
f3846863-cb47-469a-9e06-a79cc6d8759d,different_values,389,country,Colombia,Brazil,colombia,brazil
f3846863-cb47-469a-9e06-a79cc6d8759d,different_values,389,department/state,Norte de Santander,Cuiabá,norte de santander,cuiabá
f3846863-cb47-469a-9e06-a79cc6d8759d,different_values,389,municipality/port,Cúcuta,,cúcuta,
f3846863-cb47-469a-9e06-a79cc6d8759d,different_values,389,description,"Otro laboratorio de estupefacientes fue hallado y destruido en el Área Metropolitana de Cúcuta (AMC), en el departamento de Norte de Santander, con capacidad para producir 1.5 toneladas de droga al mes. En el espacio, compuesto por tres estructuras artesanales y ubicado específicamente en la vereda La Mutis de Los Patios, los funcionarios del Ejército de Colombia encontraron más de 500 kilos de clorhidrato de cocaína.","Un conductor de 30 años y un pasajero de 45 fueron detenidos después de que la Policía Federal de Carreteras (PRF) encontrara más de 270 tabletas de cocaína escondidas en los tanques del camión en que viajaban, este jueves (5), en Cuiabá .",otro laboratorio de estupefacientes fue hallado y destruido en el área metropolitana de cúcuta (amc) en el departamento de norte de santander con capacidad para producir 15 toneladas de droga al mes en el espacio compuesto por tres estructuras artesanales y ubicado específicamente en la vereda la mutis de los patios los funcionarios del ejército de colombia encontraron más de 500 kilos de clorhidrato de cocaína,un conductor de 30 años y un pasajero de 45 fueron detenidos después de que la policía federal de carreteras (prf) encontrara más de 270 tabletas de cocaína escondidas en los tanques del camión en que viajaban este jueves (5) en cuiabá
f3846863-cb47-469a-9e06-a79cc6d8759d,different_values,389,source_link,https://lanacionweb.com/frontera/destruyen-otro-laboratorio-de-estupefacientes-en-norte-de-santander/,https://g1.globo.com/mt/mato-grosso/noticia/2025/06/06/motorista-e-passageira-sao-presos-com-drogas-escondidas-em-tanque-de-caminhao-com-oleo-em-cuiaba.ghtml,https://lanacionwebcom/frontera/destruyen-otro-laboratorio-de-estupefacientes-en-norte-de-santander/,https://g1globocom/mt/mato-grosso/noticia/2025/06/06/motorista-e-passageira-sao-presos-com-drogas-escondidas-em-tanque-de-caminhao-com-oleo-em-cuiabaghtml
f3846863-cb47-469a-9e06-a79cc6d8759d,different_values,389,archived_link,Archived Link - Colombia,Archived Link - Brazil,archived link - colombia,archived link - brazil
f04acb14-4b20-49d3-8c2e-f6b836b20697,different_values,390,date_1,2025-06-09,2025-06-09 00:00:00,2025-06-09,2025-06-09 00:00:00
f04acb14-4b20-49d3-8c2e-f6b836b20697,different_values,390,drug_type,Cocaine Base,Cocaine,cocaine base,cocaine
f04acb14-4b20-49d3-8c2e-f6b836b20697,different_values,390,quantity,24.0,500.0,240,5000
f04acb14-4b20-49d3-8c2e-f6b836b20697,different_values,390,department/state,Antioquia,Norte de Santander,antioquia,norte de santander
f04acb14-4b20-49d3-8c2e-f6b836b20697,different_values,390,municipality/port,Medellín,Cúcuta,medellín,cúcuta
f04acb14-4b20-49d3-8c2e-f6b836b20697,different_values,390,description,"En Manrique se produjo el resultado más númeroso en cuanto a capturas e incautaciones. Allí, cayeron seis hombres entre los 18 y 48 años y fueron incautados 24.170 dosis de base de cocaína, 5.060 dosis de anfetaminas, 17.665 gramos de marihuana, 60 vapeadores de marihuana, un arma de fuego y nueve cartuchos, además de tres teléfonos celulares. Este golpe se produjo simultáneamente, en varias de las guaridas más importantes del nororiente de Medellín. ","Otro laboratorio de estupefacientes fue hallado y destruido en el Área Metropolitana de Cúcuta (AMC), en el departamento de Norte de Santander, con capacidad para producir 1.5 toneladas de droga al mes. En el espacio, compuesto por tres estructuras artesanales y ubicado específicamente en la vereda La Mutis de Los Patios, los funcionarios del Ejército de Colombia encontraron más de 500 kilos de clorhidrato de cocaína.",en manrique se produjo el resultado más númeroso en cuanto a capturas e incautaciones allí cayeron seis hombres entre los 18 y 48 años y fueron incautados 24170 dosis de base de cocaína 5060 dosis de anfetaminas 17665 gramos de marihuana 60 vapeadores de marihuana un arma de fuego y nueve cartuchos además de tres teléfonos celulares este golpe se produjo simultáneamente en varias de las guaridas más importantes del nororiente de medellín,otro laboratorio de estupefacientes fue hallado y destruido en el área metropolitana de cúcuta (amc) en el departamento de norte de santander con capacidad para producir 15 toneladas de droga al mes en el espacio compuesto por tres estructuras artesanales y ubicado específicamente en la vereda la mutis de los patios los funcionarios del ejército de colombia encontraron más de 500 kilos de clorhidrato de cocaína
f04acb14-4b20-49d3-8c2e-f6b836b20697,different_values,390,source_link,https://www.eltiempo.com/colombia/medellin/masivo-allanamiento-a-las-guaridas-de-expendio-de-la-terraza-y-caicedo-en-medellin-11-personas-fueron-capturadas-3461397,https://lanacionweb.com/frontera/destruyen-otro-laboratorio-de-estupefacientes-en-norte-de-santander/,https://wwweltiempocom/colombia/medellin/masivo-allanamiento-a-las-guaridas-de-expendio-de-la-terraza-y-caicedo-en-medellin-11-personas-fueron-capturadas-3461397,https://lanacionwebcom/frontera/destruyen-otro-laboratorio-de-estupefacientes-en-norte-de-santander/
fcc2867d-8e73-4444-a976-9c3f9f676405,different_values,391,date_1,2025-06-10,2025-06-09 00:00:00,2025-06-10,2025-06-09 00:00:00
fcc2867d-8e73-4444-a976-9c3f9f676405,different_values,391,day,10,9,10,9
fcc2867d-8e73-4444-a976-9c3f9f676405,different_values,391,drug_type,Cocaine - Crack,Cocaine Base,cocaine - crack,cocaine base
fcc2867d-8e73-4444-a976-9c3f9f676405,different_values,391,quantity,21.0,24.0,210,240
fcc2867d-8e73-4444-a976-9c3f9f676405,different_values,391,weight_unit,Other (explain in Description),Kilogram,other (explain in description),kilogram
fcc2867d-8e73-4444-a976-9c3f9f676405,different_values,391,country,Brazil,Colombia,brazil,colombia
fcc2867d-8e73-4444-a976-9c3f9f676405,different_values,391,department/state,Minas Gerais,Antioquia,minas gerais,antioquia
fcc2867d-8e73-4444-a976-9c3f9f676405,different_values,391,municipality/port,Divinópolis,Medellín,divinópolis,medellín
fcc2867d-8e73-4444-a976-9c3f9f676405,different_values,391,description,"Un hombre de 25 años fue arrestado la noche del domingo (8) sospechoso de tráfico de drogas en el barrio de Bela Vista, en Divinópolis . El caso llamó la atención por su inusual escondite: 21 piedras de crack y dos porciones de cocaína estaban ocultas en la bocina del coche del sospechoso.","En Manrique se produjo el resultado más númeroso en cuanto a capturas e incautaciones. Allí, cayeron seis hombres entre los 18 y 48 años y fueron incautados 24.170 dosis de base de cocaína, 5.060 dosis de anfetaminas, 17.665 gramos de marihuana, 60 vapeadores de marihuana, un arma de fuego y nueve cartuchos, además de tres teléfonos celulares. Este golpe se produjo simultáneamente, en varias de las guaridas más importantes del nororiente de Medellín. ",un hombre de 25 años fue arrestado la noche del domingo (8) sospechoso de tráfico de drogas en el barrio de bela vista en divinópolis  el caso llamó la atención por su inusual escondite: 21 piedras de crack y dos porciones de cocaína estaban ocultas en la bocina del coche del sospechoso,en manrique se produjo el resultado más númeroso en cuanto a capturas e incautaciones allí cayeron seis hombres entre los 18 y 48 años y fueron incautados 24170 dosis de base de cocaína 5060 dosis de anfetaminas 17665 gramos de marihuana 60 vapeadores de marihuana un arma de fuego y nueve cartuchos además de tres teléfonos celulares este golpe se produjo simultáneamente en varias de las guaridas más importantes del nororiente de medellín
fcc2867d-8e73-4444-a976-9c3f9f676405,different_values,391,source_link,https://g1.globo.com/mg/centro-oeste/noticia/2025/06/10/buzina-vira-esconderijo-para-drogas-em-esquema-de-entrega-por-aplicativo-em-divinopolis.ghtml,https://www.eltiempo.com/colombia/medellin/masivo-allanamiento-a-las-guaridas-de-expendio-de-la-terraza-y-caicedo-en-medellin-11-personas-fueron-capturadas-3461397,https://g1globocom/mg/centro-oeste/noticia/2025/06/10/buzina-vira-esconderijo-para-drogas-em-esquema-de-entrega-por-aplicativo-em-divinopolisghtml,https://wwweltiempocom/colombia/medellin/masivo-allanamiento-a-las-guaridas-de-expendio-de-la-terraza-y-caicedo-en-medellin-11-personas-fueron-capturadas-3461397
fcc2867d-8e73-4444-a976-9c3f9f676405,different_values,391,archived_link,Archived Link - Brazil,Archived Link - Colombia,archived link - brazil,archived link - colombia
46c33468-7727-444b-bbd6-eb31cff1f29a,different_values,392,date_1,2025-06-10,2025-06-10 00:00:00,2025-06-10,2025-06-10 00:00:00
46c33468-7727-444b-bbd6-eb31cff1f29a,different_values,392,drug_type,Coca Crops,Cocaine - Crack,coca crops,cocaine - crack
46c33468-7727-444b-bbd6-eb31cff1f29a,different_values,392,quantity,1300.0,21.0,13000,210
46c33468-7727-444b-bbd6-eb31cff1f29a,different_values,392,weight_unit,Kilogram,Other (explain in Description),kilogram,other (explain in description)
46c33468-7727-444b-bbd6-eb31cff1f29a,different_values,392,country,Argentina,Brazil,argentina,brazil
46c33468-7727-444b-bbd6-eb31cff1f29a,different_values,392,department/state,Santiago,Minas Gerais,santiago,minas gerais
46c33468-7727-444b-bbd6-eb31cff1f29a,different_values,392,municipality/port,Los Telares,Divinópolis,los telares,divinópolis
46c33468-7727-444b-bbd6-eb31cff1f29a,different_values,392,description,"El procedimiento, realizado en la localidad de Los Telares, departamento Salavina, culminó con la incautación de 1.338 kilos y 300 gramos de la mercancía ilegal, que era transportada en vehículos ahora secuestrados por orden judicial. El operativo se desarrolló alrededor de las 8.30 horas, bajo la jurisdicción de la Comisaría Comunitaria 39. La acción se enmarca en una causa por infracción a la ley nacional 22.415, que regula los delitos de contrabando.","Un hombre de 25 años fue arrestado la noche del domingo (8) sospechoso de tráfico de drogas en el barrio de Bela Vista, en Divinópolis . El caso llamó la atención por su inusual escondite: 21 piedras de crack y dos porciones de cocaína estaban ocultas en la bocina del coche del sospechoso.",el procedimiento realizado en la localidad de los telares departamento salavina culminó con la incautación de 1338 kilos y 300 gramos de la mercancía ilegal que era transportada en vehículos ahora secuestrados por orden judicial el operativo se desarrolló alrededor de las 830 horas bajo la jurisdicción de la comisaría comunitaria 39 la acción se enmarca en una causa por infracción a la ley nacional 22415 que regula los delitos de contrabando,un hombre de 25 años fue arrestado la noche del domingo (8) sospechoso de tráfico de drogas en el barrio de bela vista en divinópolis  el caso llamó la atención por su inusual escondite: 21 piedras de crack y dos porciones de cocaína estaban ocultas en la bocina del coche del sospechoso
46c33468-7727-444b-bbd6-eb31cff1f29a,different_values,392,source_link,https://www.eltribuno.com/policiales/2025-6-10-0-0-0-secuestran-mas-de-1-300-kilos-de-hojas-de-coca-que-salieron-de-salta,https://g1.globo.com/mg/centro-oeste/noticia/2025/06/10/buzina-vira-esconderijo-para-drogas-em-esquema-de-entrega-por-aplicativo-em-divinopolis.ghtml,https://wwweltribunocom/policiales/2025-6-10-0-0-0-secuestran-mas-de-1-300-kilos-de-hojas-de-coca-que-salieron-de-salta,https://g1globocom/mg/centro-oeste/noticia/2025/06/10/buzina-vira-esconderijo-para-drogas-em-esquema-de-entrega-por-aplicativo-em-divinopolisghtml
46c33468-7727-444b-bbd6-eb31cff1f29a,different_values,392,archived_link,Archived Link - Argentina,Archived Link - Brazil,archived link - argentina,archived link - brazil
cb01cff9-bd8a-4b0a-90a7-02fa540be850,different_values,393,date_1,2025-06-09,2025-06-10 00:00:00,2025-06-09,2025-06-10 00:00:00
cb01cff9-bd8a-4b0a-90a7-02fa540be850,different_values,393,day,9,10,9,10
cb01cff9-bd8a-4b0a-90a7-02fa540be850,different_values,393,drug_type,Cocaine,Coca Crops,cocaine,coca crops
cb01cff9-bd8a-4b0a-90a7-02fa540be850,different_values,393,quantity,35.0,1300.0,350,13000
cb01cff9-bd8a-4b0a-90a7-02fa540be850,different_values,393,department/state,Chaco,Santiago,chaco,santiago
cb01cff9-bd8a-4b0a-90a7-02fa540be850,different_values,393,municipality/port,,Los Telares,,los telares
cb01cff9-bd8a-4b0a-90a7-02fa540be850,different_values,393,origin_country,Bolivia,,bolivia,
cb01cff9-bd8a-4b0a-90a7-02fa540be850,different_values,393,description,"La Policía del Chaco desbarató una poderosa red narco de alcance internacional que operaba bajo el nombre “Nina” y que introducía cocaína con “la marca del delfín” desde Bolivia con destino final en Resistencia. La banda utilizaba a mujeres y hasta bebés como mulas para transportar la droga. El operativo fue el resultado de más de 18 meses de investigación conjunta entre fuerzas provinciales y federales, y culminó con nueve personas detenidas —seis mujeres y tres hombres—, el secuestro de más de 35 kilos de cocaína de máxima pureza, cuatro vehículos de alta gama, armas, teléfonos y elementos de inteligencia criminal. El valor estimado del cargamento y los bienes incautados supera los 800 millones de pesos.","El procedimiento, realizado en la localidad de Los Telares, departamento Salavina, culminó con la incautación de 1.338 kilos y 300 gramos de la mercancía ilegal, que era transportada en vehículos ahora secuestrados por orden judicial. El operativo se desarrolló alrededor de las 8.30 horas, bajo la jurisdicción de la Comisaría Comunitaria 39. La acción se enmarca en una causa por infracción a la ley nacional 22.415, que regula los delitos de contrabando.",la policía del chaco desbarató una poderosa red narco de alcance internacional que operaba bajo el nombre “nina” y que introducía cocaína con “la marca del delfín” desde bolivia con destino final en resistencia la banda utilizaba a mujeres y hasta bebés como mulas para transportar la droga el operativo fue el resultado de más de 18 meses de investigación conjunta entre fuerzas provinciales y federales y culminó con nueve personas detenidas —seis mujeres y tres hombres— el secuestro de más de 35 kilos de cocaína de máxima pureza cuatro vehículos de alta gama armas teléfonos y elementos de inteligencia criminal el valor estimado del cargamento y los bienes incautados supera los 800 millones de pesos,el procedimiento realizado en la localidad de los telares departamento salavina culminó con la incautación de 1338 kilos y 300 gramos de la mercancía ilegal que era transportada en vehículos ahora secuestrados por orden judicial el operativo se desarrolló alrededor de las 830 horas bajo la jurisdicción de la comisaría comunitaria 39 la acción se enmarca en una causa por infracción a la ley nacional 22415 que regula los delitos de contrabando
cb01cff9-bd8a-4b0a-90a7-02fa540be850,different_values,393,source_link,https://www.perfil.com/noticias/nea/desmantelan-en-chaco-una-banda-narco-transnacional-que-usaba-mujeres-y-bebes-como-mulas.phtml,https://www.eltribuno.com/policiales/2025-6-10-0-0-0-secuestran-mas-de-1-300-kilos-de-hojas-de-coca-que-salieron-de-salta,https://wwwperfilcom/noticias/nea/desmantelan-en-chaco-una-banda-narco-transnacional-que-usaba-mujeres-y-bebes-como-mulasphtml,https://wwweltribunocom/policiales/2025-6-10-0-0-0-secuestran-mas-de-1-300-kilos-de-hojas-de-coca-que-salieron-de-salta
3322e2fb-4c6d-4950-a8d4-92fcef7c088a,different_values,394,date_1,2025-06-09,2025-06-09 00:00:00,2025-06-09,2025-06-09 00:00:00
3322e2fb-4c6d-4950-a8d4-92fcef7c088a,different_values,394,quantity,3500.0,35.0,35000,350
3322e2fb-4c6d-4950-a8d4-92fcef7c088a,different_values,394,weight_unit,Package,Kilogram,package,kilogram
3322e2fb-4c6d-4950-a8d4-92fcef7c088a,different_values,394,modus_operandi/place_seizure,Container,Land,container,land
3322e2fb-4c6d-4950-a8d4-92fcef7c088a,different_values,394,region,Central America,South America,central america,south america
3322e2fb-4c6d-4950-a8d4-92fcef7c088a,different_values,394,country,Costa Rica,Argentina,costa rica,argentina
3322e2fb-4c6d-4950-a8d4-92fcef7c088a,different_values,394,department/state,Limón,Chaco,limón,chaco
3322e2fb-4c6d-4950-a8d4-92fcef7c088a,different_values,394,municipality/port,Limón,,limón,
3322e2fb-4c6d-4950-a8d4-92fcef7c088a,different_values,394,origin_country,,Bolivia,,bolivia
3322e2fb-4c6d-4950-a8d4-92fcef7c088a,different_values,394,destination_1_region,Europe,,europe,
3322e2fb-4c6d-4950-a8d4-92fcef7c088a,different_values,394,destination_1_country,Belgium,,belgium,
3322e2fb-4c6d-4950-a8d4-92fcef7c088a,different_values,394,destination_1_municipality/port,Antwerp,,antwerp,
3322e2fb-4c6d-4950-a8d4-92fcef7c088a,different_values,394,destination_2_country,Netherlands,,netherlands,
3322e2fb-4c6d-4950-a8d4-92fcef7c088a,different_values,394,description,"Agentes la Policía de Control de Drogas (PCD) encontraron la tarde de este lunes un “enorme cargamento” de cocaína dentro de dos contenedores en la terminal portuaria APM Terminals, de Limón. A las 6:30 p. m. las autoridades habían contabilizado más de 3.500 paquetes. Los oficiales lograron detectar el estupefaciente dentro de la carga lícita de fruta fresca, en un contenedor que se dirigía a Amberes, Bélgica, y que tenía como destino final un puerto en Países Bajos.","La Policía del Chaco desbarató una poderosa red narco de alcance internacional que operaba bajo el nombre “Nina” y que introducía cocaína con “la marca del delfín” desde Bolivia con destino final en Resistencia. La banda utilizaba a mujeres y hasta bebés como mulas para transportar la droga. El operativo fue el resultado de más de 18 meses de investigación conjunta entre fuerzas provinciales y federales, y culminó con nueve personas detenidas —seis mujeres y tres hombres—, el secuestro de más de 35 kilos de cocaína de máxima pureza, cuatro vehículos de alta gama, armas, teléfonos y elementos de inteligencia criminal. El valor estimado del cargamento y los bienes incautados supera los 800 millones de pesos.",agentes la policía de control de drogas (pcd) encontraron la tarde de este lunes un “enorme cargamento” de cocaína dentro de dos contenedores en la terminal portuaria apm terminals de limón a las 6:30 p m las autoridades habían contabilizado más de 3500 paquetes los oficiales lograron detectar el estupefaciente dentro de la carga lícita de fruta fresca en un contenedor que se dirigía a amberes bélgica y que tenía como destino final un puerto en países bajos,la policía del chaco desbarató una poderosa red narco de alcance internacional que operaba bajo el nombre “nina” y que introducía cocaína con “la marca del delfín” desde bolivia con destino final en resistencia la banda utilizaba a mujeres y hasta bebés como mulas para transportar la droga el operativo fue el resultado de más de 18 meses de investigación conjunta entre fuerzas provinciales y federales y culminó con nueve personas detenidas —seis mujeres y tres hombres— el secuestro de más de 35 kilos de cocaína de máxima pureza cuatro vehículos de alta gama armas teléfonos y elementos de inteligencia criminal el valor estimado del cargamento y los bienes incautados supera los 800 millones de pesos
3322e2fb-4c6d-4950-a8d4-92fcef7c088a,different_values,394,source_link,https://www.nacion.com/sucesos/cae-enorme-cargamento-de-cocaina-en-contenedores/OWET54SKLVCV7KNC4ARCQRSNME/story/,https://www.perfil.com/noticias/nea/desmantelan-en-chaco-una-banda-narco-transnacional-que-usaba-mujeres-y-bebes-como-mulas.phtml,https://wwwnacioncom/sucesos/cae-enorme-cargamento-de-cocaina-en-contenedores/owet54sklvcv7knc4arcqrsnme/story/,https://wwwperfilcom/noticias/nea/desmantelan-en-chaco-una-banda-narco-transnacional-que-usaba-mujeres-y-bebes-como-mulasphtml
3322e2fb-4c6d-4950-a8d4-92fcef7c088a,different_values,394,archived_link,Archived Link - Costa Rica,Archived Link - Argentina,archived link - costa rica,archived link - argentina
81003cb2-e802-4efb-80f3-47a9d9bf604a,different_values,395,date_1,2025-06-10,2025-06-09 00:00:00,2025-06-10,2025-06-09 00:00:00
81003cb2-e802-4efb-80f3-47a9d9bf604a,different_values,395,day,10,9,10,9
81003cb2-e802-4efb-80f3-47a9d9bf604a,different_values,395,quantity,5605.0,3500.0,56050,35000
81003cb2-e802-4efb-80f3-47a9d9bf604a,different_values,395,weight_unit,Kilogram,Package,kilogram,package
81003cb2-e802-4efb-80f3-47a9d9bf604a,different_values,395,region,South America,Central America,south america,central america
81003cb2-e802-4efb-80f3-47a9d9bf604a,different_values,395,country,Brazil,Costa Rica,brazil,costa rica
81003cb2-e802-4efb-80f3-47a9d9bf604a,different_values,395,department/state,Bahía,Limón,bahía,limón
81003cb2-e802-4efb-80f3-47a9d9bf604a,different_values,395,municipality/port,Salvador,Limón,salvador,limón
81003cb2-e802-4efb-80f3-47a9d9bf604a,different_values,395,destination_1_municipality/port,,Antwerp,,antwerp
81003cb2-e802-4efb-80f3-47a9d9bf604a,different_values,395,destination_2_country,,Netherlands,,netherlands
81003cb2-e802-4efb-80f3-47a9d9bf604a,different_values,395,description,"El martes por la mañana (10), el Servicio de Impuestos Federales encontró 560,5 kg de cocaína en un cargamento de mineral (cromo de hierro) que se dirigía a Bélgica. ","Agentes la Policía de Control de Drogas (PCD) encontraron la tarde de este lunes un “enorme cargamento” de cocaína dentro de dos contenedores en la terminal portuaria APM Terminals, de Limón. A las 6:30 p. m. las autoridades habían contabilizado más de 3.500 paquetes. Los oficiales lograron detectar el estupefaciente dentro de la carga lícita de fruta fresca, en un contenedor que se dirigía a Amberes, Bélgica, y que tenía como destino final un puerto en Países Bajos.",el martes por la mañana (10) el servicio de impuestos federales encontró 5605 kg de cocaína en un cargamento de mineral (cromo de hierro) que se dirigía a bélgica,agentes la policía de control de drogas (pcd) encontraron la tarde de este lunes un “enorme cargamento” de cocaína dentro de dos contenedores en la terminal portuaria apm terminals de limón a las 6:30 p m las autoridades habían contabilizado más de 3500 paquetes los oficiales lograron detectar el estupefaciente dentro de la carga lícita de fruta fresca en un contenedor que se dirigía a amberes bélgica y que tenía como destino final un puerto en países bajos
81003cb2-e802-4efb-80f3-47a9d9bf604a,different_values,395,source_link,https://www.gov.br/receitafederal/pt-br/assuntos/noticias/2025/junho/receita-federal-apreende-mais-de-meia-tonelada-de-cocaina-no-porto-de-salvador,https://www.nacion.com/sucesos/cae-enorme-cargamento-de-cocaina-en-contenedores/OWET54SKLVCV7KNC4ARCQRSNME/story/,https://wwwgovbr/receitafederal/pt-br/assuntos/noticias/2025/junho/receita-federal-apreende-mais-de-meia-tonelada-de-cocaina-no-porto-de-salvador,https://wwwnacioncom/sucesos/cae-enorme-cargamento-de-cocaina-en-contenedores/owet54sklvcv7knc4arcqrsnme/story/
81003cb2-e802-4efb-80f3-47a9d9bf604a,different_values,395,archived_link,Archived Link - Brazil,Archived Link - Costa Rica,archived link - brazil,archived link - costa rica
f94c85a0-4a9f-4945-b9a9-cd207ca2d420,different_values,396,date_1,2025-06-10,2025-06-10 00:00:00,2025-06-10,2025-06-10 00:00:00
f94c85a0-4a9f-4945-b9a9-cd207ca2d420,different_values,396,quantity,1505.0,5605.0,15050,56050
f94c85a0-4a9f-4945-b9a9-cd207ca2d420,different_values,396,department/state,Sao Paulo,Bahía,sao paulo,bahía
f94c85a0-4a9f-4945-b9a9-cd207ca2d420,different_values,396,municipality/port,Santos,Salvador,santos,salvador
f94c85a0-4a9f-4945-b9a9-cd207ca2d420,different_values,396,destination_1_country,,Belgium,,belgium
f94c85a0-4a9f-4945-b9a9-cd207ca2d420,different_values,396,description,"La Secretaría de Hacienda incautó 1.505 kilos de cocaína ocultos en un cargamento de papel en el puerto de Santos , en la costa de São Paulo, el martes (10) . Según la agencia, esta es la mayor incautación de la droga en los últimos cuatro años en el puerto de Santos. La droga iba a ser enviada a Europa.","El martes por la mañana (10), el Servicio de Impuestos Federales encontró 560,5 kg de cocaína en un cargamento de mineral (cromo de hierro) que se dirigía a Bélgica. ",la secretaría de hacienda incautó 1505 kilos de cocaína ocultos en un cargamento de papel en el puerto de santos  en la costa de são paulo el martes (10)  según la agencia esta es la mayor incautación de la droga en los últimos cuatro años en el puerto de santos la droga iba a ser enviada a europa,el martes por la mañana (10) el servicio de impuestos federales encontró 5605 kg de cocaína en un cargamento de mineral (cromo de hierro) que se dirigía a bélgica
f94c85a0-4a9f-4945-b9a9-cd207ca2d420,different_values,396,source_link,https://g1.globo.com/sp/santos-regiao/noticia/2025/06/10/maior-apreensao-de-cocaina-em-4-anos-receita-federal-intercepta-15-tonelada-no-porto-de-santos.ghtml,https://www.gov.br/receitafederal/pt-br/assuntos/noticias/2025/junho/receita-federal-apreende-mais-de-meia-tonelada-de-cocaina-no-porto-de-salvador,https://g1globocom/sp/santos-regiao/noticia/2025/06/10/maior-apreensao-de-cocaina-em-4-anos-receita-federal-intercepta-15-tonelada-no-porto-de-santosghtml,https://wwwgovbr/receitafederal/pt-br/assuntos/noticias/2025/junho/receita-federal-apreende-mais-de-meia-tonelada-de-cocaina-no-porto-de-salvador
39efb0e8-7295-4f94-8b8f-4c04a5cf4a6c,different_values,397,date_1,2025-06-10,2025-06-10 00:00:00,2025-06-10,2025-06-10 00:00:00
39efb0e8-7295-4f94-8b8f-4c04a5cf4a6c,different_values,397,quantity,3.0,1505.0,30,15050
39efb0e8-7295-4f94-8b8f-4c04a5cf4a6c,different_values,397,modus_operandi/place_seizure,Land,Container,land,container
39efb0e8-7295-4f94-8b8f-4c04a5cf4a6c,different_values,397,department/state,Bahía,Sao Paulo,bahía,sao paulo
39efb0e8-7295-4f94-8b8f-4c04a5cf4a6c,different_values,397,municipality/port,Jequié,Santos,jequié,santos
39efb0e8-7295-4f94-8b8f-4c04a5cf4a6c,different_values,397,destination_1_region,,Europe,,europe
39efb0e8-7295-4f94-8b8f-4c04a5cf4a6c,different_values,397,description,"Una mujer fue arrestada la mañana del martes (10) por tráfico de drogas tras ser descubierta con aproximadamente 3 kilos de pasta base de cocaína dentro de un autobús interestatal. La incautación se produjo durante una inspección de la Policía Federal de Carreteras (PRF) en el kilómetro 677 de la BR-116, en Jequié, al suroeste de Bahía.","La Secretaría de Hacienda incautó 1.505 kilos de cocaína ocultos en un cargamento de papel en el puerto de Santos , en la costa de São Paulo, el martes (10) . Según la agencia, esta es la mayor incautación de la droga en los últimos cuatro años en el puerto de Santos. La droga iba a ser enviada a Europa.",una mujer fue arrestada la mañana del martes (10) por tráfico de drogas tras ser descubierta con aproximadamente 3 kilos de pasta base de cocaína dentro de un autobús interestatal la incautación se produjo durante una inspección de la policía federal de carreteras (prf) en el kilómetro 677 de la br-116 en jequié al suroeste de bahía,la secretaría de hacienda incautó 1505 kilos de cocaína ocultos en un cargamento de papel en el puerto de santos  en la costa de são paulo el martes (10)  según la agencia esta es la mayor incautación de la droga en los últimos cuatro años en el puerto de santos la droga iba a ser enviada a europa
39efb0e8-7295-4f94-8b8f-4c04a5cf4a6c,different_values,397,source_link,https://www.gov.br/prf/pt-br/noticias/estaduais/bahia/2025/junho/prf-apreende-3-kg-de-cocaina-em-onibus-na-br-116-em-jequie-ba,https://g1.globo.com/sp/santos-regiao/noticia/2025/06/10/maior-apreensao-de-cocaina-em-4-anos-receita-federal-intercepta-15-tonelada-no-porto-de-santos.ghtml,https://wwwgovbr/prf/pt-br/noticias/estaduais/bahia/2025/junho/prf-apreende-3-kg-de-cocaina-em-onibus-na-br-116-em-jequie-ba,https://g1globocom/sp/santos-regiao/noticia/2025/06/10/maior-apreensao-de-cocaina-em-4-anos-receita-federal-intercepta-15-tonelada-no-porto-de-santosghtml
d33e9c5a-085a-4783-978d-5a1314652cbc,different_values,398,date_1,2025-06-10,2025-06-10 00:00:00,2025-06-10,2025-06-10 00:00:00
d33e9c5a-085a-4783-978d-5a1314652cbc,different_values,398,quantity,34.0,3.0,340,30
d33e9c5a-085a-4783-978d-5a1314652cbc,different_values,398,department/state,Río de Janeiro,Bahía,río de janeiro,bahía
d33e9c5a-085a-4783-978d-5a1314652cbc,different_values,398,municipality/port,Río de Janeiro,Jequié,río de janeiro,jequié
d33e9c5a-085a-4783-978d-5a1314652cbc,different_values,398,description,"Efectivos de la Policía Civil de la 44ª DP (Inhaúma), en acción conjunta con agentes de la 12ª Unidad de Policía de Pacificación (UPP) del Complexo do Alemão y de la 16ª BPM (Olaria), detuvieron en la noche del lunes (9) a un hombre que transportaba gran cantidad de droga en la Zona Norte de Río. Durante el acercamiento, los policías encontraron en el interior del vehículo alrededor de 34 kilos de cocaína, ya empaquetados y listos para su consumo.","Una mujer fue arrestada la mañana del martes (10) por tráfico de drogas tras ser descubierta con aproximadamente 3 kilos de pasta base de cocaína dentro de un autobús interestatal. La incautación se produjo durante una inspección de la Policía Federal de Carreteras (PRF) en el kilómetro 677 de la BR-116, en Jequié, al suroeste de Bahía.",efectivos de la policía civil de la 44ª dp (inhaúma) en acción conjunta con agentes de la 12ª unidad de policía de pacificación (upp) del complexo do alemão y de la 16ª bpm (olaria) detuvieron en la noche del lunes (9) a un hombre que transportaba gran cantidad de droga en la zona norte de río durante el acercamiento los policías encontraron en el interior del vehículo alrededor de 34 kilos de cocaína ya empaquetados y listos para su consumo,una mujer fue arrestada la mañana del martes (10) por tráfico de drogas tras ser descubierta con aproximadamente 3 kilos de pasta base de cocaína dentro de un autobús interestatal la incautación se produjo durante una inspección de la policía federal de carreteras (prf) en el kilómetro 677 de la br-116 en jequié al suroeste de bahía
d33e9c5a-085a-4783-978d-5a1314652cbc,different_values,398,source_link,https://g1.globo.com/rj/rio-de-janeiro/noticia/2025/06/10/motorista-e-preso-levando-34-quilos-de-cocaina-no-rio.ghtml,https://www.gov.br/prf/pt-br/noticias/estaduais/bahia/2025/junho/prf-apreende-3-kg-de-cocaina-em-onibus-na-br-116-em-jequie-ba,https://g1globocom/rj/rio-de-janeiro/noticia/2025/06/10/motorista-e-preso-levando-34-quilos-de-cocaina-no-rioghtml,https://wwwgovbr/prf/pt-br/noticias/estaduais/bahia/2025/junho/prf-apreende-3-kg-de-cocaina-em-onibus-na-br-116-em-jequie-ba
e2db1b1b-2915-45fd-8349-cd3b4d18e9aa,different_values,399,date_1,2025-06-10,2025-06-10 00:00:00,2025-06-10,2025-06-10 00:00:00
e2db1b1b-2915-45fd-8349-cd3b4d18e9aa,different_values,399,quantity,20.0,34.0,200,340
e2db1b1b-2915-45fd-8349-cd3b4d18e9aa,different_values,399,weight_unit,Package,Kilogram,package,kilogram
e2db1b1b-2915-45fd-8349-cd3b4d18e9aa,different_values,399,department/state,Minas Gerais,Río de Janeiro,minas gerais,río de janeiro
e2db1b1b-2915-45fd-8349-cd3b4d18e9aa,different_values,399,municipality/port,Patos de Minas,Río de Janeiro,patos de minas,río de janeiro
e2db1b1b-2915-45fd-8349-cd3b4d18e9aa,different_values,399,description,"La Policía Federal de Carreteras (PRF) arrestó, la mañana del martes (10), a un hombre de 49 años por tráfico de drogas y transporte de maquinaria para la fabricación de estupefacientes. El hecho ocurrió durante una inspección anticrimen en el km 413 de la BR-365, en Patos de Minas (MG).Durante la aproximación a un autobús que viajaba de São Paulo (SP) a Maceió (AL), el equipo de la PRF realizó una inspección de seguridad a los pasajeros. Uno de los ocupantes llamó la atención por su comportamiento nervioso y sus respuestas incoherentes sobre el motivo del viaje. Sobre el asiento donde se encontraba, la policía detectó una pieza metálica similar a las prensas utilizadas para preparar paquetes de droga. Al inspeccionar las mochilas del pasajero, los agentes de la PRF encontraron 20 paquetes de clorhidrato de cocaína, además de una máquina metálica para prensar la droga.","Efectivos de la Policía Civil de la 44ª DP (Inhaúma), en acción conjunta con agentes de la 12ª Unidad de Policía de Pacificación (UPP) del Complexo do Alemão y de la 16ª BPM (Olaria), detuvieron en la noche del lunes (9) a un hombre que transportaba gran cantidad de droga en la Zona Norte de Río. Durante el acercamiento, los policías encontraron en el interior del vehículo alrededor de 34 kilos de cocaína, ya empaquetados y listos para su consumo.",la policía federal de carreteras (prf) arrestó la mañana del martes (10) a un hombre de 49 años por tráfico de drogas y transporte de maquinaria para la fabricación de estupefacientes el hecho ocurrió durante una inspección anticrimen en el km 413 de la br-365 en patos de minas (mg)durante la aproximación a un autobús que viajaba de são paulo (sp) a maceió (al) el equipo de la prf realizó una inspección de seguridad a los pasajeros uno de los ocupantes llamó la atención por su comportamiento nervioso y sus respuestas incoherentes sobre el motivo del viaje sobre el asiento donde se encontraba la policía detectó una pieza metálica similar a las prensas utilizadas para preparar paquetes de droga al inspeccionar las mochilas del pasajero los agentes de la prf encontraron 20 paquetes de clorhidrato de cocaína además de una máquina metálica para prensar la droga,efectivos de la policía civil de la 44ª dp (inhaúma) en acción conjunta con agentes de la 12ª unidad de policía de pacificación (upp) del complexo do alemão y de la 16ª bpm (olaria) detuvieron en la noche del lunes (9) a un hombre que transportaba gran cantidad de droga en la zona norte de río durante el acercamiento los policías encontraron en el interior del vehículo alrededor de 34 kilos de cocaína ya empaquetados y listos para su consumo
e2db1b1b-2915-45fd-8349-cd3b4d18e9aa,different_values,399,source_link,https://www.gov.br/prf/pt-br/noticias/estaduais/minas-gerais/2025/junho/prf-prende-homem-com-cerca-de-20-kg-cocaina-e-equipamento-usado-na-fabricacao-de-drogas-em-patos-de-minas-mg,https://g1.globo.com/rj/rio-de-janeiro/noticia/2025/06/10/motorista-e-preso-levando-34-quilos-de-cocaina-no-rio.ghtml,https://wwwgovbr/prf/pt-br/noticias/estaduais/minas-gerais/2025/junho/prf-prende-homem-com-cerca-de-20-kg-cocaina-e-equipamento-usado-na-fabricacao-de-drogas-em-patos-de-minas-mg,https://g1globocom/rj/rio-de-janeiro/noticia/2025/06/10/motorista-e-preso-levando-34-quilos-de-cocaina-no-rioghtml
53895a77-2df3-4df1-b0fc-33aad3fe0633,different_values,400,date_1,2025-06-09,2025-06-10 00:00:00,2025-06-09,2025-06-10 00:00:00
53895a77-2df3-4df1-b0fc-33aad3fe0633,different_values,400,day,9,10,9,10
53895a77-2df3-4df1-b0fc-33aad3fe0633,different_values,400,quantity,340.0,20.0,3400,200
53895a77-2df3-4df1-b0fc-33aad3fe0633,different_values,400,weight_unit,Kilogram,Package,kilogram,package
53895a77-2df3-4df1-b0fc-33aad3fe0633,different_values,400,department/state,Sao Paulo,Minas Gerais,sao paulo,minas gerais
53895a77-2df3-4df1-b0fc-33aad3fe0633,different_values,400,municipality/port,Araraquara,Patos de Minas,araraquara,patos de minas
53895a77-2df3-4df1-b0fc-33aad3fe0633,different_values,400,description,"Este lunes (6/9), en una acción conjunta, la Policía Federal y la Policía Militar de Carreteras de São Paulo arrestaron a dos hombres por tráfico de drogas en la Carretera Washington Luiz, en la frontera de los municipios de Ibaté y Araraquara/SP. Al acercarse a un camión con doble remolque, los equipos encontraron, entre un cargamento de semillas de algodón, varios volúmenes con pastillas de una sustancia similar a la cocaína. El peso indicó más de 340 kg de la droga.","La Policía Federal de Carreteras (PRF) arrestó, la mañana del martes (10), a un hombre de 49 años por tráfico de drogas y transporte de maquinaria para la fabricación de estupefacientes. El hecho ocurrió durante una inspección anticrimen en el km 413 de la BR-365, en Patos de Minas (MG).Durante la aproximación a un autobús que viajaba de São Paulo (SP) a Maceió (AL), el equipo de la PRF realizó una inspección de seguridad a los pasajeros. Uno de los ocupantes llamó la atención por su comportamiento nervioso y sus respuestas incoherentes sobre el motivo del viaje. Sobre el asiento donde se encontraba, la policía detectó una pieza metálica similar a las prensas utilizadas para preparar paquetes de droga. Al inspeccionar las mochilas del pasajero, los agentes de la PRF encontraron 20 paquetes de clorhidrato de cocaína, además de una máquina metálica para prensar la droga.",este lunes (6/9) en una acción conjunta la policía federal y la policía militar de carreteras de são paulo arrestaron a dos hombres por tráfico de drogas en la carretera washington luiz en la frontera de los municipios de ibaté y araraquara/sp al acercarse a un camión con doble remolque los equipos encontraron entre un cargamento de semillas de algodón varios volúmenes con pastillas de una sustancia similar a la cocaína el peso indicó más de 340 kg de la droga,la policía federal de carreteras (prf) arrestó la mañana del martes (10) a un hombre de 49 años por tráfico de drogas y transporte de maquinaria para la fabricación de estupefacientes el hecho ocurrió durante una inspección anticrimen en el km 413 de la br-365 en patos de minas (mg)durante la aproximación a un autobús que viajaba de são paulo (sp) a maceió (al) el equipo de la prf realizó una inspección de seguridad a los pasajeros uno de los ocupantes llamó la atención por su comportamiento nervioso y sus respuestas incoherentes sobre el motivo del viaje sobre el asiento donde se encontraba la policía detectó una pieza metálica similar a las prensas utilizadas para preparar paquetes de droga al inspeccionar las mochilas del pasajero los agentes de la prf encontraron 20 paquetes de clorhidrato de cocaína además de una máquina metálica para prensar la droga
53895a77-2df3-4df1-b0fc-33aad3fe0633,different_values,400,source_link,https://www.gov.br/pf/pt-br/assuntos/noticias/2025/06/pf-e-policia-militar-rodoviaria-apreendem-mais-de-340-quilos-de-cocaina-em-sao-paulo,https://www.gov.br/prf/pt-br/noticias/estaduais/minas-gerais/2025/junho/prf-prende-homem-com-cerca-de-20-kg-cocaina-e-equipamento-usado-na-fabricacao-de-drogas-em-patos-de-minas-mg,https://wwwgovbr/pf/pt-br/assuntos/noticias/2025/06/pf-e-policia-militar-rodoviaria-apreendem-mais-de-340-quilos-de-cocaina-em-sao-paulo,https://wwwgovbr/prf/pt-br/noticias/estaduais/minas-gerais/2025/junho/prf-prende-homem-com-cerca-de-20-kg-cocaina-e-equipamento-usado-na-fabricacao-de-drogas-em-patos-de-minas-mg
4b45df33-7047-478b-ad80-aa6cf7966002,different_values,401,date_1,2025-06-10,2025-06-09 00:00:00,2025-06-10,2025-06-09 00:00:00
4b45df33-7047-478b-ad80-aa6cf7966002,different_values,401,day,10,9,10,9
4b45df33-7047-478b-ad80-aa6cf7966002,different_values,401,quantity,500.0,340.0,5000,3400
4b45df33-7047-478b-ad80-aa6cf7966002,different_values,401,weight_unit,Package,Kilogram,package,kilogram
4b45df33-7047-478b-ad80-aa6cf7966002,different_values,401,modus_operandi/place_seizure,Maritime vessel,Land,maritime vessel,land
4b45df33-7047-478b-ad80-aa6cf7966002,different_values,401,region,Central America,South America,central america,south america
4b45df33-7047-478b-ad80-aa6cf7966002,different_values,401,country,Panama,Brazil,panama,brazil
4b45df33-7047-478b-ad80-aa6cf7966002,different_values,401,department/state,Colón,Sao Paulo,colón,sao paulo
4b45df33-7047-478b-ad80-aa6cf7966002,different_values,401,municipality/port,Isla Grande,Araraquara,isla grande,araraquara
4b45df33-7047-478b-ad80-aa6cf7966002,different_values,401,description,"Unos 500 paquetes de presunta droga fueron incautados y dos personas resultaron detenidas durante una operación ejecutada al norte de Isla Grande, en la región de Costa Arriba, provincia de Colón. La acción fue llevada a cabo por unidades del Servicio Nacional Aeronaval (Senan), quienes interceptaron una embarcación sospechosa en aguas del Caribe panameño.","Este lunes (6/9), en una acción conjunta, la Policía Federal y la Policía Militar de Carreteras de São Paulo arrestaron a dos hombres por tráfico de drogas en la Carretera Washington Luiz, en la frontera de los municipios de Ibaté y Araraquara/SP. Al acercarse a un camión con doble remolque, los equipos encontraron, entre un cargamento de semillas de algodón, varios volúmenes con pastillas de una sustancia similar a la cocaína. El peso indicó más de 340 kg de la droga.",unos 500 paquetes de presunta droga fueron incautados y dos personas resultaron detenidas durante una operación ejecutada al norte de isla grande en la región de costa arriba provincia de colón la acción fue llevada a cabo por unidades del servicio nacional aeronaval (senan) quienes interceptaron una embarcación sospechosa en aguas del caribe panameño,este lunes (6/9) en una acción conjunta la policía federal y la policía militar de carreteras de são paulo arrestaron a dos hombres por tráfico de drogas en la carretera washington luiz en la frontera de los municipios de ibaté y araraquara/sp al acercarse a un camión con doble remolque los equipos encontraron entre un cargamento de semillas de algodón varios volúmenes con pastillas de una sustancia similar a la cocaína el peso indicó más de 340 kg de la droga
4b45df33-7047-478b-ad80-aa6cf7966002,different_values,401,source_link,https://www.panamaamerica.com.pa/provincias/incautan-500-paquetes-de-droga-al-norte-de-isla-grande-hay-dos-personas-detenidas-1249961 ,https://www.gov.br/pf/pt-br/assuntos/noticias/2025/06/pf-e-policia-militar-rodoviaria-apreendem-mais-de-340-quilos-de-cocaina-em-sao-paulo,https://wwwpanamaamericacompa/provincias/incautan-500-paquetes-de-droga-al-norte-de-isla-grande-hay-dos-personas-detenidas-1249961,https://wwwgovbr/pf/pt-br/assuntos/noticias/2025/06/pf-e-policia-militar-rodoviaria-apreendem-mais-de-340-quilos-de-cocaina-em-sao-paulo
4b45df33-7047-478b-ad80-aa6cf7966002,different_values,401,archived_link,Archived Link - Panama,Archived Link - Brazil,archived link - panama,archived link - brazil
530c34f4-8339-4503-8be8-caa9ad79036f,different_values,402,date_1,2025-06-10,2025-06-10 00:00:00,2025-06-10,2025-06-10 00:00:00
530c34f4-8339-4503-8be8-caa9ad79036f,different_values,402,quantity,1360.0,500.0,13600,5000
530c34f4-8339-4503-8be8-caa9ad79036f,different_values,402,region,Caribbean,Central America,caribbean,central america
530c34f4-8339-4503-8be8-caa9ad79036f,different_values,402,country,Dominican Republic,Panama,dominican republic,panama
530c34f4-8339-4503-8be8-caa9ad79036f,different_values,402,department/state,San Pedro de Macorís,Colón,san pedro de macorís,colón
530c34f4-8339-4503-8be8-caa9ad79036f,different_values,402,municipality/port,San Pedro de Macorís,Isla Grande,san pedro de macorís,isla grande
530c34f4-8339-4503-8be8-caa9ad79036f,different_values,402,description,"Agentes de la Dirección Nacional de Control de Drogas (DNCD), la Armada de República Dominicana, (ARD) y la Fuerza Aérea, (FARD), coordinados por el Ministerio Público, confiscaron un cargamento de 1, 360 paquetes (más de 1.3 toneladas), de lo que se presume es cocaína, durante una operación de vigilancia y seguimiento por aire, mar y tierra, en las costas de la provincia de San Pedro de Macorís.","Unos 500 paquetes de presunta droga fueron incautados y dos personas resultaron detenidas durante una operación ejecutada al norte de Isla Grande, en la región de Costa Arriba, provincia de Colón. La acción fue llevada a cabo por unidades del Servicio Nacional Aeronaval (Senan), quienes interceptaron una embarcación sospechosa en aguas del Caribe panameño.",agentes de la dirección nacional de control de drogas (dncd) la armada de república dominicana (ard) y la fuerza aérea (fard) coordinados por el ministerio público confiscaron un cargamento de 1 360 paquetes (más de 13 toneladas) de lo que se presume es cocaína durante una operación de vigilancia y seguimiento por aire mar y tierra en las costas de la provincia de san pedro de macorís,unos 500 paquetes de presunta droga fueron incautados y dos personas resultaron detenidas durante una operación ejecutada al norte de isla grande en la región de costa arriba provincia de colón la acción fue llevada a cabo por unidades del servicio nacional aeronaval (senan) quienes interceptaron una embarcación sospechosa en aguas del caribe panameño
530c34f4-8339-4503-8be8-caa9ad79036f,different_values,402,source_link,https://acento.com.do/actualidad/decomisan-mas-de-1-3-toneladas-de-cocaina-en-san-pedro-de-macoris-9508988.html,https://www.panamaamerica.com.pa/provincias/incautan-500-paquetes-de-droga-al-norte-de-isla-grande-hay-dos-personas-detenidas-1249961 ,https://acentocomdo/actualidad/decomisan-mas-de-1-3-toneladas-de-cocaina-en-san-pedro-de-macoris-9508988html,https://wwwpanamaamericacompa/provincias/incautan-500-paquetes-de-droga-al-norte-de-isla-grande-hay-dos-personas-detenidas-1249961
530c34f4-8339-4503-8be8-caa9ad79036f,different_values,402,archived_link,Archived Link - Dominican Republic,Archived Link - Panama,archived link - dominican republic,archived link - panama
e269b672-1b8a-4a14-b773-4be15002dbdb,different_values,403,date_1,2025-06-10,2025-06-10 00:00:00,2025-06-10,2025-06-10 00:00:00
e269b672-1b8a-4a14-b773-4be15002dbdb,different_values,403,quantity,60.0,1360.0,600,13600
e269b672-1b8a-4a14-b773-4be15002dbdb,different_values,403,description,"Agentes de la Dirección Nacional de Control de Drogas (DNCD) confiscaron este martes otros 60 paquetes presumiblemente cocaína, para un total de 1, 420, así como tres pacas de un vegetal que se presume es marihuana. Esto continuando con las labores de búsqueda y rastreo, en las costas de la provincia de San Pedro de Macorís donde se confiscó el lunes un cargamento de más de 1.3 toneladas","Agentes de la Dirección Nacional de Control de Drogas (DNCD), la Armada de República Dominicana, (ARD) y la Fuerza Aérea, (FARD), coordinados por el Ministerio Público, confiscaron un cargamento de 1, 360 paquetes (más de 1.3 toneladas), de lo que se presume es cocaína, durante una operación de vigilancia y seguimiento por aire, mar y tierra, en las costas de la provincia de San Pedro de Macorís.",agentes de la dirección nacional de control de drogas (dncd) confiscaron este martes otros 60 paquetes presumiblemente cocaína para un total de 1 420 así como tres pacas de un vegetal que se presume es marihuana esto continuando con las labores de búsqueda y rastreo en las costas de la provincia de san pedro de macorís donde se confiscó el lunes un cargamento de más de 13 toneladas,agentes de la dirección nacional de control de drogas (dncd) la armada de república dominicana (ard) y la fuerza aérea (fard) coordinados por el ministerio público confiscaron un cargamento de 1 360 paquetes (más de 13 toneladas) de lo que se presume es cocaína durante una operación de vigilancia y seguimiento por aire mar y tierra en las costas de la provincia de san pedro de macorís
e269b672-1b8a-4a14-b773-4be15002dbdb,different_values,403,source_link,https://elnuevodiario.com.do/dncd-ocupa-otros-60-paquetes-en-continuacion-de-operativo-en-costas-de-spm/,https://acento.com.do/actualidad/decomisan-mas-de-1-3-toneladas-de-cocaina-en-san-pedro-de-macoris-9508988.html,https://elnuevodiariocomdo/dncd-ocupa-otros-60-paquetes-en-continuacion-de-operativo-en-costas-de-spm/,https://acentocomdo/actualidad/decomisan-mas-de-1-3-toneladas-de-cocaina-en-san-pedro-de-macoris-9508988html
edb72c31-d876-4b6f-a69e-f4f763a4367e,different_values,404,date_1,2025-06-11,2025-06-10 00:00:00,2025-06-11,2025-06-10 00:00:00
edb72c31-d876-4b6f-a69e-f4f763a4367e,different_values,404,day,11,10,11,10
edb72c31-d876-4b6f-a69e-f4f763a4367e,different_values,404,quantity,0.531,60.0,0531,600
edb72c31-d876-4b6f-a69e-f4f763a4367e,different_values,404,weight_unit,Kilogram,Package,kilogram,package
edb72c31-d876-4b6f-a69e-f4f763a4367e,different_values,404,modus_operandi/place_seizure,Land,Maritime vessel,land,maritime vessel
edb72c31-d876-4b6f-a69e-f4f763a4367e,different_values,404,region,South America,Caribbean,south america,caribbean
edb72c31-d876-4b6f-a69e-f4f763a4367e,different_values,404,country,Brazil,Dominican Republic,brazil,dominican republic
edb72c31-d876-4b6f-a69e-f4f763a4367e,different_values,404,department/state,Maranhao,San Pedro de Macorís,maranhao,san pedro de macorís
edb72c31-d876-4b6f-a69e-f4f763a4367e,different_values,404,municipality/port,Balsas,San Pedro de Macorís,balsas,san pedro de macorís
edb72c31-d876-4b6f-a69e-f4f763a4367e,different_values,404,transit_1_region,South America,,south america,
edb72c31-d876-4b6f-a69e-f4f763a4367e,different_values,404,transit_1_country,Brazil,,brazil,
edb72c31-d876-4b6f-a69e-f4f763a4367e,different_values,404,transit_1_department/state,Pará,,pará,
edb72c31-d876-4b6f-a69e-f4f763a4367e,different_values,404,description,"Una pareja fue arrestada la tarde de este martes (10) dentro de un minibús por tráfico de drogas. El hombre y la mujer fueron arrestados en el kilómetro 412 de la carretera BR-230, en la ciudad de Balsas , al sur de Maranhão. Durante la inspección de los pasajeros y los paquetes transportados, la policía encontró 891 g de marihuana, 513 g de cocaína (clorhidrato de cocaína) y 110 g de skunk, en total más de 1,5 kg de estupefacientes ocultos entre dos asientos.","Agentes de la Dirección Nacional de Control de Drogas (DNCD) confiscaron este martes otros 60 paquetes presumiblemente cocaína, para un total de 1, 420, así como tres pacas de un vegetal que se presume es marihuana. Esto continuando con las labores de búsqueda y rastreo, en las costas de la provincia de San Pedro de Macorís donde se confiscó el lunes un cargamento de más de 1.3 toneladas",una pareja fue arrestada la tarde de este martes (10) dentro de un minibús por tráfico de drogas el hombre y la mujer fueron arrestados en el kilómetro 412 de la carretera br-230 en la ciudad de balsas  al sur de maranhão durante la inspección de los pasajeros y los paquetes transportados la policía encontró 891 g de marihuana 513 g de cocaína (clorhidrato de cocaína) y 110 g de skunk en total más de 15 kg de estupefacientes ocultos entre dos asientos,agentes de la dirección nacional de control de drogas (dncd) confiscaron este martes otros 60 paquetes presumiblemente cocaína para un total de 1 420 así como tres pacas de un vegetal que se presume es marihuana esto continuando con las labores de búsqueda y rastreo en las costas de la provincia de san pedro de macorís donde se confiscó el lunes un cargamento de más de 13 toneladas
edb72c31-d876-4b6f-a69e-f4f763a4367e,different_values,404,source_link,https://g1.globo.com/ma/maranhao/noticia/2025/06/11/casal-e-preso-dentro-de-micro-onibus-na-br-230-no-sul-do-maranhao-suspeito-de-traficar-drogas.ghtml,https://elnuevodiario.com.do/dncd-ocupa-otros-60-paquetes-en-continuacion-de-operativo-en-costas-de-spm/,https://g1globocom/ma/maranhao/noticia/2025/06/11/casal-e-preso-dentro-de-micro-onibus-na-br-230-no-sul-do-maranhao-suspeito-de-traficar-drogasghtml,https://elnuevodiariocomdo/dncd-ocupa-otros-60-paquetes-en-continuacion-de-operativo-en-costas-de-spm/
edb72c31-d876-4b6f-a69e-f4f763a4367e,different_values,404,archived_link,Archived Link - Brazil,Archived Link - Dominican Republic,archived link - brazil,archived link - dominican republic
d033ffc2-d52e-4f40-a199-ae8f155c72aa,different_values,405,date_1,2025-06-11,2025-06-11 00:00:00,2025-06-11,2025-06-11 00:00:00
d033ffc2-d52e-4f40-a199-ae8f155c72aa,different_values,405,quantity,557.0,0.531,5570,0531
d033ffc2-d52e-4f40-a199-ae8f155c72aa,different_values,405,department/state,Mato Grosso,Maranhao,mato grosso,maranhao
d033ffc2-d52e-4f40-a199-ae8f155c72aa,different_values,405,municipality/port,Jauru,Balsas,jauru,balsas
d033ffc2-d52e-4f40-a199-ae8f155c72aa,different_values,405,transit_1_region,,South America,,south america
d033ffc2-d52e-4f40-a199-ae8f155c72aa,different_values,405,transit_1_country,,Brazil,,brazil
d033ffc2-d52e-4f40-a199-ae8f155c72aa,different_values,405,transit_1_department/state,,Pará,,pará
d033ffc2-d52e-4f40-a199-ae8f155c72aa,different_values,405,description,"Dos hombres, cuyas identidades no fueron reveladas, fueron detenidos por transportar 557 kilos de clorhidrato de cocaína en una camioneta, en Jauru , a 463 kilómetros de Cuiabá, este martes (10).","Una pareja fue arrestada la tarde de este martes (10) dentro de un minibús por tráfico de drogas. El hombre y la mujer fueron arrestados en el kilómetro 412 de la carretera BR-230, en la ciudad de Balsas , al sur de Maranhão. Durante la inspección de los pasajeros y los paquetes transportados, la policía encontró 891 g de marihuana, 513 g de cocaína (clorhidrato de cocaína) y 110 g de skunk, en total más de 1,5 kg de estupefacientes ocultos entre dos asientos.",dos hombres cuyas identidades no fueron reveladas fueron detenidos por transportar 557 kilos de clorhidrato de cocaína en una camioneta en jauru  a 463 kilómetros de cuiabá este martes (10),una pareja fue arrestada la tarde de este martes (10) dentro de un minibús por tráfico de drogas el hombre y la mujer fueron arrestados en el kilómetro 412 de la carretera br-230 en la ciudad de balsas  al sur de maranhão durante la inspección de los pasajeros y los paquetes transportados la policía encontró 891 g de marihuana 513 g de cocaína (clorhidrato de cocaína) y 110 g de skunk en total más de 15 kg de estupefacientes ocultos entre dos asientos
d033ffc2-d52e-4f40-a199-ae8f155c72aa,different_values,405,source_link,https://g1.globo.com/mt/mato-grosso/noticia/2025/06/11/mais-de-meia-tonelada-de-droga-e-apreendida-em-caminhonete-em-mt.ghtml,https://g1.globo.com/ma/maranhao/noticia/2025/06/11/casal-e-preso-dentro-de-micro-onibus-na-br-230-no-sul-do-maranhao-suspeito-de-traficar-drogas.ghtml,https://g1globocom/mt/mato-grosso/noticia/2025/06/11/mais-de-meia-tonelada-de-droga-e-apreendida-em-caminhonete-em-mtghtml,https://g1globocom/ma/maranhao/noticia/2025/06/11/casal-e-preso-dentro-de-micro-onibus-na-br-230-no-sul-do-maranhao-suspeito-de-traficar-drogasghtml
2edc65d3-65a6-45a1-bfe7-7fd3b07bf4e2,different_values,406,date_1,2025-06-11,2025-06-11 00:00:00,2025-06-11,2025-06-11 00:00:00
2edc65d3-65a6-45a1-bfe7-7fd3b07bf4e2,different_values,406,quantity,3.0,557.0,30,5570
2edc65d3-65a6-45a1-bfe7-7fd3b07bf4e2,different_values,406,modus_operandi/place_seizure,Air,Land,air,land
2edc65d3-65a6-45a1-bfe7-7fd3b07bf4e2,different_values,406,country,Uruguay,Brazil,uruguay,brazil
2edc65d3-65a6-45a1-bfe7-7fd3b07bf4e2,different_values,406,department/state,Montevideo,Mato Grosso,montevideo,mato grosso
2edc65d3-65a6-45a1-bfe7-7fd3b07bf4e2,different_values,406,municipality/port,Montevideo (Carrasco),Jauru,montevideo (carrasco),jauru
2edc65d3-65a6-45a1-bfe7-7fd3b07bf4e2,different_values,406,destination_1_region,Asia,,asia,
2edc65d3-65a6-45a1-bfe7-7fd3b07bf4e2,different_values,406,description,"Un operativo conjunto entre la Dirección General de Represión al Tráfico Ilícito de Drogas y la Dirección Nacional de Aduanas, permitió desarticular un intento de tráfico internacional de drogas mediante encomiendas enviadas desde Uruguay hacia distintos países de Asia y Medio Oriente. La intervención de un equipo especializado con perros entrenados confirmó la presencia de sustancias estupefacientes. Tras la inspección, las autoridades incautaron: • 18 vestidos con botones que contenían 520 gramos de clorhidrato de cocaína. • 4 carteras de mujer, con envoltorios ocultos, que sumaron 510 gramos de la misma sustancia. • 5 camperas, cada una con bultos de nailon camuflados, con un total de 1.270 gramos. • 23 vestidos adicionales, con 239 botones cargados con cocaína, que totalizaron 625,14 gramos.","Dos hombres, cuyas identidades no fueron reveladas, fueron detenidos por transportar 557 kilos de clorhidrato de cocaína en una camioneta, en Jauru , a 463 kilómetros de Cuiabá, este martes (10).",un operativo conjunto entre la dirección general de represión al tráfico ilícito de drogas y la dirección nacional de aduanas permitió desarticular un intento de tráfico internacional de drogas mediante encomiendas enviadas desde uruguay hacia distintos países de asia y medio oriente la intervención de un equipo especializado con perros entrenados confirmó la presencia de sustancias estupefacientes tras la inspección las autoridades incautaron: • 18 vestidos con botones que contenían 520 gramos de clorhidrato de cocaína • 4 carteras de mujer con envoltorios ocultos que sumaron 510 gramos de la misma sustancia • 5 camperas cada una con bultos de nailon camuflados con un total de 1270 gramos • 23 vestidos adicionales con 239 botones cargados con cocaína que totalizaron 62514 gramos,dos hombres cuyas identidades no fueron reveladas fueron detenidos por transportar 557 kilos de clorhidrato de cocaína en una camioneta en jauru  a 463 kilómetros de cuiabá este martes (10)
2edc65d3-65a6-45a1-bfe7-7fd3b07bf4e2,different_values,406,source_link,https://www.aduanas.gub.uy/innovaportal/v/27633/6/innova.front/operativo-logra-incautar-casi-3-kilos-de-cocaina-en-encomiendas-hacia-asia-y-medio-oriente.html,https://g1.globo.com/mt/mato-grosso/noticia/2025/06/11/mais-de-meia-tonelada-de-droga-e-apreendida-em-caminhonete-em-mt.ghtml,https://wwwaduanasgubuy/innovaportal/v/27633/6/innovafront/operativo-logra-incautar-casi-3-kilos-de-cocaina-en-encomiendas-hacia-asia-y-medio-orientehtml,https://g1globocom/mt/mato-grosso/noticia/2025/06/11/mais-de-meia-tonelada-de-droga-e-apreendida-em-caminhonete-em-mtghtml
2edc65d3-65a6-45a1-bfe7-7fd3b07bf4e2,different_values,406,archived_link,Archived Link - Uruguay,Archived Link - Brazil,archived link - uruguay,archived link - brazil
d770544f-5d0b-4bae-b898-3474de133f73,different_values,407,date_1,2025-06-11,2025-06-11 00:00:00,2025-06-11,2025-06-11 00:00:00
d770544f-5d0b-4bae-b898-3474de133f73,different_values,407,quantity,1.84,3.0,184,30
d770544f-5d0b-4bae-b898-3474de133f73,different_values,407,country,Brazil,Uruguay,brazil,uruguay
d770544f-5d0b-4bae-b898-3474de133f73,different_values,407,department/state,Paraná,Montevideo,paraná,montevideo
d770544f-5d0b-4bae-b898-3474de133f73,different_values,407,municipality/port,Cascavel,Montevideo (Carrasco),cascavel,montevideo (carrasco)
d770544f-5d0b-4bae-b898-3474de133f73,different_values,407,destination_1_region,Europe,Asia,europe,asia
d770544f-5d0b-4bae-b898-3474de133f73,different_values,407,destination_1_country,Spain,,spain,
d770544f-5d0b-4bae-b898-3474de133f73,different_values,407,destination_1_department/state,Comunitat Valenciana,,comunitat valenciana,
d770544f-5d0b-4bae-b898-3474de133f73,different_values,407,destination_1_municipality/port,Valencia,,valencia,
d770544f-5d0b-4bae-b898-3474de133f73,different_values,407,description,"La Policía Federal Brasileña detuvo a una mujer paraguaya que pretendía enviar 1.84 kilogramos de cocaína a Valencia, España. La droga iba adherida a su cuerpo bajo su ropa.","Un operativo conjunto entre la Dirección General de Represión al Tráfico Ilícito de Drogas y la Dirección Nacional de Aduanas, permitió desarticular un intento de tráfico internacional de drogas mediante encomiendas enviadas desde Uruguay hacia distintos países de Asia y Medio Oriente. La intervención de un equipo especializado con perros entrenados confirmó la presencia de sustancias estupefacientes. Tras la inspección, las autoridades incautaron: • 18 vestidos con botones que contenían 520 gramos de clorhidrato de cocaína. • 4 carteras de mujer, con envoltorios ocultos, que sumaron 510 gramos de la misma sustancia. • 5 camperas, cada una con bultos de nailon camuflados, con un total de 1.270 gramos. • 23 vestidos adicionales, con 239 botones cargados con cocaína, que totalizaron 625,14 gramos.",la policía federal brasileña detuvo a una mujer paraguaya que pretendía enviar 184 kilogramos de cocaína a valencia españa la droga iba adherida a su cuerpo bajo su ropa,un operativo conjunto entre la dirección general de represión al tráfico ilícito de drogas y la dirección nacional de aduanas permitió desarticular un intento de tráfico internacional de drogas mediante encomiendas enviadas desde uruguay hacia distintos países de asia y medio oriente la intervención de un equipo especializado con perros entrenados confirmó la presencia de sustancias estupefacientes tras la inspección las autoridades incautaron: • 18 vestidos con botones que contenían 520 gramos de clorhidrato de cocaína • 4 carteras de mujer con envoltorios ocultos que sumaron 510 gramos de la misma sustancia • 5 camperas cada una con bultos de nailon camuflados con un total de 1270 gramos • 23 vestidos adicionales con 239 botones cargados con cocaína que totalizaron 62514 gramos
d770544f-5d0b-4bae-b898-3474de133f73,different_values,407,source_link,https://www.abc.com.py/este/2025/06/11/detienen-a-paraguaya-con-cocaina-adherida-al-cuerpo-en-aeropuerto-de-brasil/,https://www.aduanas.gub.uy/innovaportal/v/27633/6/innova.front/operativo-logra-incautar-casi-3-kilos-de-cocaina-en-encomiendas-hacia-asia-y-medio-oriente.html,https://wwwabccompy/este/2025/06/11/detienen-a-paraguaya-con-cocaina-adherida-al-cuerpo-en-aeropuerto-de-brasil/,https://wwwaduanasgubuy/innovaportal/v/27633/6/innovafront/operativo-logra-incautar-casi-3-kilos-de-cocaina-en-encomiendas-hacia-asia-y-medio-orientehtml
d770544f-5d0b-4bae-b898-3474de133f73,different_values,407,archived_link,Archived Link - Brazil,Archived Link - Uruguay,archived link - brazil,archived link - uruguay
c4e0ab50-9240-41a4-8f52-caa9689e581f,different_values,408,date_1,2025-06-11,2025-06-11 00:00:00,2025-06-11,2025-06-11 00:00:00
c4e0ab50-9240-41a4-8f52-caa9689e581f,different_values,408,quantity,1.04,1.84,104,184
c4e0ab50-9240-41a4-8f52-caa9689e581f,different_values,408,modus_operandi/place_seizure,Land,Air,land,air
c4e0ab50-9240-41a4-8f52-caa9689e581f,different_values,408,country,Paraguay,Brazil,paraguay,brazil
c4e0ab50-9240-41a4-8f52-caa9689e581f,different_values,408,department/state,Región Oriental,Paraná,región oriental,paraná
c4e0ab50-9240-41a4-8f52-caa9689e581f,different_values,408,municipality/port,Asunción,Cascavel,asunción,cascavel
c4e0ab50-9240-41a4-8f52-caa9689e581f,different_values,408,destination_1_region,,Europe,,europe
c4e0ab50-9240-41a4-8f52-caa9689e581f,different_values,408,destination_1_country,,Spain,,spain
c4e0ab50-9240-41a4-8f52-caa9689e581f,different_values,408,destination_1_department/state,,Comunitat Valenciana,,comunitat valenciana
c4e0ab50-9240-41a4-8f52-caa9689e581f,different_values,408,destination_1_municipality/port,,Valencia,,valencia
c4e0ab50-9240-41a4-8f52-caa9689e581f,different_values,408,description,"Durante una inspección rutinaria, agentes de polícia descrubrieron 1.04 kilogramos de cocaína en el muro exterior de la Penitenciaria Nacional de Tucumbú, en Asunción. ","La Policía Federal Brasileña detuvo a una mujer paraguaya que pretendía enviar 1.84 kilogramos de cocaína a Valencia, España. La droga iba adherida a su cuerpo bajo su ropa.",durante una inspección rutinaria agentes de polícia descrubrieron 104 kilogramos de cocaína en el muro exterior de la penitenciaria nacional de tucumbú en asunción,la policía federal brasileña detuvo a una mujer paraguaya que pretendía enviar 184 kilogramos de cocaína a valencia españa la droga iba adherida a su cuerpo bajo su ropa
c4e0ab50-9240-41a4-8f52-caa9689e581f,different_values,408,source_link,https://www.abc.com.py/policiales/2025/06/11/policia-halla-droga-abandonada-dentro-de-la-penitenciaria-tacumbu/,https://www.abc.com.py/este/2025/06/11/detienen-a-paraguaya-con-cocaina-adherida-al-cuerpo-en-aeropuerto-de-brasil/,https://wwwabccompy/policiales/2025/06/11/policia-halla-droga-abandonada-dentro-de-la-penitenciaria-tacumbu/,https://wwwabccompy/este/2025/06/11/detienen-a-paraguaya-con-cocaina-adherida-al-cuerpo-en-aeropuerto-de-brasil/
c4e0ab50-9240-41a4-8f52-caa9689e581f,different_values,408,archived_link,Archived Link - Paraguay,Archived Link - Brazil,archived link - paraguay,archived link - brazil
ea83689a-7aaf-4d26-ba11-b40c6cc595c5,different_values,409,date_1,2025-06-12,2025-06-11 00:00:00,2025-06-12,2025-06-11 00:00:00
ea83689a-7aaf-4d26-ba11-b40c6cc595c5,different_values,409,day,12,11,12,11
ea83689a-7aaf-4d26-ba11-b40c6cc595c5,different_values,409,quantity,6.4,1.04,64,104
ea83689a-7aaf-4d26-ba11-b40c6cc595c5,different_values,409,country,Brazil,Paraguay,brazil,paraguay
ea83689a-7aaf-4d26-ba11-b40c6cc595c5,different_values,409,department/state,Paraná,Región Oriental,paraná,región oriental
ea83689a-7aaf-4d26-ba11-b40c6cc595c5,different_values,409,municipality/port,Foz do Iguaçu,Asunción,foz do iguaçu,asunción
ea83689a-7aaf-4d26-ba11-b40c6cc595c5,different_values,409,description,"Agentes de la Policía Federal arrestaron, la tarde de este miércoles (6/11), a un adolescente que transportaba grandes cantidades de cocaína en la estación internacional de autobuses de Foz do Iguaçu. Durante una inspección rutinaria, con la ayuda de perros rastreadores, la policía detectó a una adolescente actuando de forma sospechosa en la entrada de la estación de autobuses. Al revisar su equipaje, encontraron seis paquetes con cocaína, con un peso total aproximado de 6,4 kg.","Durante una inspección rutinaria, agentes de polícia descrubrieron 1.04 kilogramos de cocaína en el muro exterior de la Penitenciaria Nacional de Tucumbú, en Asunción. ",agentes de la policía federal arrestaron la tarde de este miércoles (6/11) a un adolescente que transportaba grandes cantidades de cocaína en la estación internacional de autobuses de foz do iguaçu durante una inspección rutinaria con la ayuda de perros rastreadores la policía detectó a una adolescente actuando de forma sospechosa en la entrada de la estación de autobuses al revisar su equipaje encontraron seis paquetes con cocaína con un peso total aproximado de 64 kg,durante una inspección rutinaria agentes de polícia descrubrieron 104 kilogramos de cocaína en el muro exterior de la penitenciaria nacional de tucumbú en asunción
ea83689a-7aaf-4d26-ba11-b40c6cc595c5,different_values,409,source_link,https://www.gov.br/pf/pt-br/assuntos/noticias/2025/06/pf-apreende-adolescente-com-cocaina-em-foz-do-iguacu-pr,https://www.abc.com.py/policiales/2025/06/11/policia-halla-droga-abandonada-dentro-de-la-penitenciaria-tacumbu/,https://wwwgovbr/pf/pt-br/assuntos/noticias/2025/06/pf-apreende-adolescente-com-cocaina-em-foz-do-iguacu-pr,https://wwwabccompy/policiales/2025/06/11/policia-halla-droga-abandonada-dentro-de-la-penitenciaria-tacumbu/
ea83689a-7aaf-4d26-ba11-b40c6cc595c5,different_values,409,archived_link,Archived Link - Brazil,Archived Link - Paraguay,archived link - brazil,archived link - paraguay
38b7d45c-543f-4ff5-876e-1c187cea2840,different_values,410,date_1,2025-06-12,2025-06-12 00:00:00,2025-06-12,2025-06-12 00:00:00
38b7d45c-543f-4ff5-876e-1c187cea2840,different_values,410,quantity,3.1,6.4,31,64
38b7d45c-543f-4ff5-876e-1c187cea2840,different_values,410,department/state,Pernambuco,Paraná,pernambuco,paraná
38b7d45c-543f-4ff5-876e-1c187cea2840,different_values,410,municipality/port,Salgueiro,Foz do Iguaçu,salgueiro,foz do iguaçu
38b7d45c-543f-4ff5-876e-1c187cea2840,different_values,410,description,"Un hombre de 33 años que transportaba 3,1 kg de cocaína en un coche robado fue detenido este miércoles (11) por la Policía Federal de Carreteras (PRF), en la BR 232, en Salgueiro, en el interior de Pernambuco. La droga estaba oculta tras el revestimiento del maletero del vehículo.","Agentes de la Policía Federal arrestaron, la tarde de este miércoles (6/11), a un adolescente que transportaba grandes cantidades de cocaína en la estación internacional de autobuses de Foz do Iguaçu. Durante una inspección rutinaria, con la ayuda de perros rastreadores, la policía detectó a una adolescente actuando de forma sospechosa en la entrada de la estación de autobuses. Al revisar su equipaje, encontraron seis paquetes con cocaína, con un peso total aproximado de 6,4 kg.",un hombre de 33 años que transportaba 31 kg de cocaína en un coche robado fue detenido este miércoles (11) por la policía federal de carreteras (prf) en la br 232 en salgueiro en el interior de pernambuco la droga estaba oculta tras el revestimiento del maletero del vehículo,agentes de la policía federal arrestaron la tarde de este miércoles (6/11) a un adolescente que transportaba grandes cantidades de cocaína en la estación internacional de autobuses de foz do iguaçu durante una inspección rutinaria con la ayuda de perros rastreadores la policía detectó a una adolescente actuando de forma sospechosa en la entrada de la estación de autobuses al revisar su equipaje encontraron seis paquetes con cocaína con un peso total aproximado de 64 kg
38b7d45c-543f-4ff5-876e-1c187cea2840,different_values,410,source_link,https://www.gov.br/prf/pt-br/noticias/estaduais/pernambuco/2025/junho/homem-e-detido-com-cocaina-carro-roubado-e-documento-falso-em-salgueiro,https://www.gov.br/pf/pt-br/assuntos/noticias/2025/06/pf-apreende-adolescente-com-cocaina-em-foz-do-iguacu-pr,https://wwwgovbr/prf/pt-br/noticias/estaduais/pernambuco/2025/junho/homem-e-detido-com-cocaina-carro-roubado-e-documento-falso-em-salgueiro,https://wwwgovbr/pf/pt-br/assuntos/noticias/2025/06/pf-apreende-adolescente-com-cocaina-em-foz-do-iguacu-pr
894f1709-7a06-4994-89d3-e9ac7f83ddb5,different_values,411,date_1,2025-06-12,2025-06-12 00:00:00,2025-06-12,2025-06-12 00:00:00
894f1709-7a06-4994-89d3-e9ac7f83ddb5,different_values,411,quantity,97.0,3.1,970,31
894f1709-7a06-4994-89d3-e9ac7f83ddb5,different_values,411,country,Argentina,Brazil,argentina,brazil
894f1709-7a06-4994-89d3-e9ac7f83ddb5,different_values,411,department/state,Salta/Jujuy,Pernambuco,salta/jujuy,pernambuco
894f1709-7a06-4994-89d3-e9ac7f83ddb5,different_values,411,municipality/port,La Quiaca,Salgueiro,la quiaca,salgueiro
894f1709-7a06-4994-89d3-e9ac7f83ddb5,different_values,411,description,"A raíz de meses de tareas investigativas, los gendarmes de la Patrulla Fija ""El Naranjo"" lograron impedir el traslado de 64 kilos 669 gramos del estupefaciente acondicionados en los paneles laterales del baúl de un vehículo. Al día siguiente del descubrimiento de la droga, los funcionarios localizaron un domicilio en la ciudad jujeña de La Quiaca, que era usado como acopio de drogas. La inspección del inmueble culminó en el decomiso de otros 32 kilos 415 gramos escondidos en un auto.","Un hombre de 33 años que transportaba 3,1 kg de cocaína en un coche robado fue detenido este miércoles (11) por la Policía Federal de Carreteras (PRF), en la BR 232, en Salgueiro, en el interior de Pernambuco. La droga estaba oculta tras el revestimiento del maletero del vehículo.","a raíz de meses de tareas investigativas los gendarmes de la patrulla fija ""el naranjo"" lograron impedir el traslado de 64 kilos 669 gramos del estupefaciente acondicionados en los paneles laterales del baúl de un vehículo al día siguiente del descubrimiento de la droga los funcionarios localizaron un domicilio en la ciudad jujeña de la quiaca que era usado como acopio de drogas la inspección del inmueble culminó en el decomiso de otros 32 kilos 415 gramos escondidos en un auto",un hombre de 33 años que transportaba 31 kg de cocaína en un coche robado fue detenido este miércoles (11) por la policía federal de carreteras (prf) en la br 232 en salgueiro en el interior de pernambuco la droga estaba oculta tras el revestimiento del maletero del vehículo
894f1709-7a06-4994-89d3-e9ac7f83ddb5,different_values,411,source_link,https://www.argentina.gob.ar/noticias/salta-y-jujuy-97-kilos-de-cocaina-incautados-en-un-control-vial-y-tras-el-registro-de-un,https://www.gov.br/prf/pt-br/noticias/estaduais/pernambuco/2025/junho/homem-e-detido-com-cocaina-carro-roubado-e-documento-falso-em-salgueiro,https://wwwargentinagobar/noticias/salta-y-jujuy-97-kilos-de-cocaina-incautados-en-un-control-vial-y-tras-el-registro-de-un,https://wwwgovbr/prf/pt-br/noticias/estaduais/pernambuco/2025/junho/homem-e-detido-com-cocaina-carro-roubado-e-documento-falso-em-salgueiro
894f1709-7a06-4994-89d3-e9ac7f83ddb5,different_values,411,archived_link,Archived Link - Argentina,Archived Link - Brazil,archived link - argentina,archived link - brazil
73fcb71c-8dc9-4b8b-bb44-6997bc84f5f8,different_values,412,date_1,2025-06-12,2025-06-12 00:00:00,2025-06-12,2025-06-12 00:00:00
73fcb71c-8dc9-4b8b-bb44-6997bc84f5f8,different_values,412,drug_type,All/Unspecified/Multiple,Cocaine,all/unspecified/multiple,cocaine
73fcb71c-8dc9-4b8b-bb44-6997bc84f5f8,different_values,412,quantity,49.0,97.0,490,970
73fcb71c-8dc9-4b8b-bb44-6997bc84f5f8,different_values,412,country,Chile,Argentina,chile,argentina
73fcb71c-8dc9-4b8b-bb44-6997bc84f5f8,different_values,412,department/state,Antofagasta,Salta/Jujuy,antofagasta,salta/jujuy
73fcb71c-8dc9-4b8b-bb44-6997bc84f5f8,different_values,412,municipality/port,,La Quiaca,,la quiaca
73fcb71c-8dc9-4b8b-bb44-6997bc84f5f8,different_values,412,origin_country,Bolivia,,bolivia,
73fcb71c-8dc9-4b8b-bb44-6997bc84f5f8,different_values,412,description,"En prisión preventiva quedaron cuatro ciudadanos bolivianos detenidos en el sector fronterizo en Ollagüe, región de Antofagasta, mientras intentaban ingresar un gran cargamento de drogas al país. Específicamente, se trató de 1.266 kilos de marihuana, 29 kilos de clorhidrato de cocaína y 20 kilos de pasta base. El plazo de investigación quedó en 110 días.","A raíz de meses de tareas investigativas, los gendarmes de la Patrulla Fija ""El Naranjo"" lograron impedir el traslado de 64 kilos 669 gramos del estupefaciente acondicionados en los paneles laterales del baúl de un vehículo. Al día siguiente del descubrimiento de la droga, los funcionarios localizaron un domicilio en la ciudad jujeña de La Quiaca, que era usado como acopio de drogas. La inspección del inmueble culminó en el decomiso de otros 32 kilos 415 gramos escondidos en un auto.",en prisión preventiva quedaron cuatro ciudadanos bolivianos detenidos en el sector fronterizo en ollagüe región de antofagasta mientras intentaban ingresar un gran cargamento de drogas al país específicamente se trató de 1266 kilos de marihuana 29 kilos de clorhidrato de cocaína y 20 kilos de pasta base el plazo de investigación quedó en 110 días,"a raíz de meses de tareas investigativas los gendarmes de la patrulla fija ""el naranjo"" lograron impedir el traslado de 64 kilos 669 gramos del estupefaciente acondicionados en los paneles laterales del baúl de un vehículo al día siguiente del descubrimiento de la droga los funcionarios localizaron un domicilio en la ciudad jujeña de la quiaca que era usado como acopio de drogas la inspección del inmueble culminó en el decomiso de otros 32 kilos 415 gramos escondidos en un auto"
73fcb71c-8dc9-4b8b-bb44-6997bc84f5f8,different_values,412,source_link,https://www.biobiochile.cl/noticias/nacional/region-de-antofagasta/2025/06/12/mas-de-una-tonelada-de-droga-incautada-en-frontera-con-bolivia-hay-cuatro-detenidos.shtml,https://www.argentina.gob.ar/noticias/salta-y-jujuy-97-kilos-de-cocaina-incautados-en-un-control-vial-y-tras-el-registro-de-un,https://wwwbiobiochilecl/noticias/nacional/region-de-antofagasta/2025/06/12/mas-de-una-tonelada-de-droga-incautada-en-frontera-con-bolivia-hay-cuatro-detenidosshtml,https://wwwargentinagobar/noticias/salta-y-jujuy-97-kilos-de-cocaina-incautados-en-un-control-vial-y-tras-el-registro-de-un
73fcb71c-8dc9-4b8b-bb44-6997bc84f5f8,different_values,412,archived_link,Archived Link - Chile,Archived Link - Argentina,archived link - chile,archived link - argentina
6c5510ba-2f69-452a-a4a1-e2b478f0d84d,different_values,413,date_1,2025-06-13,2025-06-12 00:00:00,2025-06-13,2025-06-12 00:00:00
6c5510ba-2f69-452a-a4a1-e2b478f0d84d,different_values,413,day,13,12,13,12
6c5510ba-2f69-452a-a4a1-e2b478f0d84d,different_values,413,drug_type,Cocaine,All/Unspecified/Multiple,cocaine,all/unspecified/multiple
6c5510ba-2f69-452a-a4a1-e2b478f0d84d,different_values,413,quantity,1112.0,49.0,11120,490
6c5510ba-2f69-452a-a4a1-e2b478f0d84d,different_values,413,modus_operandi/place_seizure,Maritime vessel,Land,maritime vessel,land
6c5510ba-2f69-452a-a4a1-e2b478f0d84d,different_values,413,region,North America,South America,north america,south america
6c5510ba-2f69-452a-a4a1-e2b478f0d84d,different_values,413,country,Mexico,Chile,mexico,chile
6c5510ba-2f69-452a-a4a1-e2b478f0d84d,different_values,413,department/state,Guerrero,Antofagasta,guerrero,antofagasta
6c5510ba-2f69-452a-a4a1-e2b478f0d84d,different_values,413,origin_country,,Bolivia,,bolivia
6c5510ba-2f69-452a-a4a1-e2b478f0d84d,different_values,413,transit_1_region,North America,,north america,
6c5510ba-2f69-452a-a4a1-e2b478f0d84d,different_values,413,transit_1_country,Mexico,,mexico,
6c5510ba-2f69-452a-a4a1-e2b478f0d84d,different_values,413,description,Las autoridades mexicanas decomisaron 1112 kilos de cocaína transportados en las costas de Guerrero en el marco de un operativo realizado por aire y mar.,"En prisión preventiva quedaron cuatro ciudadanos bolivianos detenidos en el sector fronterizo en Ollagüe, región de Antofagasta, mientras intentaban ingresar un gran cargamento de drogas al país. Específicamente, se trató de 1.266 kilos de marihuana, 29 kilos de clorhidrato de cocaína y 20 kilos de pasta base. El plazo de investigación quedó en 110 días.",las autoridades mexicanas decomisaron 1112 kilos de cocaína transportados en las costas de guerrero en el marco de un operativo realizado por aire y mar,en prisión preventiva quedaron cuatro ciudadanos bolivianos detenidos en el sector fronterizo en ollagüe región de antofagasta mientras intentaban ingresar un gran cargamento de drogas al país específicamente se trató de 1266 kilos de marihuana 29 kilos de clorhidrato de cocaína y 20 kilos de pasta base el plazo de investigación quedó en 110 días
6c5510ba-2f69-452a-a4a1-e2b478f0d84d,different_values,413,source_link,https://www.excelsior.com.mx/nacional/aseguran-tonelada-cocaina-costas-guerrero/1721404,https://www.biobiochile.cl/noticias/nacional/region-de-antofagasta/2025/06/12/mas-de-una-tonelada-de-droga-incautada-en-frontera-con-bolivia-hay-cuatro-detenidos.shtml,https://wwwexcelsiorcommx/nacional/aseguran-tonelada-cocaina-costas-guerrero/1721404,https://wwwbiobiochilecl/noticias/nacional/region-de-antofagasta/2025/06/12/mas-de-una-tonelada-de-droga-incautada-en-frontera-con-bolivia-hay-cuatro-detenidosshtml
6c5510ba-2f69-452a-a4a1-e2b478f0d84d,different_values,413,archived_link,Archived Link - Mexico,Archived Link - Chile,archived link - mexico,archived link - chile
d772bc24-a107-4069-90fa-1d3a187ecc81,different_values,414,date_1,2025-06-15,2025-06-13 00:00:00,2025-06-15,2025-06-13 00:00:00
d772bc24-a107-4069-90fa-1d3a187ecc81,different_values,414,day,15,13,15,13
d772bc24-a107-4069-90fa-1d3a187ecc81,different_values,414,quantity,500.0,1112.0,5000,11120
d772bc24-a107-4069-90fa-1d3a187ecc81,different_values,414,modus_operandi/place_seizure,Land,Maritime vessel,land,maritime vessel
d772bc24-a107-4069-90fa-1d3a187ecc81,different_values,414,region,South America,North America,south america,north america
d772bc24-a107-4069-90fa-1d3a187ecc81,different_values,414,country,Ecuador,Mexico,ecuador,mexico
d772bc24-a107-4069-90fa-1d3a187ecc81,different_values,414,department/state,Napo,Guerrero,napo,guerrero
d772bc24-a107-4069-90fa-1d3a187ecc81,different_values,414,municipality/port,Tena,,tena,
d772bc24-a107-4069-90fa-1d3a187ecc81,different_values,414,transit_1_region,South America,North America,south america,north america
d772bc24-a107-4069-90fa-1d3a187ecc81,different_values,414,transit_1_country,Ecuador,Mexico,ecuador,mexico
d772bc24-a107-4069-90fa-1d3a187ecc81,different_values,414,transit_1_department/state,Napo,,napo,
d772bc24-a107-4069-90fa-1d3a187ecc81,different_values,414,transit_1_municipality/port,Tena,,tena,
d772bc24-a107-4069-90fa-1d3a187ecc81,different_values,414,description,"500 kilos de cocaína eran transportados en un camión con doble fondo en la provincia de Napo, Ecuador. El conductor fue detenido y está a la espera de que se decida su situación judicial.",Las autoridades mexicanas decomisaron 1112 kilos de cocaína transportados en las costas de Guerrero en el marco de un operativo realizado por aire y mar.,500 kilos de cocaína eran transportados en un camión con doble fondo en la provincia de napo ecuador el conductor fue detenido y está a la espera de que se decida su situación judicial,las autoridades mexicanas decomisaron 1112 kilos de cocaína transportados en las costas de guerrero en el marco de un operativo realizado por aire y mar
d772bc24-a107-4069-90fa-1d3a187ecc81,different_values,414,source_link,https://www.ecuavisa.com/noticias/seguridad/narcotrafico-tena-napo-cocaina-volquete-LD9511940,https://www.excelsior.com.mx/nacional/aseguran-tonelada-cocaina-costas-guerrero/1721404,https://wwwecuavisacom/noticias/seguridad/narcotrafico-tena-napo-cocaina-volquete-ld9511940,https://wwwexcelsiorcommx/nacional/aseguran-tonelada-cocaina-costas-guerrero/1721404
d772bc24-a107-4069-90fa-1d3a187ecc81,different_values,414,archived_link,Archived Link - Ecuador,Archived Link - Mexico,archived link - ecuador,archived link - mexico
4b965945-95a3-45eb-888e-803ce0110113,different_values,415,date_1,2025-06-13,2025-06-15 00:00:00,2025-06-13,2025-06-15 00:00:00
4b965945-95a3-45eb-888e-803ce0110113,different_values,415,day,13,15,13,15
4b965945-95a3-45eb-888e-803ce0110113,different_values,415,quantity,4500.0,500.0,45000,5000
4b965945-95a3-45eb-888e-803ce0110113,different_values,415,modus_operandi/place_seizure,Container,Land,container,land
4b965945-95a3-45eb-888e-803ce0110113,different_values,415,region,Europe,South America,europe,south america
4b965945-95a3-45eb-888e-803ce0110113,different_values,415,country,Netherlands,Ecuador,netherlands,ecuador
4b965945-95a3-45eb-888e-803ce0110113,different_values,415,department/state,North Holland,Napo,north holland,napo
4b965945-95a3-45eb-888e-803ce0110113,different_values,415,municipality/port,Amsterdam,Tena,amsterdam,tena
4b965945-95a3-45eb-888e-803ce0110113,different_values,415,transit_1_region,,South America,,south america
4b965945-95a3-45eb-888e-803ce0110113,different_values,415,transit_1_country,,Ecuador,,ecuador
4b965945-95a3-45eb-888e-803ce0110113,different_values,415,transit_1_department/state,,Napo,,napo
4b965945-95a3-45eb-888e-803ce0110113,different_values,415,transit_1_municipality/port,,Tena,,tena
4b965945-95a3-45eb-888e-803ce0110113,different_values,415,destination_1_region,Europe,,europe,
4b965945-95a3-45eb-888e-803ce0110113,different_values,415,destination_1_country,Netherlands,,netherlands,
4b965945-95a3-45eb-888e-803ce0110113,different_values,415,destination_1_department/state,North Holland,,north holland,
4b965945-95a3-45eb-888e-803ce0110113,different_values,415,destination_1_municipality/port,Amsterdam,,amsterdam,
4b965945-95a3-45eb-888e-803ce0110113,different_values,415,description,"La aduana holandesa decomisó 4500 kilos de cocaína en un contenedor con madera proveniente de África Occidental. El contenedor llegó un día antes pero ante algunas irregularidades, decidieron hacer un análisis más exhaustivo tras lo que hallaron la cocaína","500 kilos de cocaína eran transportados en un camión con doble fondo en la provincia de Napo, Ecuador. El conductor fue detenido y está a la espera de que se decida su situación judicial.",la aduana holandesa decomisó 4500 kilos de cocaína en un contenedor con madera proveniente de áfrica occidental el contenedor llegó un día antes pero ante algunas irregularidades decidieron hacer un análisis más exhaustivo tras lo que hallaron la cocaína,500 kilos de cocaína eran transportados en un camión con doble fondo en la provincia de napo ecuador el conductor fue detenido y está a la espera de que se decida su situación judicial
4b965945-95a3-45eb-888e-803ce0110113,different_values,415,source_link,https://www.waterkant.net/suriname/2025/06/14/douane-nederland-onderschept-4-500-kilogram-cocaine-in-container-met-hout/,https://www.ecuavisa.com/noticias/seguridad/narcotrafico-tena-napo-cocaina-volquete-LD9511940,https://wwwwaterkantnet/suriname/2025/06/14/douane-nederland-onderschept-4-500-kilogram-cocaine-in-container-met-hout/,https://wwwecuavisacom/noticias/seguridad/narcotrafico-tena-napo-cocaina-volquete-ld9511940
4b965945-95a3-45eb-888e-803ce0110113,different_values,415,archived_link,Archived Link - Netherlands,Archived Link - Ecuador,archived link - netherlands,archived link - ecuador
d4d28547-5fbd-4399-ab70-b1ea8499cfa6,different_values,416,date_1,2025-06-14,2025-06-13 00:00:00,2025-06-14,2025-06-13 00:00:00
d4d28547-5fbd-4399-ab70-b1ea8499cfa6,different_values,416,day,14,13,14,13
d4d28547-5fbd-4399-ab70-b1ea8499cfa6,different_values,416,quantity,230.0,4500.0,2300,45000
d4d28547-5fbd-4399-ab70-b1ea8499cfa6,different_values,416,modus_operandi/place_seizure,Land,Container,land,container
d4d28547-5fbd-4399-ab70-b1ea8499cfa6,different_values,416,region,Central America,Europe,central america,europe
d4d28547-5fbd-4399-ab70-b1ea8499cfa6,different_values,416,country,Honduras,Netherlands,honduras,netherlands
d4d28547-5fbd-4399-ab70-b1ea8499cfa6,different_values,416,department/state,Cortés,North Holland,cortés,north holland
d4d28547-5fbd-4399-ab70-b1ea8499cfa6,different_values,416,municipality/port,Omoa,Amsterdam,omoa,amsterdam
d4d28547-5fbd-4399-ab70-b1ea8499cfa6,different_values,416,transit_1_region,Central America,,central america,
d4d28547-5fbd-4399-ab70-b1ea8499cfa6,different_values,416,transit_1_country,Honduras,,honduras,
d4d28547-5fbd-4399-ab70-b1ea8499cfa6,different_values,416,transit_1_department/state,Cortés,,cortés,
d4d28547-5fbd-4399-ab70-b1ea8499cfa6,different_values,416,transit_1_municipality/port,Omoa,,omoa,
d4d28547-5fbd-4399-ab70-b1ea8499cfa6,different_values,416,destination_1_region,,Europe,,europe
d4d28547-5fbd-4399-ab70-b1ea8499cfa6,different_values,416,destination_1_country,,Netherlands,,netherlands
d4d28547-5fbd-4399-ab70-b1ea8499cfa6,different_values,416,destination_1_department/state,,North Holland,,north holland
d4d28547-5fbd-4399-ab70-b1ea8499cfa6,different_values,416,destination_1_municipality/port,,Amsterdam,,amsterdam
d4d28547-5fbd-4399-ab70-b1ea8499cfa6,different_values,416,description,"Un camión que salió de San Pedro sula y se dirigía a Guatemala fue detenido. En su interior hallaron 33 bidones, los cuales presuntamente llevaban líquidos de limpieza, con 230 kilos de cocaína oculta. La droga se encontró en polvo, organizada en bloques ocultos por empaques negros.","La aduana holandesa decomisó 4500 kilos de cocaína en un contenedor con madera proveniente de África Occidental. El contenedor llegó un día antes pero ante algunas irregularidades, decidieron hacer un análisis más exhaustivo tras lo que hallaron la cocaína",un camión que salió de san pedro sula y se dirigía a guatemala fue detenido en su interior hallaron 33 bidones los cuales presuntamente llevaban líquidos de limpieza con 230 kilos de cocaína oculta la droga se encontró en polvo organizada en bloques ocultos por empaques negros,la aduana holandesa decomisó 4500 kilos de cocaína en un contenedor con madera proveniente de áfrica occidental el contenedor llegó un día antes pero ante algunas irregularidades decidieron hacer un análisis más exhaustivo tras lo que hallaron la cocaína
d4d28547-5fbd-4399-ab70-b1ea8499cfa6,different_values,416,source_link,https://tiempo.hn/decomisan-230-kilos-cocaina-escondidos-envases-de-limpieza/,https://www.waterkant.net/suriname/2025/06/14/douane-nederland-onderschept-4-500-kilogram-cocaine-in-container-met-hout/,https://tiempohn/decomisan-230-kilos-cocaina-escondidos-envases-de-limpieza/,https://wwwwaterkantnet/suriname/2025/06/14/douane-nederland-onderschept-4-500-kilogram-cocaine-in-container-met-hout/
d4d28547-5fbd-4399-ab70-b1ea8499cfa6,different_values,416,archived_link,Archived Link - Honduras,Archived Link - Netherlands,archived link - honduras,archived link - netherlands
3c29a05e-8801-4dcc-acfe-21e9156225ef,different_values,417,date_1,2025-06-12,2025-06-14 00:00:00,2025-06-12,2025-06-14 00:00:00
3c29a05e-8801-4dcc-acfe-21e9156225ef,different_values,417,day,12,14,12,14
3c29a05e-8801-4dcc-acfe-21e9156225ef,different_values,417,quantity,31.0,230.0,310,2300
3c29a05e-8801-4dcc-acfe-21e9156225ef,different_values,417,region,South America,Central America,south america,central america
3c29a05e-8801-4dcc-acfe-21e9156225ef,different_values,417,country,Peru,Honduras,peru,honduras
3c29a05e-8801-4dcc-acfe-21e9156225ef,different_values,417,department/state,Satipo,Cortés,satipo,cortés
3c29a05e-8801-4dcc-acfe-21e9156225ef,different_values,417,municipality/port,San Martin de Pangoa,Omoa,san martin de pangoa,omoa
3c29a05e-8801-4dcc-acfe-21e9156225ef,different_values,417,transit_1_region,,Central America,,central america
3c29a05e-8801-4dcc-acfe-21e9156225ef,different_values,417,transit_1_country,,Honduras,,honduras
3c29a05e-8801-4dcc-acfe-21e9156225ef,different_values,417,transit_1_department/state,,Cortés,,cortés
3c29a05e-8801-4dcc-acfe-21e9156225ef,different_values,417,transit_1_municipality/port,,Omoa,,omoa
3c29a05e-8801-4dcc-acfe-21e9156225ef,different_values,417,description,Cuatro personas fueron descubiertas mientras transportaban 31 kilos de cocaína en mochilas.,"Un camión que salió de San Pedro sula y se dirigía a Guatemala fue detenido. En su interior hallaron 33 bidones, los cuales presuntamente llevaban líquidos de limpieza, con 230 kilos de cocaína oculta. La droga se encontró en polvo, organizada en bloques ocultos por empaques negros.",cuatro personas fueron descubiertas mientras transportaban 31 kilos de cocaína en mochilas,un camión que salió de san pedro sula y se dirigía a guatemala fue detenido en su interior hallaron 33 bidones los cuales presuntamente llevaban líquidos de limpieza con 230 kilos de cocaína oculta la droga se encontró en polvo organizada en bloques ocultos por empaques negros
3c29a05e-8801-4dcc-acfe-21e9156225ef,different_values,417,source_link,https://www.gob.pe/institucion/mpfn/noticias/1187415-fiscalia-antidrogas-investiga-a-cuatro-personas-que-transportaban-31-kilos-de-cocaina-en-mochilas,https://tiempo.hn/decomisan-230-kilos-cocaina-escondidos-envases-de-limpieza/,https://wwwgobpe/institucion/mpfn/noticias/1187415-fiscalia-antidrogas-investiga-a-cuatro-personas-que-transportaban-31-kilos-de-cocaina-en-mochilas,https://tiempohn/decomisan-230-kilos-cocaina-escondidos-envases-de-limpieza/
3c29a05e-8801-4dcc-acfe-21e9156225ef,different_values,417,archived_link,Archived Link - Peru,Archived Link - Honduras,archived link - peru,archived link - honduras
73cd3f1c-760a-4874-b36f-a7ac10ef7ada,different_values,418,date_1,2025-06-13,2025-06-12 00:00:00,2025-06-13,2025-06-12 00:00:00
73cd3f1c-760a-4874-b36f-a7ac10ef7ada,different_values,418,day,13,12,13,12
73cd3f1c-760a-4874-b36f-a7ac10ef7ada,different_values,418,quantity,85.0,31.0,850,310
73cd3f1c-760a-4874-b36f-a7ac10ef7ada,different_values,418,region,Africa,South America,africa,south america
73cd3f1c-760a-4874-b36f-a7ac10ef7ada,different_values,418,country,Algeria,Peru,algeria,peru
73cd3f1c-760a-4874-b36f-a7ac10ef7ada,different_values,418,department/state,Adrar,Satipo,adrar,satipo
73cd3f1c-760a-4874-b36f-a7ac10ef7ada,different_values,418,municipality/port,,San Martin de Pangoa,,san martin de pangoa
73cd3f1c-760a-4874-b36f-a7ac10ef7ada,different_values,418,description,85 kilos de cocaína fueron decomisados mientras eran transportados en un vehículo de carga.,Cuatro personas fueron descubiertas mientras transportaban 31 kilos de cocaína en mochilas.,85 kilos de cocaína fueron decomisados mientras eran transportados en un vehículo de carga,cuatro personas fueron descubiertas mientras transportaban 31 kilos de cocaína en mochilas
73cd3f1c-760a-4874-b36f-a7ac10ef7ada,different_values,418,source_link,https://observalgerie.com/2025/06/14/faits-divers/algerie-grosse-quantite-de-cocaine-saisie-dans-le-sud-ouest/,https://www.gob.pe/institucion/mpfn/noticias/1187415-fiscalia-antidrogas-investiga-a-cuatro-personas-que-transportaban-31-kilos-de-cocaina-en-mochilas,https://observalgeriecom/2025/06/14/faits-divers/algerie-grosse-quantite-de-cocaine-saisie-dans-le-sud-ouest/,https://wwwgobpe/institucion/mpfn/noticias/1187415-fiscalia-antidrogas-investiga-a-cuatro-personas-que-transportaban-31-kilos-de-cocaina-en-mochilas
73cd3f1c-760a-4874-b36f-a7ac10ef7ada,different_values,418,archived_link,Archived Link - Algeria,Archived Link - Peru,archived link - algeria,archived link - peru
ca978af3-f51d-4fbc-a807-d0d6815afa56,different_values,419,date_1,2025-06-13,2025-06-13 00:00:00,2025-06-13,2025-06-13 00:00:00
ca978af3-f51d-4fbc-a807-d0d6815afa56,different_values,419,quantity,328.0,85.0,3280,850
ca978af3-f51d-4fbc-a807-d0d6815afa56,different_values,419,modus_operandi/place_seizure,Container,Land,container,land
ca978af3-f51d-4fbc-a807-d0d6815afa56,different_values,419,region,Europe,Africa,europe,africa
ca978af3-f51d-4fbc-a807-d0d6815afa56,different_values,419,country,Belgium,Algeria,belgium,algeria
ca978af3-f51d-4fbc-a807-d0d6815afa56,different_values,419,department/state,Amberes,Adrar,amberes,adrar
ca978af3-f51d-4fbc-a807-d0d6815afa56,different_values,419,municipality/port,Amberes,,amberes,
ca978af3-f51d-4fbc-a807-d0d6815afa56,different_values,419,destination_1_region,Europe,,europe,
ca978af3-f51d-4fbc-a807-d0d6815afa56,different_values,419,destination_1_country,Belgium,,belgium,
ca978af3-f51d-4fbc-a807-d0d6815afa56,different_values,419,destination_1_municipality/port,Amberes,,amberes,
ca978af3-f51d-4fbc-a807-d0d6815afa56,different_values,419,description,328 kilos de cocaína fueron incautados en el puerto de Amberes. La carga provenía de Brasil y contenía Ferrosilicio.,85 kilos de cocaína fueron decomisados mientras eran transportados en un vehículo de carga.,328 kilos de cocaína fueron incautados en el puerto de amberes la carga provenía de brasil y contenía ferrosilicio,85 kilos de cocaína fueron decomisados mientras eran transportados en un vehículo de carga
ca978af3-f51d-4fbc-a807-d0d6815afa56,different_values,419,source_link,https://www.portseurope.com/328-kg-of-cocaine-in-container-with-ferrosilicon-seized-in-antwerp-port/,https://observalgerie.com/2025/06/14/faits-divers/algerie-grosse-quantite-de-cocaine-saisie-dans-le-sud-ouest/,https://wwwportseuropecom/328-kg-of-cocaine-in-container-with-ferrosilicon-seized-in-antwerp-port/,https://observalgeriecom/2025/06/14/faits-divers/algerie-grosse-quantite-de-cocaine-saisie-dans-le-sud-ouest/
ca978af3-f51d-4fbc-a807-d0d6815afa56,different_values,419,archived_link,Archived Link - Belgium,Archived Link - Algeria,archived link - belgium,archived link - algeria
c2987311-eaae-49e3-aa97-f9a370d3e42c,different_values,420,date_1,2025-06-14,2025-06-13 00:00:00,2025-06-14,2025-06-13 00:00:00
c2987311-eaae-49e3-aa97-f9a370d3e42c,different_values,420,day,14,13,14,13
c2987311-eaae-49e3-aa97-f9a370d3e42c,different_values,420,quantity,520.0,328.0,5200,3280
c2987311-eaae-49e3-aa97-f9a370d3e42c,different_values,420,modus_operandi/place_seizure,Land,Container,land,container
c2987311-eaae-49e3-aa97-f9a370d3e42c,different_values,420,region,South America,Europe,south america,europe
c2987311-eaae-49e3-aa97-f9a370d3e42c,different_values,420,country,Brazil,Belgium,brazil,belgium
c2987311-eaae-49e3-aa97-f9a370d3e42c,different_values,420,department/state,Sao Paulo,Amberes,sao paulo,amberes
c2987311-eaae-49e3-aa97-f9a370d3e42c,different_values,420,municipality/port,Mogi das Cruzes,Amberes,mogi das cruzes,amberes
c2987311-eaae-49e3-aa97-f9a370d3e42c,different_values,420,transit_1_region,South America,,south america,
c2987311-eaae-49e3-aa97-f9a370d3e42c,different_values,420,transit_1_country,Brazil,,brazil,
c2987311-eaae-49e3-aa97-f9a370d3e42c,different_values,420,transit_1_department/state,Sao Paulo,,sao paulo,
c2987311-eaae-49e3-aa97-f9a370d3e42c,different_values,420,transit_1_municipality/port,Mogi das Cruzes,,mogi das cruzes,
c2987311-eaae-49e3-aa97-f9a370d3e42c,different_values,420,destination_1_region,,Europe,,europe
c2987311-eaae-49e3-aa97-f9a370d3e42c,different_values,420,destination_1_country,,Belgium,,belgium
c2987311-eaae-49e3-aa97-f9a370d3e42c,different_values,420,destination_1_municipality/port,,Amberes,,amberes
c2987311-eaae-49e3-aa97-f9a370d3e42c,different_values,420,description,"520 kilos de cocaína fueron incautados a dos personas en el municipio de Mogi das Cruzes, Sao Paulo. La droga era transportada en un vehículo y se cree que podría ir dirigida al puerto de Santos, indicios que han arrojado investigaciones pasadas sobre la misma red criminal.",328 kilos de cocaína fueron incautados en el puerto de Amberes. La carga provenía de Brasil y contenía Ferrosilicio.,520 kilos de cocaína fueron incautados a dos personas en el municipio de mogi das cruzes sao paulo la droga era transportada en un vehículo y se cree que podría ir dirigida al puerto de santos indicios que han arrojado investigaciones pasadas sobre la misma red criminal,328 kilos de cocaína fueron incautados en el puerto de amberes la carga provenía de brasil y contenía ferrosilicio
c2987311-eaae-49e3-aa97-f9a370d3e42c,different_values,420,source_link,https://g1.globo.com/sp/mogi-das-cruzes-suzano/noticia/2025/06/16/dise-de-mogi-das-cruzes-prende-suspeitos-com-meia-tonelada-de-cocaina.ghtml,https://www.portseurope.com/328-kg-of-cocaine-in-container-with-ferrosilicon-seized-in-antwerp-port/,https://g1globocom/sp/mogi-das-cruzes-suzano/noticia/2025/06/16/dise-de-mogi-das-cruzes-prende-suspeitos-com-meia-tonelada-de-cocainaghtml,https://wwwportseuropecom/328-kg-of-cocaine-in-container-with-ferrosilicon-seized-in-antwerp-port/
c2987311-eaae-49e3-aa97-f9a370d3e42c,different_values,420,archived_link,Archived Link - Brazil,Archived Link - Belgium,archived link - brazil,archived link - belgium
b2b62614-6540-477d-88ea-0ad78d22a284,different_values,421,date_1,2025-06-13,2025-06-14 00:00:00,2025-06-13,2025-06-14 00:00:00
b2b62614-6540-477d-88ea-0ad78d22a284,different_values,421,day,13,14,13,14
b2b62614-6540-477d-88ea-0ad78d22a284,different_values,421,quantity,418.0,520.0,4180,5200
b2b62614-6540-477d-88ea-0ad78d22a284,different_values,421,municipality/port,Rio Claro,Mogi das Cruzes,rio claro,mogi das cruzes
b2b62614-6540-477d-88ea-0ad78d22a284,different_values,421,transit_1_municipality/port,Rio Claro,Mogi das Cruzes,rio claro,mogi das cruzes
b2b62614-6540-477d-88ea-0ad78d22a284,different_values,421,description,"Un camión fue detenido en el estado de Sao Paulo con 418 kilos de cocaína ocultos en un compartimiento cerca al tanque de combustible. El condictor expresó que partió de Mato Grosso do Sul. Si bien la incautación se dio el viernes, el camión solo pudo ser inspeccionado el lunes tras liberar la carga de alcohol etílico. El conductor fue liberado previamente.","520 kilos de cocaína fueron incautados a dos personas en el municipio de Mogi das Cruzes, Sao Paulo. La droga era transportada en un vehículo y se cree que podría ir dirigida al puerto de Santos, indicios que han arrojado investigaciones pasadas sobre la misma red criminal.",un camión fue detenido en el estado de sao paulo con 418 kilos de cocaína ocultos en un compartimiento cerca al tanque de combustible el condictor expresó que partió de mato grosso do sul si bien la incautación se dio el viernes el camión solo pudo ser inspeccionado el lunes tras liberar la carga de alcohol etílico el conductor fue liberado previamente,520 kilos de cocaína fueron incautados a dos personas en el municipio de mogi das cruzes sao paulo la droga era transportada en un vehículo y se cree que podría ir dirigida al puerto de santos indicios que han arrojado investigaciones pasadas sobre la misma red criminal
b2b62614-6540-477d-88ea-0ad78d22a284,different_values,421,source_link,https://g1.globo.com/sp/piracicaba-regiao/noticia/2025/06/16/pf-de-piracicaba-encontra-418kg-de-cocaina-em-compartimento-secreto-de-caminhao-tanque.ghtml,https://g1.globo.com/sp/mogi-das-cruzes-suzano/noticia/2025/06/16/dise-de-mogi-das-cruzes-prende-suspeitos-com-meia-tonelada-de-cocaina.ghtml,https://g1globocom/sp/piracicaba-regiao/noticia/2025/06/16/pf-de-piracicaba-encontra-418kg-de-cocaina-em-compartimento-secreto-de-caminhao-tanqueghtml,https://g1globocom/sp/mogi-das-cruzes-suzano/noticia/2025/06/16/dise-de-mogi-das-cruzes-prende-suspeitos-com-meia-tonelada-de-cocainaghtml
90a1165e-7aa2-473b-bb4e-58990ba1e808,different_values,422,date_1,2025-06-13,2025-06-13 00:00:00,2025-06-13,2025-06-13 00:00:00
90a1165e-7aa2-473b-bb4e-58990ba1e808,different_values,422,quantity,5.7,418.0,57,4180
90a1165e-7aa2-473b-bb4e-58990ba1e808,different_values,422,department/state,Mato Grosso del Sur,Sao Paulo,mato grosso del sur,sao paulo
90a1165e-7aa2-473b-bb4e-58990ba1e808,different_values,422,municipality/port,Miranda,Rio Claro,miranda,rio claro
90a1165e-7aa2-473b-bb4e-58990ba1e808,different_values,422,transit_1_department/state,Mato Grosso del Sur,Sao Paulo,mato grosso del sur,sao paulo
90a1165e-7aa2-473b-bb4e-58990ba1e808,different_values,422,transit_1_municipality/port,Miranda,Rio Claro,miranda,rio claro
90a1165e-7aa2-473b-bb4e-58990ba1e808,different_values,422,description,"Un hombre que empujaba una moto manualmente fue detenido con 5,7 kilos de cocaína ocultos en el tanque de gasolina del vehículo.","Un camión fue detenido en el estado de Sao Paulo con 418 kilos de cocaína ocultos en un compartimiento cerca al tanque de combustible. El condictor expresó que partió de Mato Grosso do Sul. Si bien la incautación se dio el viernes, el camión solo pudo ser inspeccionado el lunes tras liberar la carga de alcohol etílico. El conductor fue liberado previamente.",un hombre que empujaba una moto manualmente fue detenido con 57 kilos de cocaína ocultos en el tanque de gasolina del vehículo,un camión fue detenido en el estado de sao paulo con 418 kilos de cocaína ocultos en un compartimiento cerca al tanque de combustible el condictor expresó que partió de mato grosso do sul si bien la incautación se dio el viernes el camión solo pudo ser inspeccionado el lunes tras liberar la carga de alcohol etílico el conductor fue liberado previamente
90a1165e-7aa2-473b-bb4e-58990ba1e808,different_values,422,source_link,https://www.gov.br/prf/pt-br/noticias/estaduais/mato-grosso-do-sul/2025/junho/prf-apreende-5-7-kg-de-cocaina-em-miranda-ms,https://g1.globo.com/sp/piracicaba-regiao/noticia/2025/06/16/pf-de-piracicaba-encontra-418kg-de-cocaina-em-compartimento-secreto-de-caminhao-tanque.ghtml,https://wwwgovbr/prf/pt-br/noticias/estaduais/mato-grosso-do-sul/2025/junho/prf-apreende-5-7-kg-de-cocaina-em-miranda-ms,https://g1globocom/sp/piracicaba-regiao/noticia/2025/06/16/pf-de-piracicaba-encontra-418kg-de-cocaina-em-compartimento-secreto-de-caminhao-tanqueghtml
d2f5af84-158b-4a6d-a89d-9ccf63964421,different_values,423,date_1,2025-06-16,2025-06-13 00:00:00,2025-06-16,2025-06-13 00:00:00
d2f5af84-158b-4a6d-a89d-9ccf63964421,different_values,423,day,16,13,16,13
d2f5af84-158b-4a6d-a89d-9ccf63964421,different_values,423,quantity,17.0,5.7,170,57
d2f5af84-158b-4a6d-a89d-9ccf63964421,different_values,423,weight_unit,Package,Kilogram,package,kilogram
d2f5af84-158b-4a6d-a89d-9ccf63964421,different_values,423,department/state,Rio Grande del Norte,Mato Grosso del Sur,rio grande del norte,mato grosso del sur
d2f5af84-158b-4a6d-a89d-9ccf63964421,different_values,423,municipality/port,Natal,Miranda,natal,miranda
d2f5af84-158b-4a6d-a89d-9ccf63964421,different_values,423,transit_1_department/state,Rio Grande del Norte,Mato Grosso del Sur,rio grande del norte,mato grosso del sur
d2f5af84-158b-4a6d-a89d-9ccf63964421,different_values,423,transit_1_municipality/port,Natal,Miranda,natal,miranda
d2f5af84-158b-4a6d-a89d-9ccf63964421,different_values,423,description,"Un conductor de aplicación fue detenido con 17 paquetes de cocaína. El hombre expuso que partió de Fortaleza, Ceará, hacia Natal en Rio Grande del Norte.","Un hombre que empujaba una moto manualmente fue detenido con 5,7 kilos de cocaína ocultos en el tanque de gasolina del vehículo.",un conductor de aplicación fue detenido con 17 paquetes de cocaína el hombre expuso que partió de fortaleza ceará hacia natal en rio grande del norte,un hombre que empujaba una moto manualmente fue detenido con 57 kilos de cocaína ocultos en el tanque de gasolina del vehículo
d2f5af84-158b-4a6d-a89d-9ccf63964421,different_values,423,source_link,https://www.gov.br/prf/pt-br/noticias/estaduais/rio-grande-do-norte/2025/junho/prf-apreende-17-tabletes-de-cocaina-na-br-304-em-macaiba-rn,https://www.gov.br/prf/pt-br/noticias/estaduais/mato-grosso-do-sul/2025/junho/prf-apreende-5-7-kg-de-cocaina-em-miranda-ms,https://wwwgovbr/prf/pt-br/noticias/estaduais/rio-grande-do-norte/2025/junho/prf-apreende-17-tabletes-de-cocaina-na-br-304-em-macaiba-rn,https://wwwgovbr/prf/pt-br/noticias/estaduais/mato-grosso-do-sul/2025/junho/prf-apreende-5-7-kg-de-cocaina-em-miranda-ms
f1af4f90-dbae-4ea9-ae4d-f5cc07753489,different_values,424,date_1,2025-06-16,2025-06-16 00:00:00,2025-06-16,2025-06-16 00:00:00
f1af4f90-dbae-4ea9-ae4d-f5cc07753489,different_values,424,quantity,657.0,17.0,6570,170
f1af4f90-dbae-4ea9-ae4d-f5cc07753489,different_values,424,weight_unit,Kilogram,Package,kilogram,package
f1af4f90-dbae-4ea9-ae4d-f5cc07753489,different_values,424,modus_operandi/place_seizure,Container,Land,container,land
f1af4f90-dbae-4ea9-ae4d-f5cc07753489,different_values,424,department/state,Sao Paulo,Rio Grande del Norte,sao paulo,rio grande del norte
f1af4f90-dbae-4ea9-ae4d-f5cc07753489,different_values,424,municipality/port,Santos,Natal,santos,natal
f1af4f90-dbae-4ea9-ae4d-f5cc07753489,different_values,424,transit_1_department/state,Sao Paulo,Rio Grande del Norte,sao paulo,rio grande del norte
f1af4f90-dbae-4ea9-ae4d-f5cc07753489,different_values,424,transit_1_municipality/port,Santos,Natal,santos,natal
f1af4f90-dbae-4ea9-ae4d-f5cc07753489,different_values,424,destination_1_region,Europe,,europe,
f1af4f90-dbae-4ea9-ae4d-f5cc07753489,different_values,424,destination_1_country,Poland,,poland,
f1af4f90-dbae-4ea9-ae4d-f5cc07753489,different_values,424,description,657 kilos de cocaína estaban ocultos en un cargamento de 22 toneladas de café que sería enviado desde el puerto de Santos hacia Polonia. La aduana brasilera descubrió el cargamento en el marco de una inspección.,"Un conductor de aplicación fue detenido con 17 paquetes de cocaína. El hombre expuso que partió de Fortaleza, Ceará, hacia Natal en Rio Grande del Norte.",657 kilos de cocaína estaban ocultos en un cargamento de 22 toneladas de café que sería enviado desde el puerto de santos hacia polonia la aduana brasilera descubrió el cargamento en el marco de una inspección,un conductor de aplicación fue detenido con 17 paquetes de cocaína el hombre expuso que partió de fortaleza ceará hacia natal en rio grande del norte
f1af4f90-dbae-4ea9-ae4d-f5cc07753489,different_values,424,source_link,https://noticias.uol.com.br/ultimas-noticias/agencia-estado/2025/06/16/receita-pega-no-porto-de-santos-657-quilos-de-cocaina-em-carga-de-cafe-para-a-polonia.htm,https://www.gov.br/prf/pt-br/noticias/estaduais/rio-grande-do-norte/2025/junho/prf-apreende-17-tabletes-de-cocaina-na-br-304-em-macaiba-rn,https://noticiasuolcombr/ultimas-noticias/agencia-estado/2025/06/16/receita-pega-no-porto-de-santos-657-quilos-de-cocaina-em-carga-de-cafe-para-a-poloniahtm,https://wwwgovbr/prf/pt-br/noticias/estaduais/rio-grande-do-norte/2025/junho/prf-apreende-17-tabletes-de-cocaina-na-br-304-em-macaiba-rn
f1af4f90-dbae-4ea9-ae4d-f5cc07753489,different_values,424,project_interested,Cocaine Pipeline,,cocaine pipeline,
0f45b0b0-704f-4f5b-ad54-26c97b29cc86,different_values,425,date_1,2025-06-17,2025-06-16 00:00:00,2025-06-17,2025-06-16 00:00:00
0f45b0b0-704f-4f5b-ad54-26c97b29cc86,different_values,425,day,17,16,17,16
0f45b0b0-704f-4f5b-ad54-26c97b29cc86,different_values,425,quantity,13.5,657.0,135,6570
0f45b0b0-704f-4f5b-ad54-26c97b29cc86,different_values,425,department/state,Paraná,Sao Paulo,paraná,sao paulo
0f45b0b0-704f-4f5b-ad54-26c97b29cc86,different_values,425,municipality/port,Paranaguá,Santos,paranaguá,santos
0f45b0b0-704f-4f5b-ad54-26c97b29cc86,different_values,425,transit_1_department/state,Paraná,Sao Paulo,paraná,sao paulo
0f45b0b0-704f-4f5b-ad54-26c97b29cc86,different_values,425,transit_1_municipality/port,Paranaguá,Santos,paranaguá,santos
0f45b0b0-704f-4f5b-ad54-26c97b29cc86,different_values,425,destination_1_region,,Europe,,europe
0f45b0b0-704f-4f5b-ad54-26c97b29cc86,different_values,425,destination_1_country,South Africa,Poland,south africa,poland
0f45b0b0-704f-4f5b-ad54-26c97b29cc86,different_values,425,description,"Autoridades brasileras incautaron 13,5 kilos de cocaína en el evaporador de un contenedor refrigerado de pollo que iba a ser enviado a Sudáfrica. La carga habría sido ingresada a través del médoto de gancho ciego.",657 kilos de cocaína estaban ocultos en un cargamento de 22 toneladas de café que sería enviado desde el puerto de Santos hacia Polonia. La aduana brasilera descubrió el cargamento en el marco de una inspección.,autoridades brasileras incautaron 135 kilos de cocaína en el evaporador de un contenedor refrigerado de pollo que iba a ser enviado a sudáfrica la carga habría sido ingresada a través del médoto de gancho ciego,657 kilos de cocaína estaban ocultos en un cargamento de 22 toneladas de café que sería enviado desde el puerto de santos hacia polonia la aduana brasilera descubrió el cargamento en el marco de una inspección
0f45b0b0-704f-4f5b-ad54-26c97b29cc86,different_values,425,source_link,https://www.gov.br/receitafederal/pt-br/assuntos/noticias/2025/junho/receita-federal-retem-13-5-kg-de-cocaina-no-porto-de-paranagua,https://noticias.uol.com.br/ultimas-noticias/agencia-estado/2025/06/16/receita-pega-no-porto-de-santos-657-quilos-de-cocaina-em-carga-de-cafe-para-a-polonia.htm,https://wwwgovbr/receitafederal/pt-br/assuntos/noticias/2025/junho/receita-federal-retem-13-5-kg-de-cocaina-no-porto-de-paranagua,https://noticiasuolcombr/ultimas-noticias/agencia-estado/2025/06/16/receita-pega-no-porto-de-santos-657-quilos-de-cocaina-em-carga-de-cafe-para-a-poloniahtm
0f45b0b0-704f-4f5b-ad54-26c97b29cc86,different_values,425,project_interested,,Cocaine Pipeline,,cocaine pipeline
ce593643-1e0b-40c6-920a-b4cb9540ff84,different_values,426,date_1,2025-06-16,2025-06-17 00:00:00,2025-06-16,2025-06-17 00:00:00
ce593643-1e0b-40c6-920a-b4cb9540ff84,different_values,426,day,16,17,16,17
ce593643-1e0b-40c6-920a-b4cb9540ff84,different_values,426,quantity,54.0,13.5,540,135
ce593643-1e0b-40c6-920a-b4cb9540ff84,different_values,426,modus_operandi/place_seizure,Land,Container,land,container
ce593643-1e0b-40c6-920a-b4cb9540ff84,different_values,426,department/state,Mato Grosso,Paraná,mato grosso,paraná
ce593643-1e0b-40c6-920a-b4cb9540ff84,different_values,426,municipality/port,Alto Garças,Paranaguá,alto garças,paranaguá
ce593643-1e0b-40c6-920a-b4cb9540ff84,different_values,426,transit_1_department/state,Mato Grosso,Paraná,mato grosso,paraná
ce593643-1e0b-40c6-920a-b4cb9540ff84,different_values,426,transit_1_municipality/port,Alto Garças,Paranaguá,alto garças,paranaguá
ce593643-1e0b-40c6-920a-b4cb9540ff84,different_values,426,destination_1_country,,South Africa,,south africa
ce593643-1e0b-40c6-920a-b4cb9540ff84,different_values,426,description,54 kilos de cocaína fueron incautados por las autoridades brasileras. La droga era transportada en maletas de dos ocupantes de un bus que se dirigia al estado de Sao Paulo.,"Autoridades brasileras incautaron 13,5 kilos de cocaína en el evaporador de un contenedor refrigerado de pollo que iba a ser enviado a Sudáfrica. La carga habría sido ingresada a través del médoto de gancho ciego.",54 kilos de cocaína fueron incautados por las autoridades brasileras la droga era transportada en maletas de dos ocupantes de un bus que se dirigia al estado de sao paulo,autoridades brasileras incautaron 135 kilos de cocaína en el evaporador de un contenedor refrigerado de pollo que iba a ser enviado a sudáfrica la carga habría sido ingresada a través del médoto de gancho ciego
ce593643-1e0b-40c6-920a-b4cb9540ff84,different_values,426,source_link,https://www.gov.br/prf/pt-br/noticias/estaduais/mato-grosso/prf-apreende-mais-de-50-kg-de-cocaina-durante-fiscalizacao-em-onibus-interestadual-em-alto-garcas-mt,https://www.gov.br/receitafederal/pt-br/assuntos/noticias/2025/junho/receita-federal-retem-13-5-kg-de-cocaina-no-porto-de-paranagua,https://wwwgovbr/prf/pt-br/noticias/estaduais/mato-grosso/prf-apreende-mais-de-50-kg-de-cocaina-durante-fiscalizacao-em-onibus-interestadual-em-alto-garcas-mt,https://wwwgovbr/receitafederal/pt-br/assuntos/noticias/2025/junho/receita-federal-retem-13-5-kg-de-cocaina-no-porto-de-paranagua
ba2c849b-0154-415d-b67b-5c7809fc6914,different_values,427,date_1,2025-06-18,2025-06-16 00:00:00,2025-06-18,2025-06-16 00:00:00
ba2c849b-0154-415d-b67b-5c7809fc6914,different_values,427,day,18,16,18,16
ba2c849b-0154-415d-b67b-5c7809fc6914,different_values,427,quantity,43.69,54.0,4369,540
ba2c849b-0154-415d-b67b-5c7809fc6914,different_values,427,modus_operandi/place_seizure,Container,Land,container,land
ba2c849b-0154-415d-b67b-5c7809fc6914,different_values,427,department/state,Sao Paulo,Mato Grosso,sao paulo,mato grosso
ba2c849b-0154-415d-b67b-5c7809fc6914,different_values,427,municipality/port,Santos,Alto Garças,santos,alto garças
ba2c849b-0154-415d-b67b-5c7809fc6914,different_values,427,transit_1_department/state,Sao Paulo,Mato Grosso,sao paulo,mato grosso
ba2c849b-0154-415d-b67b-5c7809fc6914,different_values,427,transit_1_municipality/port,Santos,Alto Garças,santos,alto garças
ba2c849b-0154-415d-b67b-5c7809fc6914,different_values,427,destination_1_region,Australia,,australia,
ba2c849b-0154-415d-b67b-5c7809fc6914,different_values,427,destination_1_country,Australia,,australia,
ba2c849b-0154-415d-b67b-5c7809fc6914,different_values,427,description,En un contenedor de refrigeración fueron incautados casi 44 kilos de cocaína. El contenedor se encontraba en el puerto de Santos y tenía como destino Australia.,54 kilos de cocaína fueron incautados por las autoridades brasileras. La droga era transportada en maletas de dos ocupantes de un bus que se dirigia al estado de Sao Paulo.,en un contenedor de refrigeración fueron incautados casi 44 kilos de cocaína el contenedor se encontraba en el puerto de santos y tenía como destino australia,54 kilos de cocaína fueron incautados por las autoridades brasileras la droga era transportada en maletas de dos ocupantes de un bus que se dirigia al estado de sao paulo
ba2c849b-0154-415d-b67b-5c7809fc6914,different_values,427,source_link,https://www.gov.br/receitafederal/pt-br/assuntos/noticias/2025/junho/receita-federal-em-santos-apreende-cocaina-oculta-na-estrutura-de-um-conteiner-refrigerado,https://www.gov.br/prf/pt-br/noticias/estaduais/mato-grosso/prf-apreende-mais-de-50-kg-de-cocaina-durante-fiscalizacao-em-onibus-interestadual-em-alto-garcas-mt,https://wwwgovbr/receitafederal/pt-br/assuntos/noticias/2025/junho/receita-federal-em-santos-apreende-cocaina-oculta-na-estrutura-de-um-conteiner-refrigerado,https://wwwgovbr/prf/pt-br/noticias/estaduais/mato-grosso/prf-apreende-mais-de-50-kg-de-cocaina-durante-fiscalizacao-em-onibus-interestadual-em-alto-garcas-mt
03a0f28a-b9db-4552-a4be-0e4340a6356c,different_values,428,date_1,2025-06-18,2025-06-18 00:00:00,2025-06-18,2025-06-18 00:00:00
03a0f28a-b9db-4552-a4be-0e4340a6356c,different_values,428,quantity,20.0,43.69,200,4369
03a0f28a-b9db-4552-a4be-0e4340a6356c,different_values,428,modus_operandi/place_seizure,Land,Container,land,container
03a0f28a-b9db-4552-a4be-0e4340a6356c,different_values,428,department/state,Santa Catarina,Sao Paulo,santa catarina,sao paulo
03a0f28a-b9db-4552-a4be-0e4340a6356c,different_values,428,municipality/port,Palhoça,Santos,palhoça,santos
03a0f28a-b9db-4552-a4be-0e4340a6356c,different_values,428,transit_1_department/state,Santa Catarina,Sao Paulo,santa catarina,sao paulo
03a0f28a-b9db-4552-a4be-0e4340a6356c,different_values,428,transit_1_municipality/port,Palhoça,Santos,palhoça,santos
03a0f28a-b9db-4552-a4be-0e4340a6356c,different_values,428,destination_1_region,,Australia,,australia
03a0f28a-b9db-4552-a4be-0e4340a6356c,different_values,428,destination_1_country,,Australia,,australia
03a0f28a-b9db-4552-a4be-0e4340a6356c,different_values,428,description,El conductor de un vehículo fue detenido en Santa Catarina mientras transportaba 5 kilos de pasta base y 20 kilos de clorhidrato de cocaína.,En un contenedor de refrigeración fueron incautados casi 44 kilos de cocaína. El contenedor se encontraba en el puerto de Santos y tenía como destino Australia.,el conductor de un vehículo fue detenido en santa catarina mientras transportaba 5 kilos de pasta base y 20 kilos de clorhidrato de cocaína,en un contenedor de refrigeración fueron incautados casi 44 kilos de cocaína el contenedor se encontraba en el puerto de santos y tenía como destino australia
03a0f28a-b9db-4552-a4be-0e4340a6356c,different_values,428,source_link,https://www.gov.br/prf/pt-br/noticias/estaduais/santa-catarina/motorista-tenta-fugir-da-prf-na-grande-florianopolis-e-e-pego-com-25-quilos-de-cocaina,https://www.gov.br/receitafederal/pt-br/assuntos/noticias/2025/junho/receita-federal-em-santos-apreende-cocaina-oculta-na-estrutura-de-um-conteiner-refrigerado,https://wwwgovbr/prf/pt-br/noticias/estaduais/santa-catarina/motorista-tenta-fugir-da-prf-na-grande-florianopolis-e-e-pego-com-25-quilos-de-cocaina,https://wwwgovbr/receitafederal/pt-br/assuntos/noticias/2025/junho/receita-federal-em-santos-apreende-cocaina-oculta-na-estrutura-de-um-conteiner-refrigerado
ff8cf483-763d-4938-99d7-0e5199495a6f,different_values,429,date_1,2025-06-18,2025-06-18 00:00:00,2025-06-18,2025-06-18 00:00:00
ff8cf483-763d-4938-99d7-0e5199495a6f,different_values,429,drug_type,Cocaine Base,Cocaine,cocaine base,cocaine
ff8cf483-763d-4938-99d7-0e5199495a6f,different_values,429,quantity,5.0,20.0,50,200
06b6891d-12ba-4b58-944c-087a1c608894,different_values,430,date_1,2025-06-17,2025-06-18 00:00:00,2025-06-17,2025-06-18 00:00:00
06b6891d-12ba-4b58-944c-087a1c608894,different_values,430,day,17,18,17,18
06b6891d-12ba-4b58-944c-087a1c608894,different_values,430,drug_type,Cocaine,Cocaine Base,cocaine,cocaine base
06b6891d-12ba-4b58-944c-087a1c608894,different_values,430,quantity,50.0,5.0,500,50
06b6891d-12ba-4b58-944c-087a1c608894,different_values,430,department/state,Sao Paulo,Santa Catarina,sao paulo,santa catarina
06b6891d-12ba-4b58-944c-087a1c608894,different_values,430,municipality/port,Guaratinguetá,Palhoça,guaratinguetá,palhoça
06b6891d-12ba-4b58-944c-087a1c608894,different_values,430,transit_1_department/state,Sao Paulo,Santa Catarina,sao paulo,santa catarina
06b6891d-12ba-4b58-944c-087a1c608894,different_values,430,transit_1_municipality/port,Guaratinguetá,Palhoça,guaratinguetá,palhoça
06b6891d-12ba-4b58-944c-087a1c608894,different_values,430,description,"Un hombre aceptó, al ser detenido por la policía, que transportaba 50 kilos de cocaína en el maletero de su vehículo. El hombre dijo que había dejado su auto en un lugar determinado de Sao Paulo donde cargaron la droga y debía llevarla a Paraty, Rio de Janeiro",El conductor de un vehículo fue detenido en Santa Catarina mientras transportaba 5 kilos de pasta base y 20 kilos de clorhidrato de cocaína.,un hombre aceptó al ser detenido por la policía que transportaba 50 kilos de cocaína en el maletero de su vehículo el hombre dijo que había dejado su auto en un lugar determinado de sao paulo donde cargaron la droga y debía llevarla a paraty rio de janeiro,el conductor de un vehículo fue detenido en santa catarina mientras transportaba 5 kilos de pasta base y 20 kilos de clorhidrato de cocaína
06b6891d-12ba-4b58-944c-087a1c608894,different_values,430,source_link,https://g1.globo.com/sp/vale-do-paraiba-regiao/noticia/2025/06/18/homem-e-preso-com-mais-de-50-kg-de-cocaina-no-porta-malas-de-carro-em-guaratingueta.ghtml,https://www.gov.br/prf/pt-br/noticias/estaduais/santa-catarina/motorista-tenta-fugir-da-prf-na-grande-florianopolis-e-e-pego-com-25-quilos-de-cocaina,https://g1globocom/sp/vale-do-paraiba-regiao/noticia/2025/06/18/homem-e-preso-com-mais-de-50-kg-de-cocaina-no-porta-malas-de-carro-em-guaratinguetaghtml,https://wwwgovbr/prf/pt-br/noticias/estaduais/santa-catarina/motorista-tenta-fugir-da-prf-na-grande-florianopolis-e-e-pego-com-25-quilos-de-cocaina
c769670e-9850-4055-a4b6-e970b95b58fc,different_values,431,date_1,2025-06-18,2025-06-17 00:00:00,2025-06-18,2025-06-17 00:00:00
c769670e-9850-4055-a4b6-e970b95b58fc,different_values,431,day,18,17,18,17
c769670e-9850-4055-a4b6-e970b95b58fc,different_values,431,quantity,162.0,50.0,1620,500
c769670e-9850-4055-a4b6-e970b95b58fc,different_values,431,department/state,Paraiba,Sao Paulo,paraiba,sao paulo
c769670e-9850-4055-a4b6-e970b95b58fc,different_values,431,municipality/port, Bayeux,Guaratinguetá,bayeux,guaratinguetá
c769670e-9850-4055-a4b6-e970b95b58fc,different_values,431,transit_1_department/state,Paraiba,Sao Paulo,paraiba,sao paulo
c769670e-9850-4055-a4b6-e970b95b58fc,different_values,431,transit_1_municipality/port,Bayeux,Guaratinguetá,bayeux,guaratinguetá
c769670e-9850-4055-a4b6-e970b95b58fc,different_values,431,description,162 kilos de cocaína eran transportados en un camión con un doble fondo. El camión transportaba muebles y tenía como destino la capital de Paraibá.,"Un hombre aceptó, al ser detenido por la policía, que transportaba 50 kilos de cocaína en el maletero de su vehículo. El hombre dijo que había dejado su auto en un lugar determinado de Sao Paulo donde cargaron la droga y debía llevarla a Paraty, Rio de Janeiro",162 kilos de cocaína eran transportados en un camión con un doble fondo el camión transportaba muebles y tenía como destino la capital de paraibá,un hombre aceptó al ser detenido por la policía que transportaba 50 kilos de cocaína en el maletero de su vehículo el hombre dijo que había dejado su auto en un lugar determinado de sao paulo donde cargaron la droga y debía llevarla a paraty rio de janeiro
c769670e-9850-4055-a4b6-e970b95b58fc,different_values,431,source_link,https://g1.globo.com/pb/paraiba/noticia/2025/06/18/homem-e-preso-suspeito-de-transportar-mais-de-160-kg-de-cocaina-em-carreta-na-grande-joao-pessoa.ghtml,https://g1.globo.com/sp/vale-do-paraiba-regiao/noticia/2025/06/18/homem-e-preso-com-mais-de-50-kg-de-cocaina-no-porta-malas-de-carro-em-guaratingueta.ghtml,https://g1globocom/pb/paraiba/noticia/2025/06/18/homem-e-preso-suspeito-de-transportar-mais-de-160-kg-de-cocaina-em-carreta-na-grande-joao-pessoaghtml,https://g1globocom/sp/vale-do-paraiba-regiao/noticia/2025/06/18/homem-e-preso-com-mais-de-50-kg-de-cocaina-no-porta-malas-de-carro-em-guaratinguetaghtml
7a9582bd-041b-46fc-8bed-f36c78764b32,different_values,432,date_1,2025-06-18,2025-06-18 00:00:00,2025-06-18,2025-06-18 00:00:00
7a9582bd-041b-46fc-8bed-f36c78764b32,different_values,432,quantity,950.0,162.0,9500,1620
7a9582bd-041b-46fc-8bed-f36c78764b32,different_values,432,weight_unit,Package,Kilogram,package,kilogram
7a9582bd-041b-46fc-8bed-f36c78764b32,different_values,432,modus_operandi/place_seizure,Container,Land,container,land
7a9582bd-041b-46fc-8bed-f36c78764b32,different_values,432,country,Ecuador,Brazil,ecuador,brazil
7a9582bd-041b-46fc-8bed-f36c78764b32,different_values,432,department/state,Guayas,Paraiba,guayas,paraiba
7a9582bd-041b-46fc-8bed-f36c78764b32,different_values,432,municipality/port,Guayaquil, Bayeux,guayaquil,bayeux
7a9582bd-041b-46fc-8bed-f36c78764b32,different_values,432,transit_1_country,Ecuador,Brazil,ecuador,brazil
7a9582bd-041b-46fc-8bed-f36c78764b32,different_values,432,transit_1_department/state,Guayas,Paraiba,guayas,paraiba
7a9582bd-041b-46fc-8bed-f36c78764b32,different_values,432,transit_1_municipality/port,Guayaquil,Bayeux,guayaquil,bayeux
7a9582bd-041b-46fc-8bed-f36c78764b32,different_values,432,destination_1_region,Europe,,europe,
7a9582bd-041b-46fc-8bed-f36c78764b32,different_values,432,destination_1_country,France,,france,
7a9582bd-041b-46fc-8bed-f36c78764b32,different_values,432,description,950 bloques de presunta cocaína fueron incautados en un puerto del sur de Guayaquil. La droga tenía como destino Francia.,162 kilos de cocaína eran transportados en un camión con un doble fondo. El camión transportaba muebles y tenía como destino la capital de Paraibá.,950 bloques de presunta cocaína fueron incautados en un puerto del sur de guayaquil la droga tenía como destino francia,162 kilos de cocaína eran transportados en un camión con un doble fondo el camión transportaba muebles y tenía como destino la capital de paraibá
7a9582bd-041b-46fc-8bed-f36c78764b32,different_values,432,source_link,https://www.ecuavisa.com/noticias/seguridad/droga-incautada-guayaquil-milagro-policias-CE9530235,https://g1.globo.com/pb/paraiba/noticia/2025/06/18/homem-e-preso-suspeito-de-transportar-mais-de-160-kg-de-cocaina-em-carreta-na-grande-joao-pessoa.ghtml,https://wwwecuavisacom/noticias/seguridad/droga-incautada-guayaquil-milagro-policias-ce9530235,https://g1globocom/pb/paraiba/noticia/2025/06/18/homem-e-preso-suspeito-de-transportar-mais-de-160-kg-de-cocaina-em-carreta-na-grande-joao-pessoaghtml
7a9582bd-041b-46fc-8bed-f36c78764b32,different_values,432,archived_link,Archived Link - Ecuador,Archived Link - Brazil,archived link - ecuador,archived link - brazil
ca595312-3422-40f5-b46b-47b1f90ec69f,different_values,433,date_1,2025-06-19,2025-06-18 00:00:00,2025-06-19,2025-06-18 00:00:00
ca595312-3422-40f5-b46b-47b1f90ec69f,different_values,433,day,19,18,19,18
ca595312-3422-40f5-b46b-47b1f90ec69f,different_values,433,quantity,3.0,950.0,30,9500
ca595312-3422-40f5-b46b-47b1f90ec69f,different_values,433,weight_unit,Kilogram,Package,kilogram,package
ca595312-3422-40f5-b46b-47b1f90ec69f,different_values,433,modus_operandi/place_seizure,Land,Container,land,container
ca595312-3422-40f5-b46b-47b1f90ec69f,different_values,433,country,Argentina,Ecuador,argentina,ecuador
ca595312-3422-40f5-b46b-47b1f90ec69f,different_values,433,department/state,Salta,Guayas,salta,guayas
ca595312-3422-40f5-b46b-47b1f90ec69f,different_values,433,municipality/port,Aguaray,Guayaquil,aguaray,guayaquil
ca595312-3422-40f5-b46b-47b1f90ec69f,different_values,433,transit_1_country,Argentina,Ecuador,argentina,ecuador
ca595312-3422-40f5-b46b-47b1f90ec69f,different_values,433,transit_1_department/state,Salta,Guayas,salta,guayas
ca595312-3422-40f5-b46b-47b1f90ec69f,different_values,433,transit_1_municipality/port,Aguaray,Guayaquil,aguaray,guayaquil
ca595312-3422-40f5-b46b-47b1f90ec69f,different_values,433,destination_1_region,,Europe,,europe
ca595312-3422-40f5-b46b-47b1f90ec69f,different_values,433,destination_1_country,,France,,france
ca595312-3422-40f5-b46b-47b1f90ec69f,different_values,433,description,Una mujer viajaba desde Salvador Mazza hasta Tartagal con 3 kilos de cocaína pegados a su abdomen a través de una faja. El hallazgo se hizo en la provincia fronteriza de Salta.,950 bloques de presunta cocaína fueron incautados en un puerto del sur de Guayaquil. La droga tenía como destino Francia.,una mujer viajaba desde salvador mazza hasta tartagal con 3 kilos de cocaína pegados a su abdomen a través de una faja el hallazgo se hizo en la provincia fronteriza de salta,950 bloques de presunta cocaína fueron incautados en un puerto del sur de guayaquil la droga tenía como destino francia
ca595312-3422-40f5-b46b-47b1f90ec69f,different_values,433,source_link,https://www.argentina.gob.ar/noticias/salta-detienen-pasajera-de-un-remis-con-tres-kilos-de-cocaina-adosados-su-cuerpo,https://www.ecuavisa.com/noticias/seguridad/droga-incautada-guayaquil-milagro-policias-CE9530235,https://wwwargentinagobar/noticias/salta-detienen-pasajera-de-un-remis-con-tres-kilos-de-cocaina-adosados-su-cuerpo,https://wwwecuavisacom/noticias/seguridad/droga-incautada-guayaquil-milagro-policias-ce9530235
ca595312-3422-40f5-b46b-47b1f90ec69f,different_values,433,archived_link,Archived Link - Argentina,Archived Link - Ecuador,archived link - argentina,archived link - ecuador
2a697834-f338-46e0-ae34-dec56f145ecf,different_values,434,date_1,2025-06-19,2025-06-19 00:00:00,2025-06-19,2025-06-19 00:00:00
2a697834-f338-46e0-ae34-dec56f145ecf,different_values,434,quantity,200.0,3.0,2000,30
2a697834-f338-46e0-ae34-dec56f145ecf,different_values,434,country,Brazil,Argentina,brazil,argentina
2a697834-f338-46e0-ae34-dec56f145ecf,different_values,434,department/state,Pará,Salta,pará,salta
2a697834-f338-46e0-ae34-dec56f145ecf,different_values,434,municipality/port,Marabá,Aguaray,marabá,aguaray
2a697834-f338-46e0-ae34-dec56f145ecf,different_values,434,transit_1_country,Brazil,Argentina,brazil,argentina
2a697834-f338-46e0-ae34-dec56f145ecf,different_values,434,transit_1_department/state,Pará,Salta,pará,salta
2a697834-f338-46e0-ae34-dec56f145ecf,different_values,434,transit_1_municipality/port,Marabá,Aguaray,marabá,aguaray
2a697834-f338-46e0-ae34-dec56f145ecf,different_values,434,description,"Dos hombres fueron capturados mientras transportaban más de 200 kilos de cocaína ocultos en una carga de maíz. Según la División de Estupefacientes del Estado, los sospechosos estaban siendo monitoreados desde la noche del miércoles (18), cuando salieron del barrio Morada Nova con destino a Belém",Una mujer viajaba desde Salvador Mazza hasta Tartagal con 3 kilos de cocaína pegados a su abdomen a través de una faja. El hallazgo se hizo en la provincia fronteriza de Salta.,dos hombres fueron capturados mientras transportaban más de 200 kilos de cocaína ocultos en una carga de maíz según la división de estupefacientes del estado los sospechosos estaban siendo monitoreados desde la noche del miércoles (18) cuando salieron del barrio morada nova con destino a belém,una mujer viajaba desde salvador mazza hasta tartagal con 3 kilos de cocaína pegados a su abdomen a través de una faja el hallazgo se hizo en la provincia fronteriza de salta
2a697834-f338-46e0-ae34-dec56f145ecf,different_values,434,source_link,https://g1.globo.com/pa/para/noticia/2025/06/19/mais-de-200-kg-de-cocaina-sao-apreendidos-escondidos-em-carga-de-milho-em-maraba-no-para.ghtml,https://www.argentina.gob.ar/noticias/salta-detienen-pasajera-de-un-remis-con-tres-kilos-de-cocaina-adosados-su-cuerpo,https://g1globocom/pa/para/noticia/2025/06/19/mais-de-200-kg-de-cocaina-sao-apreendidos-escondidos-em-carga-de-milho-em-maraba-no-paraghtml,https://wwwargentinagobar/noticias/salta-detienen-pasajera-de-un-remis-con-tres-kilos-de-cocaina-adosados-su-cuerpo
2a697834-f338-46e0-ae34-dec56f145ecf,different_values,434,archived_link,Archived Link - Brazil,Archived Link - Argentina,archived link - brazil,archived link - argentina
ea3d08cb-43d1-47e1-8413-1fdfa594a440,different_values,435,date_1,2025-06-18,2025-06-19 00:00:00,2025-06-18,2025-06-19 00:00:00
ea3d08cb-43d1-47e1-8413-1fdfa594a440,different_values,435,day,18,19,18,19
ea3d08cb-43d1-47e1-8413-1fdfa594a440,different_values,435,quantity,7.8,200.0,78,2000
ea3d08cb-43d1-47e1-8413-1fdfa594a440,different_values,435,modus_operandi/place_seizure,Air,Land,air,land
ea3d08cb-43d1-47e1-8413-1fdfa594a440,different_values,435,department/state,Amazonas,Pará,amazonas,pará
ea3d08cb-43d1-47e1-8413-1fdfa594a440,different_values,435,municipality/port,Manaus,Marabá,manaus,marabá
ea3d08cb-43d1-47e1-8413-1fdfa594a440,different_values,435,transit_1_department/state,Amazonas,Pará,amazonas,pará
ea3d08cb-43d1-47e1-8413-1fdfa594a440,different_values,435,transit_1_municipality/port,Manaus,Marabá,manaus,marabá
ea3d08cb-43d1-47e1-8413-1fdfa594a440,different_values,435,description,"La Policía Federal incautó este miércoles (18/06) aproximadamente 7,8 kg de una sustancia similar a la cocaína en el Aeropuerto Internacional Eduardo Gomes, en Manaus/AM. La droga estaba oculta en una maleta facturada en un vuelo nacional procedente de Tefé/AM.","Dos hombres fueron capturados mientras transportaban más de 200 kilos de cocaína ocultos en una carga de maíz. Según la División de Estupefacientes del Estado, los sospechosos estaban siendo monitoreados desde la noche del miércoles (18), cuando salieron del barrio Morada Nova con destino a Belém",la policía federal incautó este miércoles (18/06) aproximadamente 78 kg de una sustancia similar a la cocaína en el aeropuerto internacional eduardo gomes en manaus/am la droga estaba oculta en una maleta facturada en un vuelo nacional procedente de tefé/am,dos hombres fueron capturados mientras transportaban más de 200 kilos de cocaína ocultos en una carga de maíz según la división de estupefacientes del estado los sospechosos estaban siendo monitoreados desde la noche del miércoles (18) cuando salieron del barrio morada nova con destino a belém
ea3d08cb-43d1-47e1-8413-1fdfa594a440,different_values,435,source_link,https://www.gov.br/pf/pt-br/assuntos/noticias/2025/06/pf-apreende-7-8kg-de-cocaina-em-mala-no-aeroporto-de-manaus,https://g1.globo.com/pa/para/noticia/2025/06/19/mais-de-200-kg-de-cocaina-sao-apreendidos-escondidos-em-carga-de-milho-em-maraba-no-para.ghtml,https://wwwgovbr/pf/pt-br/assuntos/noticias/2025/06/pf-apreende-7-8kg-de-cocaina-em-mala-no-aeroporto-de-manaus,https://g1globocom/pa/para/noticia/2025/06/19/mais-de-200-kg-de-cocaina-sao-apreendidos-escondidos-em-carga-de-milho-em-maraba-no-paraghtml
08b29120-463a-44fb-90a2-a263bdb9888c,different_values,436,date_1,2025-06-19,2025-06-18 00:00:00,2025-06-19,2025-06-18 00:00:00
08b29120-463a-44fb-90a2-a263bdb9888c,different_values,436,day,19,18,19,18
08b29120-463a-44fb-90a2-a263bdb9888c,different_values,436,quantity,134.0,7.8,1340,78
08b29120-463a-44fb-90a2-a263bdb9888c,different_values,436,modus_operandi/place_seizure,Maritime vessel,Air,maritime vessel,air
08b29120-463a-44fb-90a2-a263bdb9888c,different_values,436,region,Central America,South America,central america,south america
08b29120-463a-44fb-90a2-a263bdb9888c,different_values,436,country,El Salvador,Brazil,el salvador,brazil
08b29120-463a-44fb-90a2-a263bdb9888c,different_values,436,department/state,La Libertad,Amazonas,la libertad,amazonas
08b29120-463a-44fb-90a2-a263bdb9888c,different_values,436,municipality/port,Playa Cangrejera,Manaus,playa cangrejera,manaus
08b29120-463a-44fb-90a2-a263bdb9888c,different_values,436,transit_1_region,Central America,South America,central america,south america
08b29120-463a-44fb-90a2-a263bdb9888c,different_values,436,transit_1_country,Nicaragua,Brazil,nicaragua,brazil
08b29120-463a-44fb-90a2-a263bdb9888c,different_values,436,transit_1_department/state,,Amazonas,,amazonas
08b29120-463a-44fb-90a2-a263bdb9888c,different_values,436,transit_1_municipality/port,,Manaus,,manaus
08b29120-463a-44fb-90a2-a263bdb9888c,different_values,436,transit_2_region,Central America,,central america,
08b29120-463a-44fb-90a2-a263bdb9888c,different_values,436,transit_2_country,El Salvador,,el salvador,
08b29120-463a-44fb-90a2-a263bdb9888c,different_values,436,transit_2_department/state,La Libertad,,la libertad,
08b29120-463a-44fb-90a2-a263bdb9888c,different_values,436,transit_2_municipality/port,Playa Cangrejera,,playa cangrejera,
08b29120-463a-44fb-90a2-a263bdb9888c,different_values,436,destination_1_country,Guatemala,,guatemala,
08b29120-463a-44fb-90a2-a263bdb9888c,different_values,436,description,"Dos hombres fueron detenidos por las autoridades luego de ser sorprendidos transportando un cargamento de 134 kilogramos de cocaína en una lancha interceptada a 10 millas náuticas de la playa Cangrejera, en La Libertad. Los hombres habrían salido desde Nicaragua y con destino a Guatemala.","La Policía Federal incautó este miércoles (18/06) aproximadamente 7,8 kg de una sustancia similar a la cocaína en el Aeropuerto Internacional Eduardo Gomes, en Manaus/AM. La droga estaba oculta en una maleta facturada en un vuelo nacional procedente de Tefé/AM.",dos hombres fueron detenidos por las autoridades luego de ser sorprendidos transportando un cargamento de 134 kilogramos de cocaína en una lancha interceptada a 10 millas náuticas de la playa cangrejera en la libertad los hombres habrían salido desde nicaragua y con destino a guatemala,la policía federal incautó este miércoles (18/06) aproximadamente 78 kg de una sustancia similar a la cocaína en el aeropuerto internacional eduardo gomes en manaus/am la droga estaba oculta en una maleta facturada en un vuelo nacional procedente de tefé/am
08b29120-463a-44fb-90a2-a263bdb9888c,different_values,436,source_link,https://www.elsalvador.com/noticias/nacional/lancha-interceptada-droga-playa-cangrejera/1226140/2025/,https://www.gov.br/pf/pt-br/assuntos/noticias/2025/06/pf-apreende-7-8kg-de-cocaina-em-mala-no-aeroporto-de-manaus,https://wwwelsalvadorcom/noticias/nacional/lancha-interceptada-droga-playa-cangrejera/1226140/2025/,https://wwwgovbr/pf/pt-br/assuntos/noticias/2025/06/pf-apreende-7-8kg-de-cocaina-em-mala-no-aeroporto-de-manaus
08b29120-463a-44fb-90a2-a263bdb9888c,different_values,436,archived_link,Archived Link - El Salvador,Archived Link - Brazil,archived link - el salvador,archived link - brazil
10514002-b647-4926-8bd0-7e9665231ec0,different_values,437,date_1,2025-06-19,2025-06-19 00:00:00,2025-06-19,2025-06-19 00:00:00
10514002-b647-4926-8bd0-7e9665231ec0,different_values,437,quantity,18.0,134.0,180,1340
10514002-b647-4926-8bd0-7e9665231ec0,different_values,437,modus_operandi/place_seizure,Land,Maritime vessel,land,maritime vessel
10514002-b647-4926-8bd0-7e9665231ec0,different_values,437,region,Europe,Central America,europe,central america
10514002-b647-4926-8bd0-7e9665231ec0,different_values,437,country,Switzerland,El Salvador,switzerland,el salvador
10514002-b647-4926-8bd0-7e9665231ec0,different_values,437,department/state,Mendrisio,La Libertad,mendrisio,la libertad
10514002-b647-4926-8bd0-7e9665231ec0,different_values,437,municipality/port,Chiasso,Playa Cangrejera,chiasso,playa cangrejera
10514002-b647-4926-8bd0-7e9665231ec0,different_values,437,transit_1_region,,Central America,,central america
10514002-b647-4926-8bd0-7e9665231ec0,different_values,437,transit_1_country,,Nicaragua,,nicaragua
10514002-b647-4926-8bd0-7e9665231ec0,different_values,437,transit_2_region,,Central America,,central america
10514002-b647-4926-8bd0-7e9665231ec0,different_values,437,transit_2_country,,El Salvador,,el salvador
10514002-b647-4926-8bd0-7e9665231ec0,different_values,437,transit_2_department/state,,La Libertad,,la libertad
10514002-b647-4926-8bd0-7e9665231ec0,different_values,437,transit_2_municipality/port,,Playa Cangrejera,,playa cangrejera
10514002-b647-4926-8bd0-7e9665231ec0,different_values,437,destination_1_country,,Guatemala,,guatemala
10514002-b647-4926-8bd0-7e9665231ec0,different_values,437,description,Dos ciudadanos brasileros fueron detenidos en el paso fronterizo entre Suiza e Italia mientras transportaban 18 kilos de cocaína en un vehículo. También les incautaron armas y metanfetamina.,"Dos hombres fueron detenidos por las autoridades luego de ser sorprendidos transportando un cargamento de 134 kilogramos de cocaína en una lancha interceptada a 10 millas náuticas de la playa Cangrejera, en La Libertad. Los hombres habrían salido desde Nicaragua y con destino a Guatemala.",dos ciudadanos brasileros fueron detenidos en el paso fronterizo entre suiza e italia mientras transportaban 18 kilos de cocaína en un vehículo también les incautaron armas y metanfetamina,dos hombres fueron detenidos por las autoridades luego de ser sorprendidos transportando un cargamento de 134 kilogramos de cocaína en una lancha interceptada a 10 millas náuticas de la playa cangrejera en la libertad los hombres habrían salido desde nicaragua y con destino a guatemala
10514002-b647-4926-8bd0-7e9665231ec0,different_values,437,source_link,https://www.cdt.ch/news/ticino/armi-e-18-chili-di-cocaina-marchiati-con-un-toro-maxi-sequestro-al-valico-di-chiasso-brogeda-397472,https://www.elsalvador.com/noticias/nacional/lancha-interceptada-droga-playa-cangrejera/1226140/2025/,https://wwwcdtch/news/ticino/armi-e-18-chili-di-cocaina-marchiati-con-un-toro-maxi-sequestro-al-valico-di-chiasso-brogeda-397472,https://wwwelsalvadorcom/noticias/nacional/lancha-interceptada-droga-playa-cangrejera/1226140/2025/
10514002-b647-4926-8bd0-7e9665231ec0,different_values,437,archived_link,Archived Link - Switzerland,Archived Link - El Salvador,archived link - switzerland,archived link - el salvador
bc74b6bb-e721-4341-98f2-4e9c7b30b272,different_values,438,date_1,2025-06-14,2025-06-19 00:00:00,2025-06-14,2025-06-19 00:00:00
bc74b6bb-e721-4341-98f2-4e9c7b30b272,different_values,438,day,14,19,14,19
bc74b6bb-e721-4341-98f2-4e9c7b30b272,different_values,438,quantity,112.6,18.0,1126,180
bc74b6bb-e721-4341-98f2-4e9c7b30b272,different_values,438,country,France,Switzerland,france,switzerland
bc74b6bb-e721-4341-98f2-4e9c7b30b272,different_values,438,department/state,Vienne ,Mendrisio,vienne,mendrisio
bc74b6bb-e721-4341-98f2-4e9c7b30b272,different_values,438,municipality/port,Poitiers,Chiasso,poitiers,chiasso
bc74b6bb-e721-4341-98f2-4e9c7b30b272,different_values,438,transit_1_region,Europe,,europe,
bc74b6bb-e721-4341-98f2-4e9c7b30b272,different_values,438,transit_1_country,Portugal,,portugal,
bc74b6bb-e721-4341-98f2-4e9c7b30b272,different_values,438,transit_2_region,Europe,,europe,
bc74b6bb-e721-4341-98f2-4e9c7b30b272,different_values,438,transit_2_country,France,,france,
bc74b6bb-e721-4341-98f2-4e9c7b30b272,different_values,438,transit_2_department/state,Vienne ,,vienne,
bc74b6bb-e721-4341-98f2-4e9c7b30b272,different_values,438,transit_2_municipality/port,Poitiers,,poitiers,
bc74b6bb-e721-4341-98f2-4e9c7b30b272,different_values,438,destination_1_region,Europe,,europe,
bc74b6bb-e721-4341-98f2-4e9c7b30b272,different_values,438,destination_1_country,Sweden,,sweden,
bc74b6bb-e721-4341-98f2-4e9c7b30b272,different_values,438,description,La aduana francesa descubrió 112 kilos de cocaína ocultos en un camión que partió desde Portugal con destino a Suecia.,Dos ciudadanos brasileros fueron detenidos en el paso fronterizo entre Suiza e Italia mientras transportaban 18 kilos de cocaína en un vehículo. También les incautaron armas y metanfetamina.,la aduana francesa descubrió 112 kilos de cocaína ocultos en un camión que partió desde portugal con destino a suecia,dos ciudadanos brasileros fueron detenidos en el paso fronterizo entre suiza e italia mientras transportaban 18 kilos de cocaína en un vehículo también les incautaron armas y metanfetamina
bc74b6bb-e721-4341-98f2-4e9c7b30b272,different_values,438,source_link,https://www.francebleu.fr/infos/faits-divers-justice/en-48h-la-brigade-des-douanes-de-poitiers-saisit-pour-11-millions-d-euros-de-cannabis-et-de-cocaine-5820065,https://www.cdt.ch/news/ticino/armi-e-18-chili-di-cocaina-marchiati-con-un-toro-maxi-sequestro-al-valico-di-chiasso-brogeda-397472,https://wwwfrancebleufr/infos/faits-divers-justice/en-48h-la-brigade-des-douanes-de-poitiers-saisit-pour-11-millions-d-euros-de-cannabis-et-de-cocaine-5820065,https://wwwcdtch/news/ticino/armi-e-18-chili-di-cocaina-marchiati-con-un-toro-maxi-sequestro-al-valico-di-chiasso-brogeda-397472
bc74b6bb-e721-4341-98f2-4e9c7b30b272,different_values,438,archived_link,Archived Link - France,Archived Link - Switzerland,archived link - france,archived link - switzerland
30b9bd7c-8370-410a-a460-f679c139e39c,different_values,439,date_1,2025-06-16,2025-06-14 00:00:00,2025-06-16,2025-06-14 00:00:00
30b9bd7c-8370-410a-a460-f679c139e39c,different_values,439,day,16,14,16,14
30b9bd7c-8370-410a-a460-f679c139e39c,different_values,439,quantity,74.0,112.6,740,1126
30b9bd7c-8370-410a-a460-f679c139e39c,different_values,439,department/state,Seine-et-Marne,Vienne ,seine-et-marne,vienne
30b9bd7c-8370-410a-a460-f679c139e39c,different_values,439,municipality/port,Dammartin-en-Goële,Poitiers,dammartin-en-goële,poitiers
30b9bd7c-8370-410a-a460-f679c139e39c,different_values,439,transit_1_country,France,Portugal,france,portugal
30b9bd7c-8370-410a-a460-f679c139e39c,different_values,439,transit_1_department/state,Seine-et-Marne,,seine-et-marne,
30b9bd7c-8370-410a-a460-f679c139e39c,different_values,439,transit_1_municipality/port,Dammartin-en-Goële,,dammartin-en-goële,
30b9bd7c-8370-410a-a460-f679c139e39c,different_values,439,transit_2_region,,Europe,,europe
30b9bd7c-8370-410a-a460-f679c139e39c,different_values,439,transit_2_country,,France,,france
30b9bd7c-8370-410a-a460-f679c139e39c,different_values,439,transit_2_department/state,,Vienne ,,vienne
30b9bd7c-8370-410a-a460-f679c139e39c,different_values,439,transit_2_municipality/port,,Poitiers,,poitiers
30b9bd7c-8370-410a-a460-f679c139e39c,different_values,439,destination_1_region,,Europe,,europe
30b9bd7c-8370-410a-a460-f679c139e39c,different_values,439,destination_1_country,,Sweden,,sweden
30b9bd7c-8370-410a-a460-f679c139e39c,different_values,439,description,"El lunes 16 de junio se produjo una incautación de droga en una vivienda de Dammartin-en-Goële (Seine-et-Marne). Durante un registro, la policía descubrió 74 kg de cocaína, con un valor de 148.685 €, según reveló Paris Match. La policía también incautó armas —una escopeta, un rifle de caza y un revólver— y un vehículo utilizado como escondite para la droga.",La aduana francesa descubrió 112 kilos de cocaína ocultos en un camión que partió desde Portugal con destino a Suecia.,el lunes 16 de junio se produjo una incautación de droga en una vivienda de dammartin-en-goële (seine-et-marne) durante un registro la policía descubrió 74 kg de cocaína con un valor de 148685 € según reveló paris match la policía también incautó armas —una escopeta un rifle de caza y un revólver— y un vehículo utilizado como escondite para la droga,la aduana francesa descubrió 112 kilos de cocaína ocultos en un camión que partió desde portugal con destino a suecia
30b9bd7c-8370-410a-a460-f679c139e39c,different_values,439,source_link,https://www.leparisien.fr/seine-saint-denis-93/74-kg-de-cocaine-saisis-dans-un-pavillon-de-dammartin-en-goele-17-06-2025-6CCKUOISCNE5RGA5KKMIDC3344.php,https://www.francebleu.fr/infos/faits-divers-justice/en-48h-la-brigade-des-douanes-de-poitiers-saisit-pour-11-millions-d-euros-de-cannabis-et-de-cocaine-5820065,https://wwwleparisienfr/seine-saint-denis-93/74-kg-de-cocaine-saisis-dans-un-pavillon-de-dammartin-en-goele-17-06-2025-6cckuoiscne5rga5kkmidc3344php,https://wwwfrancebleufr/infos/faits-divers-justice/en-48h-la-brigade-des-douanes-de-poitiers-saisit-pour-11-millions-d-euros-de-cannabis-et-de-cocaine-5820065
18e3fdf0-768c-4ab6-a401-fa447608f985,different_values,440,date_1,2025-06-16,2025-06-16 00:00:00,2025-06-16,2025-06-16 00:00:00
18e3fdf0-768c-4ab6-a401-fa447608f985,different_values,440,quantity,3.0,74.0,30,740
18e3fdf0-768c-4ab6-a401-fa447608f985,different_values,440,modus_operandi/place_seizure,Air,Land,air,land
18e3fdf0-768c-4ab6-a401-fa447608f985,different_values,440,region,South America,Europe,south america,europe
18e3fdf0-768c-4ab6-a401-fa447608f985,different_values,440,country,Colombia,France,colombia,france
18e3fdf0-768c-4ab6-a401-fa447608f985,different_values,440,department/state,Bolivar,Seine-et-Marne,bolivar,seine-et-marne
18e3fdf0-768c-4ab6-a401-fa447608f985,different_values,440,municipality/port,Cartagena,Dammartin-en-Goële,cartagena,dammartin-en-goële
18e3fdf0-768c-4ab6-a401-fa447608f985,different_values,440,origin_country,Colombia,,colombia,
18e3fdf0-768c-4ab6-a401-fa447608f985,different_values,440,transit_1_region,,Europe,,europe
18e3fdf0-768c-4ab6-a401-fa447608f985,different_values,440,transit_1_country,,France,,france
18e3fdf0-768c-4ab6-a401-fa447608f985,different_values,440,transit_1_department/state,,Seine-et-Marne,,seine-et-marne
18e3fdf0-768c-4ab6-a401-fa447608f985,different_values,440,transit_1_municipality/port,,Dammartin-en-Goële,,dammartin-en-goële
18e3fdf0-768c-4ab6-a401-fa447608f985,different_values,440,destination_1_region,Europe,,europe,
18e3fdf0-768c-4ab6-a401-fa447608f985,different_values,440,destination_1_country,Netherlands,,netherlands,
18e3fdf0-768c-4ab6-a401-fa447608f985,different_values,440,description,"La Policía Nacional de Colombia anunció la captura de un ciudadano de nacionalidad alemana cuando intentaba transportar más de tres kilogramos de cocaína en una maleta de doble fondo, mientras intentaba abordar un vuelo con destino a Ámsterdam (Países Bajos).","El lunes 16 de junio se produjo una incautación de droga en una vivienda de Dammartin-en-Goële (Seine-et-Marne). Durante un registro, la policía descubrió 74 kg de cocaína, con un valor de 148.685 €, según reveló Paris Match. La policía también incautó armas —una escopeta, un rifle de caza y un revólver— y un vehículo utilizado como escondite para la droga.",la policía nacional de colombia anunció la captura de un ciudadano de nacionalidad alemana cuando intentaba transportar más de tres kilogramos de cocaína en una maleta de doble fondo mientras intentaba abordar un vuelo con destino a ámsterdam (países bajos),el lunes 16 de junio se produjo una incautación de droga en una vivienda de dammartin-en-goële (seine-et-marne) durante un registro la policía descubrió 74 kg de cocaína con un valor de 148685 € según reveló paris match la policía también incautó armas —una escopeta un rifle de caza y un revólver— y un vehículo utilizado como escondite para la droga
18e3fdf0-768c-4ab6-a401-fa447608f985,different_values,440,source_link,https://www.infobae.com/colombia/2025/06/16/capturado-ciudadano-aleman-con-mas-de-3-kilos-de-coca-en-el-aeropuerto-de-cartagena/,https://www.leparisien.fr/seine-saint-denis-93/74-kg-de-cocaine-saisis-dans-un-pavillon-de-dammartin-en-goele-17-06-2025-6CCKUOISCNE5RGA5KKMIDC3344.php,https://wwwinfobaecom/colombia/2025/06/16/capturado-ciudadano-aleman-con-mas-de-3-kilos-de-coca-en-el-aeropuerto-de-cartagena/,https://wwwleparisienfr/seine-saint-denis-93/74-kg-de-cocaine-saisis-dans-un-pavillon-de-dammartin-en-goele-17-06-2025-6cckuoiscne5rga5kkmidc3344php
18e3fdf0-768c-4ab6-a401-fa447608f985,different_values,440,archived_link,Archived Link - Colombia,Archived Link - France,archived link - colombia,archived link - france
4e70d12e-0693-4ea3-8c05-da8713554876,different_values,441,date_1,2025-06-20,2025-06-16 00:00:00,2025-06-20,2025-06-16 00:00:00
4e70d12e-0693-4ea3-8c05-da8713554876,different_values,441,day,20,16,20,16
4e70d12e-0693-4ea3-8c05-da8713554876,different_values,441,quantity,176.5,3.0,1765,30
4e70d12e-0693-4ea3-8c05-da8713554876,different_values,441,modus_operandi/place_seizure,Container,Air,container,air
4e70d12e-0693-4ea3-8c05-da8713554876,different_values,441,region,North America,South America,north america,south america
4e70d12e-0693-4ea3-8c05-da8713554876,different_values,441,country,Mexico,Colombia,mexico,colombia
4e70d12e-0693-4ea3-8c05-da8713554876,different_values,441,department/state,Michoacán,Bolivar,michoacán,bolivar
4e70d12e-0693-4ea3-8c05-da8713554876,different_values,441,municipality/port,Lázaro Cárdenas,Cartagena,lázaro cárdenas,cartagena
4e70d12e-0693-4ea3-8c05-da8713554876,different_values,441,origin_country,,Colombia,,colombia
4e70d12e-0693-4ea3-8c05-da8713554876,different_values,441,transit_1_region,North America,,north america,
4e70d12e-0693-4ea3-8c05-da8713554876,different_values,441,transit_1_country,Mexico,,mexico,
4e70d12e-0693-4ea3-8c05-da8713554876,different_values,441,transit_1_department/state,Michoacán,,michoacán,
4e70d12e-0693-4ea3-8c05-da8713554876,different_values,441,transit_1_municipality/port,Lázaro Cárdenas,,lázaro cárdenas,
4e70d12e-0693-4ea3-8c05-da8713554876,different_values,441,destination_1_region,,Europe,,europe
4e70d12e-0693-4ea3-8c05-da8713554876,different_values,441,destination_1_country,,Netherlands,,netherlands
4e70d12e-0693-4ea3-8c05-da8713554876,different_values,441,description,La marina mexicana descubrí 176.5 kilos de cocaína ocultos en maletas en una revisión rutinaria de contenedores en el puerto de Lázaro Cárdenas.,"La Policía Nacional de Colombia anunció la captura de un ciudadano de nacionalidad alemana cuando intentaba transportar más de tres kilogramos de cocaína en una maleta de doble fondo, mientras intentaba abordar un vuelo con destino a Ámsterdam (Países Bajos).",la marina mexicana descubrí 1765 kilos de cocaína ocultos en maletas en una revisión rutinaria de contenedores en el puerto de lázaro cárdenas,la policía nacional de colombia anunció la captura de un ciudadano de nacionalidad alemana cuando intentaba transportar más de tres kilogramos de cocaína en una maleta de doble fondo mientras intentaba abordar un vuelo con destino a ámsterdam (países bajos)
4e70d12e-0693-4ea3-8c05-da8713554876,different_values,441,source_link,https://www.poresto.net/mexico/sucesos/2025/6/20/aseguran-176-kilos-de-cocaina-en-el-puerto-de-lazaro-cardenas-representando-un-duro-golpe-al-crimen-organizado.html,https://www.infobae.com/colombia/2025/06/16/capturado-ciudadano-aleman-con-mas-de-3-kilos-de-coca-en-el-aeropuerto-de-cartagena/,https://wwwporestonet/mexico/sucesos/2025/6/20/aseguran-176-kilos-de-cocaina-en-el-puerto-de-lazaro-cardenas-representando-un-duro-golpe-al-crimen-organizadohtml,https://wwwinfobaecom/colombia/2025/06/16/capturado-ciudadano-aleman-con-mas-de-3-kilos-de-coca-en-el-aeropuerto-de-cartagena/
4e70d12e-0693-4ea3-8c05-da8713554876,different_values,441,archived_link,Archived Link - Mexico,Archived Link - Colombia,archived link - mexico,archived link - colombia
7e95a4cb-6961-40ce-90ee-5b8579d7c3ff,different_values,442,date_1,2025-06-16,2025-06-20 00:00:00,2025-06-16,2025-06-20 00:00:00
7e95a4cb-6961-40ce-90ee-5b8579d7c3ff,different_values,442,day,16,20,16,20
7e95a4cb-6961-40ce-90ee-5b8579d7c3ff,different_values,442,quantity,180.0,176.5,1800,1765
7e95a4cb-6961-40ce-90ee-5b8579d7c3ff,different_values,442,modus_operandi/place_seizure,Land,Container,land,container
7e95a4cb-6961-40ce-90ee-5b8579d7c3ff,different_values,442,department/state,Sonora,Michoacán,sonora,michoacán
7e95a4cb-6961-40ce-90ee-5b8579d7c3ff,different_values,442,municipality/port,San Luis Rio Colorado,Lázaro Cárdenas,san luis rio colorado,lázaro cárdenas
7e95a4cb-6961-40ce-90ee-5b8579d7c3ff,different_values,442,transit_1_department/state,Sonora,Michoacán,sonora,michoacán
7e95a4cb-6961-40ce-90ee-5b8579d7c3ff,different_values,442,transit_1_municipality/port,San Luis Rio Colorado,Lázaro Cárdenas,san luis rio colorado,lázaro cárdenas
7e95a4cb-6961-40ce-90ee-5b8579d7c3ff,different_values,442,description,"Un hombre que transportaba un cargamento de cocaína escondido entre cajas de cartón con detergente fue detenido por elementos de seguridad en Sonora. El aseguramiento de 180 kilogramos de cocaína fue realizado por elementos de la Secretaría de la Defensa Nacional (Defensa) en conjunto con agentes de la Guardia Nacional en el municipio de San Luis Río Colorado e informado por la Secretaría de Seguridad y Protección Ciudadana (SSPC) el 16 de junio. La unidad vehicular salió de Tultitlán, Estado de México y pretendía llegar a la ciudad fronteriza de Tijuana, Baja California, sin embargo, fue interceptada por los efectivos de seguridad.",La marina mexicana descubrí 176.5 kilos de cocaína ocultos en maletas en una revisión rutinaria de contenedores en el puerto de Lázaro Cárdenas.,un hombre que transportaba un cargamento de cocaína escondido entre cajas de cartón con detergente fue detenido por elementos de seguridad en sonora el aseguramiento de 180 kilogramos de cocaína fue realizado por elementos de la secretaría de la defensa nacional (defensa) en conjunto con agentes de la guardia nacional en el municipio de san luis río colorado e informado por la secretaría de seguridad y protección ciudadana (sspc) el 16 de junio la unidad vehicular salió de tultitlán estado de méxico y pretendía llegar a la ciudad fronteriza de tijuana baja california sin embargo fue interceptada por los efectivos de seguridad,la marina mexicana descubrí 1765 kilos de cocaína ocultos en maletas en una revisión rutinaria de contenedores en el puerto de lázaro cárdenas
7e95a4cb-6961-40ce-90ee-5b8579d7c3ff,different_values,442,source_link,https://dossierpolitico.com/2025/06/16/detienen-en-sonora-a-una-persona-con-cocaina-oculta-entre-detergente-y-con-valor-millonario/,https://www.poresto.net/mexico/sucesos/2025/6/20/aseguran-176-kilos-de-cocaina-en-el-puerto-de-lazaro-cardenas-representando-un-duro-golpe-al-crimen-organizado.html,https://dossierpoliticocom/2025/06/16/detienen-en-sonora-a-una-persona-con-cocaina-oculta-entre-detergente-y-con-valor-millonario/,https://wwwporestonet/mexico/sucesos/2025/6/20/aseguran-176-kilos-de-cocaina-en-el-puerto-de-lazaro-cardenas-representando-un-duro-golpe-al-crimen-organizadohtml
152d4031-19b6-4df3-87ca-5ab5f6766f8f,different_values,443,time_unit,Other (explain in Description),Individual,other (explain in description),individual
152d4031-19b6-4df3-87ca-5ab5f6766f8f,different_values,443,date_1,2025-06-02,2025-06-16 00:00:00,2025-06-02,2025-06-16 00:00:00
152d4031-19b6-4df3-87ca-5ab5f6766f8f,different_values,443,date_2,2025-06-10,,2025-06-10,
152d4031-19b6-4df3-87ca-5ab5f6766f8f,different_values,443,day,2,16,2,16
152d4031-19b6-4df3-87ca-5ab5f6766f8f,different_values,443,duration,8,,8,
152d4031-19b6-4df3-87ca-5ab5f6766f8f,different_values,443,quantity,6300.0,180.0,63000,1800
152d4031-19b6-4df3-87ca-5ab5f6766f8f,different_values,443,modus_operandi/place_seizure,Maritime vessel,Land,maritime vessel,land
152d4031-19b6-4df3-87ca-5ab5f6766f8f,different_values,443,region,Central America,North America,central america,north america
152d4031-19b6-4df3-87ca-5ab5f6766f8f,different_values,443,country,El Salvador,Mexico,el salvador,mexico
152d4031-19b6-4df3-87ca-5ab5f6766f8f,different_values,443,department/state,,Sonora,,sonora
152d4031-19b6-4df3-87ca-5ab5f6766f8f,different_values,443,municipality/port,,San Luis Rio Colorado,,san luis rio colorado
152d4031-19b6-4df3-87ca-5ab5f6766f8f,different_values,443,transit_1_region,Central America,North America,central america,north america
152d4031-19b6-4df3-87ca-5ab5f6766f8f,different_values,443,transit_1_country,El Salvador,Mexico,el salvador,mexico
152d4031-19b6-4df3-87ca-5ab5f6766f8f,different_values,443,transit_1_department/state,,Sonora,,sonora
152d4031-19b6-4df3-87ca-5ab5f6766f8f,different_values,443,transit_1_municipality/port,,San Luis Rio Colorado,,san luis rio colorado
152d4031-19b6-4df3-87ca-5ab5f6766f8f,different_values,443,description,"En 8 días, el gobierno salvadoreño ha decomisado 6,3 toneladas de cocaína en aguas del pacífico y ha detenido a 17 personas. Los operativos se han dado en casos en que la droga es movilizada en embarcaciones. Se han detenido 5 de estos vehículos.","Un hombre que transportaba un cargamento de cocaína escondido entre cajas de cartón con detergente fue detenido por elementos de seguridad en Sonora. El aseguramiento de 180 kilogramos de cocaína fue realizado por elementos de la Secretaría de la Defensa Nacional (Defensa) en conjunto con agentes de la Guardia Nacional en el municipio de San Luis Río Colorado e informado por la Secretaría de Seguridad y Protección Ciudadana (SSPC) el 16 de junio. La unidad vehicular salió de Tultitlán, Estado de México y pretendía llegar a la ciudad fronteriza de Tijuana, Baja California, sin embargo, fue interceptada por los efectivos de seguridad.",en 8 días el gobierno salvadoreño ha decomisado 63 toneladas de cocaína en aguas del pacífico y ha detenido a 17 personas los operativos se han dado en casos en que la droga es movilizada en embarcaciones se han detenido 5 de estos vehículos,un hombre que transportaba un cargamento de cocaína escondido entre cajas de cartón con detergente fue detenido por elementos de seguridad en sonora el aseguramiento de 180 kilogramos de cocaína fue realizado por elementos de la secretaría de la defensa nacional (defensa) en conjunto con agentes de la guardia nacional en el municipio de san luis río colorado e informado por la secretaría de seguridad y protección ciudadana (sspc) el 16 de junio la unidad vehicular salió de tultitlán estado de méxico y pretendía llegar a la ciudad fronteriza de tijuana baja california sin embargo fue interceptada por los efectivos de seguridad
152d4031-19b6-4df3-87ca-5ab5f6766f8f,different_values,443,source_link,https://www.laprensagrafica.com/elsalvador/Marina-de-El-Salvador-incauta-6.3-toneladas-de-cocaina-en-aguas-del-Pacifico-20250620-0092.html,https://dossierpolitico.com/2025/06/16/detienen-en-sonora-a-una-persona-con-cocaina-oculta-entre-detergente-y-con-valor-millonario/,https://wwwlaprensagraficacom/elsalvador/marina-de-el-salvador-incauta-63-toneladas-de-cocaina-en-aguas-del-pacifico-20250620-0092html,https://dossierpoliticocom/2025/06/16/detienen-en-sonora-a-una-persona-con-cocaina-oculta-entre-detergente-y-con-valor-millonario/
152d4031-19b6-4df3-87ca-5ab5f6766f8f,different_values,443,archived_link,Archived Link - El Salvador,Archived Link - Mexico,archived link - el salvador,archived link - mexico
22b90923-feeb-498e-a04a-24ac61be0f32,different_values,444,time_unit,Individual,Other (explain in Description),individual,other (explain in description)
22b90923-feeb-498e-a04a-24ac61be0f32,different_values,444,date_1,2025-06-20,2025-06-02 00:00:00,2025-06-20,2025-06-02 00:00:00
22b90923-feeb-498e-a04a-24ac61be0f32,different_values,444,date_2,,2025-06-10 00:00:00,,2025-06-10 00:00:00
22b90923-feeb-498e-a04a-24ac61be0f32,different_values,444,day,20,2,20,2
22b90923-feeb-498e-a04a-24ac61be0f32,different_values,444,duration,,8,,8
22b90923-feeb-498e-a04a-24ac61be0f32,different_values,444,quantity,1840.0,6300.0,18400,63000
22b90923-feeb-498e-a04a-24ac61be0f32,different_values,444,weight_unit,Package,Kilogram,package,kilogram
22b90923-feeb-498e-a04a-24ac61be0f32,different_values,444,country,Costa Rica,El Salvador,costa rica,el salvador
22b90923-feeb-498e-a04a-24ac61be0f32,different_values,444,department/state,Puntarenas,,puntarenas,
22b90923-feeb-498e-a04a-24ac61be0f32,different_values,444,municipality/port,Cabo Matapalo,,cabo matapalo,
22b90923-feeb-498e-a04a-24ac61be0f32,different_values,444,transit_1_country,Costa Rica,El Salvador,costa rica,el salvador
22b90923-feeb-498e-a04a-24ac61be0f32,different_values,444,transit_1_department/state,Puntarenas,,puntarenas,
22b90923-feeb-498e-a04a-24ac61be0f32,different_values,444,transit_1_municipality/port,Cabo Matapalo,,cabo matapalo,
22b90923-feeb-498e-a04a-24ac61be0f32,different_values,444,description,Ciudadanos nicaraguenses transportaban 1840 paquetes de presunta cocaína en un barco pesquero. Fueron detenidos por las autoridades costarricenses cuando navegaban en aguas de Puntarenas.,"En 8 días, el gobierno salvadoreño ha decomisado 6,3 toneladas de cocaína en aguas del pacífico y ha detenido a 17 personas. Los operativos se han dado en casos en que la droga es movilizada en embarcaciones. Se han detenido 5 de estos vehículos.",ciudadanos nicaraguenses transportaban 1840 paquetes de presunta cocaína en un barco pesquero fueron detenidos por las autoridades costarricenses cuando navegaban en aguas de puntarenas,en 8 días el gobierno salvadoreño ha decomisado 63 toneladas de cocaína en aguas del pacífico y ha detenido a 17 personas los operativos se han dado en casos en que la droga es movilizada en embarcaciones se han detenido 5 de estos vehículos
22b90923-feeb-498e-a04a-24ac61be0f32,different_values,444,source_link,https://nicaraguainvestiga.com/urgente/162663-nicaraguenses-son-interceptados-mientras-trasladaban-cocaina-en-costa-rica/,https://www.laprensagrafica.com/elsalvador/Marina-de-El-Salvador-incauta-6.3-toneladas-de-cocaina-en-aguas-del-Pacifico-20250620-0092.html,https://nicaraguainvestigacom/urgente/162663-nicaraguenses-son-interceptados-mientras-trasladaban-cocaina-en-costa-rica/,https://wwwlaprensagraficacom/elsalvador/marina-de-el-salvador-incauta-63-toneladas-de-cocaina-en-aguas-del-pacifico-20250620-0092html
22b90923-feeb-498e-a04a-24ac61be0f32,different_values,444,archived_link,Archived Link - Costa Rica,Archived Link - El Salvador,archived link - costa rica,archived link - el salvador
591191e1-e44e-4b92-95f2-680cecf89640,different_values,445,date_1,2025-06-18,2025-06-20 00:00:00,2025-06-18,2025-06-20 00:00:00
591191e1-e44e-4b92-95f2-680cecf89640,different_values,445,day,18,20,18,20
591191e1-e44e-4b92-95f2-680cecf89640,different_values,445,quantity,1500.0,1840.0,15000,18400
591191e1-e44e-4b92-95f2-680cecf89640,different_values,445,weight_unit,Kilogram,Package,kilogram,package
591191e1-e44e-4b92-95f2-680cecf89640,different_values,445,modus_operandi/place_seizure,Land,Maritime vessel,land,maritime vessel
591191e1-e44e-4b92-95f2-680cecf89640,different_values,445,region,South America,Central America,south america,central america
591191e1-e44e-4b92-95f2-680cecf89640,different_values,445,country,Colombia,Costa Rica,colombia,costa rica
591191e1-e44e-4b92-95f2-680cecf89640,different_values,445,department/state,Huila,Puntarenas,huila,puntarenas
591191e1-e44e-4b92-95f2-680cecf89640,different_values,445,municipality/port,Pitalito,Cabo Matapalo,pitalito,cabo matapalo
591191e1-e44e-4b92-95f2-680cecf89640,different_values,445,origin_country,Colombia,,colombia,
591191e1-e44e-4b92-95f2-680cecf89640,different_values,445,transit_1_region,,Central America,,central america
591191e1-e44e-4b92-95f2-680cecf89640,different_values,445,transit_1_country,,Costa Rica,,costa rica
591191e1-e44e-4b92-95f2-680cecf89640,different_values,445,transit_1_department/state,,Puntarenas,,puntarenas
591191e1-e44e-4b92-95f2-680cecf89640,different_values,445,transit_1_municipality/port,,Cabo Matapalo,,cabo matapalo
591191e1-e44e-4b92-95f2-680cecf89640,different_values,445,description,"cocaina incautada
En una operación conjunta en zona rural de Pitalito, se incautaron 1500 kilogramos de clorhidrato de cocaína y capturaron a un sujeto en flagrancia. La droga tendría como destino el exterior y pertenecería al GAO-r Comandos de Frontera.",Ciudadanos nicaraguenses transportaban 1840 paquetes de presunta cocaína en un barco pesquero. Fueron detenidos por las autoridades costarricenses cuando navegaban en aguas de Puntarenas.,"cocaina incautada
en una operación conjunta en zona rural de pitalito se incautaron 1500 kilogramos de clorhidrato de cocaína y capturaron a un sujeto en flagrancia la droga tendría como destino el exterior y pertenecería al gao-r comandos de frontera",ciudadanos nicaraguenses transportaban 1840 paquetes de presunta cocaína en un barco pesquero fueron detenidos por las autoridades costarricenses cuando navegaban en aguas de puntarenas
591191e1-e44e-4b92-95f2-680cecf89640,different_values,445,criminal_group_1,Comandos de la Frontera,,comandos de la frontera,
591191e1-e44e-4b92-95f2-680cecf89640,different_values,445,source_link,https://www.policia.gov.co/noticia/lucha-contra-narcotrafico-0,https://nicaraguainvestiga.com/urgente/162663-nicaraguenses-son-interceptados-mientras-trasladaban-cocaina-en-costa-rica/,https://wwwpoliciagovco/noticia/lucha-contra-narcotrafico-0,https://nicaraguainvestigacom/urgente/162663-nicaraguenses-son-interceptados-mientras-trasladaban-cocaina-en-costa-rica/
591191e1-e44e-4b92-95f2-680cecf89640,different_values,445,archived_link,Archived Link - Colombia,Archived Link - Costa Rica,archived link - colombia,archived link - costa rica
af818af2-96de-42e5-b8e2-7dcc10d75e8e,different_values,446,date_1,2025-06-16,2025-06-18 00:00:00,2025-06-16,2025-06-18 00:00:00
af818af2-96de-42e5-b8e2-7dcc10d75e8e,different_values,446,day,16,18,16,18
af818af2-96de-42e5-b8e2-7dcc10d75e8e,different_values,446,quantity,8.5,1500.0,85,15000
af818af2-96de-42e5-b8e2-7dcc10d75e8e,different_values,446,department/state,Cundinamarca,Huila,cundinamarca,huila
af818af2-96de-42e5-b8e2-7dcc10d75e8e,different_values,446,municipality/port,Bogotá,Pitalito,bogotá,pitalito
af818af2-96de-42e5-b8e2-7dcc10d75e8e,different_values,446,description,"En el marco del Plan Ayacucho Plus del Ejército Nacional, tropas del Gaula Militar de la Décima Tercera Brigada, en articulación con el Gaula CTI Bogotá de la Fiscalía, incautaron 8,5 kilogramos de clorhidrato de cocaína ocultos en un vehículo procedente de la ciudad de Villavicencio.
","cocaina incautada
En una operación conjunta en zona rural de Pitalito, se incautaron 1500 kilogramos de clorhidrato de cocaína y capturaron a un sujeto en flagrancia. La droga tendría como destino el exterior y pertenecería al GAO-r Comandos de Frontera.",en el marco del plan ayacucho plus del ejército nacional tropas del gaula militar de la décima tercera brigada en articulación con el gaula cti bogotá de la fiscalía incautaron 85 kilogramos de clorhidrato de cocaína ocultos en un vehículo procedente de la ciudad de villavicencio,"cocaina incautada
en una operación conjunta en zona rural de pitalito se incautaron 1500 kilogramos de clorhidrato de cocaína y capturaron a un sujeto en flagrancia la droga tendría como destino el exterior y pertenecería al gao-r comandos de frontera"
af818af2-96de-42e5-b8e2-7dcc10d75e8e,different_values,446,criminal_group_1,,Comandos de la Frontera,,comandos de la frontera
af818af2-96de-42e5-b8e2-7dcc10d75e8e,different_values,446,source_link,https://www.ejercito.mil.co/ejercito-y-fiscalia-incautan-mas-de-8-kilogramos-de-cocaina-en-bogota/,https://www.policia.gov.co/noticia/lucha-contra-narcotrafico-0,https://wwwejercitomilco/ejercito-y-fiscalia-incautan-mas-de-8-kilogramos-de-cocaina-en-bogota/,https://wwwpoliciagovco/noticia/lucha-contra-narcotrafico-0
436514ea-a3d9-4985-b7e0-e208d26b96f4,different_values,447,date_1,2025-06-20,2025-06-16 00:00:00,2025-06-20,2025-06-16 00:00:00
436514ea-a3d9-4985-b7e0-e208d26b96f4,different_values,447,day,20,16,20,16
436514ea-a3d9-4985-b7e0-e208d26b96f4,different_values,447,quantity,4875.0,8.5,48750,85
436514ea-a3d9-4985-b7e0-e208d26b96f4,different_values,447,modus_operandi/place_seizure,Container,Land,container,land
436514ea-a3d9-4985-b7e0-e208d26b96f4,different_values,447,country,Ecuador,Colombia,ecuador,colombia
436514ea-a3d9-4985-b7e0-e208d26b96f4,different_values,447,department/state,Guyas,Cundinamarca,guyas,cundinamarca
436514ea-a3d9-4985-b7e0-e208d26b96f4,different_values,447,municipality/port,Guayaquil,Bogotá,guayaquil,bogotá
436514ea-a3d9-4985-b7e0-e208d26b96f4,different_values,447,origin_country,,Colombia,,colombia
436514ea-a3d9-4985-b7e0-e208d26b96f4,different_values,447,destination_1_region,Europe,,europe,
436514ea-a3d9-4985-b7e0-e208d26b96f4,different_values,447,destination_1_country,Spain,,spain,
436514ea-a3d9-4985-b7e0-e208d26b96f4,different_values,447,description,"Officers onduct a detailed inspection of a container, and during the search found rectangular blocks hidden among the legal cargo, which contained a whitish substance, later confirmed to be cocaine hydrochloride. ","En el marco del Plan Ayacucho Plus del Ejército Nacional, tropas del Gaula Militar de la Décima Tercera Brigada, en articulación con el Gaula CTI Bogotá de la Fiscalía, incautaron 8,5 kilogramos de clorhidrato de cocaína ocultos en un vehículo procedente de la ciudad de Villavicencio.
",officers onduct a detailed inspection of a container and during the search found rectangular blocks hidden among the legal cargo which contained a whitish substance later confirmed to be cocaine hydrochloride,en el marco del plan ayacucho plus del ejército nacional tropas del gaula militar de la décima tercera brigada en articulación con el gaula cti bogotá de la fiscalía incautaron 85 kilogramos de clorhidrato de cocaína ocultos en un vehículo procedente de la ciudad de villavicencio
436514ea-a3d9-4985-b7e0-e208d26b96f4,different_values,447,source_link,https://www.expreso.ec/guayaquil/incautan-guayaquil-48-millones-dosis-droga-iba-enviada-espana-247131.html,https://www.ejercito.mil.co/ejercito-y-fiscalia-incautan-mas-de-8-kilogramos-de-cocaina-en-bogota/,https://wwwexpresoec/guayaquil/incautan-guayaquil-48-millones-dosis-droga-iba-enviada-espana-247131html,https://wwwejercitomilco/ejercito-y-fiscalia-incautan-mas-de-8-kilogramos-de-cocaina-en-bogota/
436514ea-a3d9-4985-b7e0-e208d26b96f4,different_values,447,archived_link,Archived Link - Ecuador,Archived Link - Colombia,archived link - ecuador,archived link - colombia
0b0600cb-e0dd-44ca-b12f-805a01977493,different_values,448,date_1,2025-06-21,2025-06-20 00:00:00,2025-06-21,2025-06-20 00:00:00
0b0600cb-e0dd-44ca-b12f-805a01977493,different_values,448,day,21,20,21,20
0b0600cb-e0dd-44ca-b12f-805a01977493,different_values,448,quantity,120.0,4875.0,1200,48750
0b0600cb-e0dd-44ca-b12f-805a01977493,different_values,448,modus_operandi/place_seizure,Land,Container,land,container
0b0600cb-e0dd-44ca-b12f-805a01977493,different_values,448,country,Brazil,Ecuador,brazil,ecuador
0b0600cb-e0dd-44ca-b12f-805a01977493,different_values,448,department/state,Maranhão,Guyas,maranhão,guyas
0b0600cb-e0dd-44ca-b12f-805a01977493,different_values,448,municipality/port,São Luís ,Guayaquil,são luís,guayaquil
0b0600cb-e0dd-44ca-b12f-805a01977493,different_values,448,destination_1_region,,Europe,,europe
0b0600cb-e0dd-44ca-b12f-805a01977493,different_values,448,destination_1_country,,Spain,,spain
0b0600cb-e0dd-44ca-b12f-805a01977493,different_values,448,description,"The Federal Highway Police seized 29 tablets of cocaine hydrochloride, which were hidden in a load of soybeans, which was being transported by a tractor truck, on BR-135, in Maranhão.","Officers onduct a detailed inspection of a container, and during the search found rectangular blocks hidden among the legal cargo, which contained a whitish substance, later confirmed to be cocaine hydrochloride. ",the federal highway police seized 29 tablets of cocaine hydrochloride which were hidden in a load of soybeans which was being transported by a tractor truck on br-135 in maranhão,officers onduct a detailed inspection of a container and during the search found rectangular blocks hidden among the legal cargo which contained a whitish substance later confirmed to be cocaine hydrochloride
0b0600cb-e0dd-44ca-b12f-805a01977493,different_values,448,source_link,https://g1.globo.com/ma/maranhao/noticia/2025/06/23/prf-apreende-120-kg-de-pasta-base-e-cloridrato-de-cocaina-em-carga-de-soja-na-br-135-em-sao-luis.ghtml,https://www.expreso.ec/guayaquil/incautan-guayaquil-48-millones-dosis-droga-iba-enviada-espana-247131.html,https://g1globocom/ma/maranhao/noticia/2025/06/23/prf-apreende-120-kg-de-pasta-base-e-cloridrato-de-cocaina-em-carga-de-soja-na-br-135-em-sao-luisghtml,https://wwwexpresoec/guayaquil/incautan-guayaquil-48-millones-dosis-droga-iba-enviada-espana-247131html
0b0600cb-e0dd-44ca-b12f-805a01977493,different_values,448,archived_link,Archived Link - Brazil,Archived Link - Ecuador,archived link - brazil,archived link - ecuador
f9f40620-c2fd-4b10-8448-b9d910d6b154,different_values,449,date_1,2025-06-19,2025-06-21 00:00:00,2025-06-19,2025-06-21 00:00:00
f9f40620-c2fd-4b10-8448-b9d910d6b154,different_values,449,day,19,21,19,21
f9f40620-c2fd-4b10-8448-b9d910d6b154,different_values,449,quantity,2.0,120.0,20,1200
f9f40620-c2fd-4b10-8448-b9d910d6b154,different_values,449,modus_operandi/place_seizure,Air,Land,air,land
f9f40620-c2fd-4b10-8448-b9d910d6b154,different_values,449,department/state,Rio de Janeiro ,Maranhão,rio de janeiro,maranhão
f9f40620-c2fd-4b10-8448-b9d910d6b154,different_values,449,municipality/port,Rio de Janeiro,São Luís ,rio de janeiro,são luís
f9f40620-c2fd-4b10-8448-b9d910d6b154,different_values,449,transit_1_region,Europe,,europe,
f9f40620-c2fd-4b10-8448-b9d910d6b154,different_values,449,transit_1_country,France,,france,
f9f40620-c2fd-4b10-8448-b9d910d6b154,different_values,449,destination_1_region,Europe,,europe,
f9f40620-c2fd-4b10-8448-b9d910d6b154,different_values,449,destination_1_country,Spain,,spain,
f9f40620-c2fd-4b10-8448-b9d910d6b154,different_values,449,description,"Federal Police seized around 2kg of a cocaineat Rio de Janeiro International Airport, attached to the body of a passenger who was planning to board a flight to Europe, with a stopover in France and a final destination in Spain.","The Federal Highway Police seized 29 tablets of cocaine hydrochloride, which were hidden in a load of soybeans, which was being transported by a tractor truck, on BR-135, in Maranhão.",federal police seized around 2kg of a cocaineat rio de janeiro international airport attached to the body of a passenger who was planning to board a flight to europe with a stopover in france and a final destination in spain,the federal highway police seized 29 tablets of cocaine hydrochloride which were hidden in a load of soybeans which was being transported by a tractor truck on br-135 in maranhão
f9f40620-c2fd-4b10-8448-b9d910d6b154,different_values,449,source_link,https://www.gov.br/pf/pt-br/assuntos/noticias/2025/06/pf-apreende-cocaina-com-passageiro-no-aeroporto-internacional-do-galeao,https://g1.globo.com/ma/maranhao/noticia/2025/06/23/prf-apreende-120-kg-de-pasta-base-e-cloridrato-de-cocaina-em-carga-de-soja-na-br-135-em-sao-luis.ghtml,https://wwwgovbr/pf/pt-br/assuntos/noticias/2025/06/pf-apreende-cocaina-com-passageiro-no-aeroporto-internacional-do-galeao,https://g1globocom/ma/maranhao/noticia/2025/06/23/prf-apreende-120-kg-de-pasta-base-e-cloridrato-de-cocaina-em-carga-de-soja-na-br-135-em-sao-luisghtml
43206de7-26b6-49f8-a792-2f65d677e4cc,different_values,450,time_unit,Month,Individual,month,individual
43206de7-26b6-49f8-a792-2f65d677e4cc,different_values,450,date_1,2025-06-02,2025-06-19 00:00:00,2025-06-02,2025-06-19 00:00:00
43206de7-26b6-49f8-a792-2f65d677e4cc,different_values,450,date_2,2025-06-10,,2025-06-10,
43206de7-26b6-49f8-a792-2f65d677e4cc,different_values,450,day,2,19,2,19
43206de7-26b6-49f8-a792-2f65d677e4cc,different_values,450,duration,8,,8,
43206de7-26b6-49f8-a792-2f65d677e4cc,different_values,450,quantity,6300.0,2.0,63000,20
43206de7-26b6-49f8-a792-2f65d677e4cc,different_values,450,modus_operandi/place_seizure,Maritime vessel,Air,maritime vessel,air
43206de7-26b6-49f8-a792-2f65d677e4cc,different_values,450,region,Central America,South America,central america,south america
43206de7-26b6-49f8-a792-2f65d677e4cc,different_values,450,country,El Salvador,Brazil,el salvador,brazil
43206de7-26b6-49f8-a792-2f65d677e4cc,different_values,450,department/state,,Rio de Janeiro ,,rio de janeiro
43206de7-26b6-49f8-a792-2f65d677e4cc,different_values,450,municipality/port,,Rio de Janeiro,,rio de janeiro
43206de7-26b6-49f8-a792-2f65d677e4cc,different_values,450,transit_1_region,,Europe,,europe
43206de7-26b6-49f8-a792-2f65d677e4cc,different_values,450,transit_1_country,,France,,france
43206de7-26b6-49f8-a792-2f65d677e4cc,different_values,450,destination_1_region,,Europe,,europe
43206de7-26b6-49f8-a792-2f65d677e4cc,different_values,450,destination_1_country,,Spain,,spain
43206de7-26b6-49f8-a792-2f65d677e4cc,different_values,450,description,"The National Navy intercepted five vessels carrying 6.3 tons of cocaine nearly 1,000 nautical miles (1,852 km) off the Salvadoran coast. Resulted in the capture of 17 drug traffickers of Ecuadorian, Colombian, Mexican, and Guatemalan nationality","Federal Police seized around 2kg of a cocaineat Rio de Janeiro International Airport, attached to the body of a passenger who was planning to board a flight to Europe, with a stopover in France and a final destination in Spain.",the national navy intercepted five vessels carrying 63 tons of cocaine nearly 1000 nautical miles (1852 km) off the salvadoran coast resulted in the capture of 17 drug traffickers of ecuadorian colombian mexican and guatemalan nationality,federal police seized around 2kg of a cocaineat rio de janeiro international airport attached to the body of a passenger who was planning to board a flight to europe with a stopover in france and a final destination in spain
43206de7-26b6-49f8-a792-2f65d677e4cc,different_values,450,source_link,https://diario.elmundo.sv/nacionales/marina-incauta-63-toneladas-de-cocaina-valorada-en-1574-millones,https://www.gov.br/pf/pt-br/assuntos/noticias/2025/06/pf-apreende-cocaina-com-passageiro-no-aeroporto-internacional-do-galeao,https://diarioelmundosv/nacionales/marina-incauta-63-toneladas-de-cocaina-valorada-en-1574-millones,https://wwwgovbr/pf/pt-br/assuntos/noticias/2025/06/pf-apreende-cocaina-com-passageiro-no-aeroporto-internacional-do-galeao
43206de7-26b6-49f8-a792-2f65d677e4cc,different_values,450,archived_link,Archived Link - El Salvador,Archived Link - Brazil,archived link - el salvador,archived link - brazil
9577a63c-1641-45ba-8c12-3ff79a7042cf,different_values,451,time_unit,Individual,Month,individual,month
9577a63c-1641-45ba-8c12-3ff79a7042cf,different_values,451,date_1,2025-06-21,2025-06-02 00:00:00,2025-06-21,2025-06-02 00:00:00
9577a63c-1641-45ba-8c12-3ff79a7042cf,different_values,451,date_2,,2025-06-10 00:00:00,,2025-06-10 00:00:00
9577a63c-1641-45ba-8c12-3ff79a7042cf,different_values,451,day,21,2,21,2
9577a63c-1641-45ba-8c12-3ff79a7042cf,different_values,451,duration,,8,,8
9577a63c-1641-45ba-8c12-3ff79a7042cf,different_values,451,quantity,33.0,6300.0,330,63000
9577a63c-1641-45ba-8c12-3ff79a7042cf,different_values,451,modus_operandi/place_seizure,Container,Maritime vessel,container,maritime vessel
9577a63c-1641-45ba-8c12-3ff79a7042cf,different_values,451,country,Costa Rica,El Salvador,costa rica,el salvador
9577a63c-1641-45ba-8c12-3ff79a7042cf,different_values,451,department/state,Limón,,limón,
9577a63c-1641-45ba-8c12-3ff79a7042cf,different_values,451,municipality/port,Limón,,limón,
9577a63c-1641-45ba-8c12-3ff79a7042cf,different_values,451,destination_1_region,Europe,,europe,
9577a63c-1641-45ba-8c12-3ff79a7042cf,different_values,451,destination_1_country,Belgium,,belgium,
9577a63c-1641-45ba-8c12-3ff79a7042cf,different_values,451,destination_1_department/state,Antwerp,,antwerp,
9577a63c-1641-45ba-8c12-3ff79a7042cf,different_values,451,description,"33 packages of cocaine were discovered hidden in the refrigerated compartment of a container at the Moín Terminal, whose final destination was the port of Antwerp, Belgium. ","The National Navy intercepted five vessels carrying 6.3 tons of cocaine nearly 1,000 nautical miles (1,852 km) off the Salvadoran coast. Resulted in the capture of 17 drug traffickers of Ecuadorian, Colombian, Mexican, and Guatemalan nationality",33 packages of cocaine were discovered hidden in the refrigerated compartment of a container at the moín terminal whose final destination was the port of antwerp belgium,the national navy intercepted five vessels carrying 63 tons of cocaine nearly 1000 nautical miles (1852 km) off the salvadoran coast resulted in the capture of 17 drug traffickers of ecuadorian colombian mexican and guatemalan nationality
9577a63c-1641-45ba-8c12-3ff79a7042cf,different_values,451,source_link,https://crhoy.com/33-paquetes-de-cocaina-iban-destino-a-belgica-en-contenedor-desde-moin/,https://diario.elmundo.sv/nacionales/marina-incauta-63-toneladas-de-cocaina-valorada-en-1574-millones,https://crhoycom/33-paquetes-de-cocaina-iban-destino-a-belgica-en-contenedor-desde-moin/,https://diarioelmundosv/nacionales/marina-incauta-63-toneladas-de-cocaina-valorada-en-1574-millones
9577a63c-1641-45ba-8c12-3ff79a7042cf,different_values,451,archived_link,Archived Link - Costa Rica,Archived Link - El Salvador,archived link - costa rica,archived link - el salvador
0cea3218-091c-4abc-937d-dbb1133f6bb5,different_values,452,date_1,2025-06-21,2025-06-21 00:00:00,2025-06-21,2025-06-21 00:00:00
0cea3218-091c-4abc-937d-dbb1133f6bb5,different_values,452,quantity,205.0,33.0,2050,330
0cea3218-091c-4abc-937d-dbb1133f6bb5,different_values,452,modus_operandi/place_seizure,Land,Container,land,container
0cea3218-091c-4abc-937d-dbb1133f6bb5,different_values,452,region,Caribbean,Central America,caribbean,central america
0cea3218-091c-4abc-937d-dbb1133f6bb5,different_values,452,country,Dominican Republic,Costa Rica,dominican republic,costa rica
0cea3218-091c-4abc-937d-dbb1133f6bb5,different_values,452,department/state,Santo Domingo,Limón,santo domingo,limón
0cea3218-091c-4abc-937d-dbb1133f6bb5,different_values,452,municipality/port,Boca Chica,Limón,boca chica,limón
0cea3218-091c-4abc-937d-dbb1133f6bb5,different_values,452,destination_1_region,,Europe,,europe
0cea3218-091c-4abc-937d-dbb1133f6bb5,different_values,452,destination_1_country,,Belgium,,belgium
0cea3218-091c-4abc-937d-dbb1133f6bb5,different_values,452,destination_1_department/state,,Antwerp,,antwerp
0cea3218-091c-4abc-937d-dbb1133f6bb5,different_values,452,description," National Police seized 200 packages of cocaine in the municipality of Boca Chica, Santo Domingo province, raided the business, La Embajada Social Club where they seized 184 packages of cocaine. A cache of drugs was discovered under the driver's seat of a Kia Sorento SUV. Another 16 packages were found inside, for a total of 200. ","33 packages of cocaine were discovered hidden in the refrigerated compartment of a container at the Moín Terminal, whose final destination was the port of Antwerp, Belgium. ",national police seized 200 packages of cocaine in the municipality of boca chica santo domingo province raided the business la embajada social club where they seized 184 packages of cocaine a cache of drugs was discovered under the driver's seat of a kia sorento suv another 16 packages were found inside for a total of 200,33 packages of cocaine were discovered hidden in the refrigerated compartment of a container at the moín terminal whose final destination was the port of antwerp belgium
0cea3218-091c-4abc-937d-dbb1133f6bb5,different_values,452,source_link,https://hoy.com.do/pn-y-dncd-incautan-200-paquetes-de-cocaina-en-el-municipio-de-boca-chica/,https://crhoy.com/33-paquetes-de-cocaina-iban-destino-a-belgica-en-contenedor-desde-moin/,https://hoycomdo/pn-y-dncd-incautan-200-paquetes-de-cocaina-en-el-municipio-de-boca-chica/,https://crhoycom/33-paquetes-de-cocaina-iban-destino-a-belgica-en-contenedor-desde-moin/
0cea3218-091c-4abc-937d-dbb1133f6bb5,different_values,452,archived_link,Archived Link - Dominican Republic,Archived Link - Costa Rica,archived link - dominican republic,archived link - costa rica
a27c0f40-23ef-460b-a70f-a64867d589f6,different_values,453,date_1,2025-06-23,2025-06-21 00:00:00,2025-06-23,2025-06-21 00:00:00
a27c0f40-23ef-460b-a70f-a64867d589f6,different_values,453,day,23,21,23,21
a27c0f40-23ef-460b-a70f-a64867d589f6,different_values,453,quantity,200.0,205.0,2000,2050
a27c0f40-23ef-460b-a70f-a64867d589f6,different_values,453,region,South America,Caribbean,south america,caribbean
a27c0f40-23ef-460b-a70f-a64867d589f6,different_values,453,country,Argentina,Dominican Republic,argentina,dominican republic
a27c0f40-23ef-460b-a70f-a64867d589f6,different_values,453,department/state,Salta,Santo Domingo,salta,santo domingo
a27c0f40-23ef-460b-a70f-a64867d589f6,different_values,453,municipality/port,,Boca Chica,,boca chica
a27c0f40-23ef-460b-a70f-a64867d589f6,different_values,453,description,"Poice seized a shipment of 200 kilos of cocaine hidden in the false bottom of a pickup truck. Following the operation in the province of Salta, four people were arrested. "," National Police seized 200 packages of cocaine in the municipality of Boca Chica, Santo Domingo province, raided the business, La Embajada Social Club where they seized 184 packages of cocaine. A cache of drugs was discovered under the driver's seat of a Kia Sorento SUV. Another 16 packages were found inside, for a total of 200. ",poice seized a shipment of 200 kilos of cocaine hidden in the false bottom of a pickup truck following the operation in the province of salta four people were arrested,national police seized 200 packages of cocaine in the municipality of boca chica santo domingo province raided the business la embajada social club where they seized 184 packages of cocaine a cache of drugs was discovered under the driver's seat of a kia sorento suv another 16 packages were found inside for a total of 200
a27c0f40-23ef-460b-a70f-a64867d589f6,different_values,453,source_link,https://www.argentina.gob.ar/noticias/200-kilos-de-cocaina-y-cuatro-personas-detenidas,https://hoy.com.do/pn-y-dncd-incautan-200-paquetes-de-cocaina-en-el-municipio-de-boca-chica/,https://wwwargentinagobar/noticias/200-kilos-de-cocaina-y-cuatro-personas-detenidas,https://hoycomdo/pn-y-dncd-incautan-200-paquetes-de-cocaina-en-el-municipio-de-boca-chica/
a27c0f40-23ef-460b-a70f-a64867d589f6,different_values,453,archived_link,Archived Link - Argentina,Archived Link - Dominican Republic,archived link - argentina,archived link - dominican republic
1c912803-b666-49bf-84d1-ea944311591a,different_values,454,date_1,2025-06-23,2025-06-23 00:00:00,2025-06-23,2025-06-23 00:00:00
1c912803-b666-49bf-84d1-ea944311591a,different_values,454,drug_type,Cocaine Base,Cocaine,cocaine base,cocaine
1c912803-b666-49bf-84d1-ea944311591a,different_values,454,quantity,40.0,200.0,400,2000
1c912803-b666-49bf-84d1-ea944311591a,different_values,454,municipality/port,Aguaray,,aguaray,
1c912803-b666-49bf-84d1-ea944311591a,different_values,454,description,Authorities seized 40 kilos of cocaine base hidden inside two plastic water tanks adapted to create a double bottom on the chassis of a truck with Bolivian license plates. ,"Poice seized a shipment of 200 kilos of cocaine hidden in the false bottom of a pickup truck. Following the operation in the province of Salta, four people were arrested. ",authorities seized 40 kilos of cocaine base hidden inside two plastic water tanks adapted to create a double bottom on the chassis of a truck with bolivian license plates,poice seized a shipment of 200 kilos of cocaine hidden in the false bottom of a pickup truck following the operation in the province of salta four people were arrested
1c912803-b666-49bf-84d1-ea944311591a,different_values,454,source_link,https://www.argentina.gob.ar/noticias/detectamos-mas-de-40-kilos-de-pasta-base-ocultos-en-tanque-de-agua,https://www.argentina.gob.ar/noticias/200-kilos-de-cocaina-y-cuatro-personas-detenidas,https://wwwargentinagobar/noticias/detectamos-mas-de-40-kilos-de-pasta-base-ocultos-en-tanque-de-agua,https://wwwargentinagobar/noticias/200-kilos-de-cocaina-y-cuatro-personas-detenidas
e9d5aadc-eaf0-416e-9272-87f7ea67bb96,different_values,455,date_1,2025-06-21,2025-06-23 00:00:00,2025-06-21,2025-06-23 00:00:00
e9d5aadc-eaf0-416e-9272-87f7ea67bb96,different_values,455,day,21,23,21,23
e9d5aadc-eaf0-416e-9272-87f7ea67bb96,different_values,455,drug_type,Cocaine,Cocaine Base,cocaine,cocaine base
e9d5aadc-eaf0-416e-9272-87f7ea67bb96,different_values,455,quantity,478.0,40.0,4780,400
e9d5aadc-eaf0-416e-9272-87f7ea67bb96,different_values,455,department/state,Jujuy,Salta,jujuy,salta
e9d5aadc-eaf0-416e-9272-87f7ea67bb96,different_values,455,municipality/port,La Quiaca,Aguaray,la quiaca,aguaray
e9d5aadc-eaf0-416e-9272-87f7ea67bb96,different_values,455,description,"two operations had been carried out. The first, on Friday night on a road in La Quiaca, was where a truck carrying 228 kilos of cocaine was stopped. Another 250 kilos were seized the following day in a raid on a commercial warehouse. ",Authorities seized 40 kilos of cocaine base hidden inside two plastic water tanks adapted to create a double bottom on the chassis of a truck with Bolivian license plates. ,two operations had been carried out the first on friday night on a road in la quiaca was where a truck carrying 228 kilos of cocaine was stopped another 250 kilos were seized the following day in a raid on a commercial warehouse,authorities seized 40 kilos of cocaine base hidden inside two plastic water tanks adapted to create a double bottom on the chassis of a truck with bolivian license plates
e9d5aadc-eaf0-416e-9272-87f7ea67bb96,different_values,455,source_link,https://www.fiscales.gob.ar/narcocriminalidad/jujuy-ordenan-remitir-al-fuero-federal-las-actuaciones-relacionadas-al-secuestro-de-casi-500-kilos-de-cocaina-en-la-quiaca/,https://www.argentina.gob.ar/noticias/detectamos-mas-de-40-kilos-de-pasta-base-ocultos-en-tanque-de-agua,https://wwwfiscalesgobar/narcocriminalidad/jujuy-ordenan-remitir-al-fuero-federal-las-actuaciones-relacionadas-al-secuestro-de-casi-500-kilos-de-cocaina-en-la-quiaca/,https://wwwargentinagobar/noticias/detectamos-mas-de-40-kilos-de-pasta-base-ocultos-en-tanque-de-agua
fce2fadd-be02-4798-ba7f-c734d2cbfd35,different_values,456,date_1,2025-06-23,2025-06-21 00:00:00,2025-06-23,2025-06-21 00:00:00
fce2fadd-be02-4798-ba7f-c734d2cbfd35,different_values,456,day,23,21,23,21
fce2fadd-be02-4798-ba7f-c734d2cbfd35,different_values,456,quantity,192.0,478.0,1920,4780
fce2fadd-be02-4798-ba7f-c734d2cbfd35,different_values,456,country,Chile,Argentina,chile,argentina
fce2fadd-be02-4798-ba7f-c734d2cbfd35,different_values,456,department/state,Tarapacá,Jujuy,tarapacá,jujuy
fce2fadd-be02-4798-ba7f-c734d2cbfd35,different_values,456,municipality/port,Iquique,La Quiaca,iquique,la quiaca
fce2fadd-be02-4798-ba7f-c734d2cbfd35,different_values,456,description,Drugs were seized by the Carabineros after dismantling a gang comprised of six Army officers and a Chilean civilian who were attempting to smuggle these substances into the Metropolitan Region. ,"two operations had been carried out. The first, on Friday night on a road in La Quiaca, was where a truck carrying 228 kilos of cocaine was stopped. Another 250 kilos were seized the following day in a raid on a commercial warehouse. ",drugs were seized by the carabineros after dismantling a gang comprised of six army officers and a chilean civilian who were attempting to smuggle these substances into the metropolitan region,two operations had been carried out the first on friday night on a road in la quiaca was where a truck carrying 228 kilos of cocaine was stopped another 250 kilos were seized the following day in a raid on a commercial warehouse
fce2fadd-be02-4798-ba7f-c734d2cbfd35,different_values,456,source_link,https://www.biobiochile.cl/noticias/nacional/region-metropolitana/2025/06/23/seis-suboficiales-del-ejercito-detenidos-tras-caida-de-banda-que-trasladaba-droga-a-la-capital.shtml,https://www.fiscales.gob.ar/narcocriminalidad/jujuy-ordenan-remitir-al-fuero-federal-las-actuaciones-relacionadas-al-secuestro-de-casi-500-kilos-de-cocaina-en-la-quiaca/,https://wwwbiobiochilecl/noticias/nacional/region-metropolitana/2025/06/23/seis-suboficiales-del-ejercito-detenidos-tras-caida-de-banda-que-trasladaba-droga-a-la-capitalshtml,https://wwwfiscalesgobar/narcocriminalidad/jujuy-ordenan-remitir-al-fuero-federal-las-actuaciones-relacionadas-al-secuestro-de-casi-500-kilos-de-cocaina-en-la-quiaca/
fce2fadd-be02-4798-ba7f-c734d2cbfd35,different_values,456,archived_link,Archived Link - Chile,Archived Link - Argentina,archived link - chile,archived link - argentina
d512e72f-cbc3-4391-8050-76075d9fb416,different_values,457,date_1,2025-06-22,2025-06-23 00:00:00,2025-06-22,2025-06-23 00:00:00
d512e72f-cbc3-4391-8050-76075d9fb416,different_values,457,day,22,23,22,23
d512e72f-cbc3-4391-8050-76075d9fb416,different_values,457,quantity,177.0,192.0,1770,1920
d512e72f-cbc3-4391-8050-76075d9fb416,different_values,457,modus_operandi/place_seizure,Maritime vessel,Land,maritime vessel,land
d512e72f-cbc3-4391-8050-76075d9fb416,different_values,457,region,North America,South America,north america,south america
d512e72f-cbc3-4391-8050-76075d9fb416,different_values,457,country,Mexico,Chile,mexico,chile
d512e72f-cbc3-4391-8050-76075d9fb416,different_values,457,department/state,Michoacán,Tarapacá,michoacán,tarapacá
d512e72f-cbc3-4391-8050-76075d9fb416,different_values,457,municipality/port,Lázaro Cárdenas,Iquique,lázaro cárdenas,iquique
d512e72f-cbc3-4391-8050-76075d9fb416,different_values,457,description,"Authorities seized 177 kilos of cocaine in 150 packages off the coast of Lázaro Cárdenas , Michoacán , ",Drugs were seized by the Carabineros after dismantling a gang comprised of six Army officers and a Chilean civilian who were attempting to smuggle these substances into the Metropolitan Region. ,authorities seized 177 kilos of cocaine in 150 packages off the coast of lázaro cárdenas  michoacán,drugs were seized by the carabineros after dismantling a gang comprised of six army officers and a chilean civilian who were attempting to smuggle these substances into the metropolitan region
d512e72f-cbc3-4391-8050-76075d9fb416,different_values,457,source_link,https://www.milenio.com/policia/acciones-relevantes-de-gabinete-de-seguridad-20-21-y-22-de-junio,https://www.biobiochile.cl/noticias/nacional/region-metropolitana/2025/06/23/seis-suboficiales-del-ejercito-detenidos-tras-caida-de-banda-que-trasladaba-droga-a-la-capital.shtml,https://wwwmileniocom/policia/acciones-relevantes-de-gabinete-de-seguridad-20-21-y-22-de-junio,https://wwwbiobiochilecl/noticias/nacional/region-metropolitana/2025/06/23/seis-suboficiales-del-ejercito-detenidos-tras-caida-de-banda-que-trasladaba-droga-a-la-capitalshtml
d512e72f-cbc3-4391-8050-76075d9fb416,different_values,457,archived_link,Archived Link - Mexico,Archived Link - Chile,archived link - mexico,archived link - chile
681aae24-ce5a-4934-be47-25fd51d98226,different_values,458,date_1,2025-06-24,2025-06-22 00:00:00,2025-06-24,2025-06-22 00:00:00
681aae24-ce5a-4934-be47-25fd51d98226,different_values,458,day,24,22,24,22
681aae24-ce5a-4934-be47-25fd51d98226,different_values,458,quantity,230.0,177.0,2300,1770
681aae24-ce5a-4934-be47-25fd51d98226,different_values,458,region,Caribbean,North America,caribbean,north america
681aae24-ce5a-4934-be47-25fd51d98226,different_values,458,country,Puerto Rico,Mexico,puerto rico,mexico
681aae24-ce5a-4934-be47-25fd51d98226,different_values,458,department/state,,Michoacán,,michoacán
681aae24-ce5a-4934-be47-25fd51d98226,different_values,458,municipality/port,Rincón,Lázaro Cárdenas,rincón,lázaro cárdenas
681aae24-ce5a-4934-be47-25fd51d98226,different_values,458,description,"Customs and Border Protection (CBP) agents seized 230 kilos of cocaine valued at $4.2 million in an abandoned boat southwest of Black Eagle Beach in the municipality of Rincón, western Puerto Rico. ","Authorities seized 177 kilos of cocaine in 150 packages off the coast of Lázaro Cárdenas , Michoacán , ",customs and border protection (cbp) agents seized 230 kilos of cocaine valued at $42 million in an abandoned boat southwest of black eagle beach in the municipality of rincón western puerto rico,authorities seized 177 kilos of cocaine in 150 packages off the coast of lázaro cárdenas  michoacán
681aae24-ce5a-4934-be47-25fd51d98226,different_values,458,source_link,https://acento.com.do/actualidad/incautados-230-kilos-de-cocaina-en-yola-abandonada-en-puerto-rico-9514791.html,https://www.milenio.com/policia/acciones-relevantes-de-gabinete-de-seguridad-20-21-y-22-de-junio,https://acentocomdo/actualidad/incautados-230-kilos-de-cocaina-en-yola-abandonada-en-puerto-rico-9514791html,https://wwwmileniocom/policia/acciones-relevantes-de-gabinete-de-seguridad-20-21-y-22-de-junio
681aae24-ce5a-4934-be47-25fd51d98226,different_values,458,archived_link,Archived Link - Puerto Rico,Archived Link - Mexico,archived link - puerto rico,archived link - mexico
7f407b6e-181e-44c2-bbe4-c51e80d458ae,different_values,459,date_1,2025-06-23,2025-06-24 00:00:00,2025-06-23,2025-06-24 00:00:00
7f407b6e-181e-44c2-bbe4-c51e80d458ae,different_values,459,day,23,24,23,24
7f407b6e-181e-44c2-bbe4-c51e80d458ae,different_values,459,quantity,129.0,230.0,1290,2300
7f407b6e-181e-44c2-bbe4-c51e80d458ae,different_values,459,modus_operandi/place_seizure,Land,Maritime vessel,land,maritime vessel
7f407b6e-181e-44c2-bbe4-c51e80d458ae,different_values,459,region,South America,Caribbean,south america,caribbean
7f407b6e-181e-44c2-bbe4-c51e80d458ae,different_values,459,country,Colombia,Puerto Rico,colombia,puerto rico
7f407b6e-181e-44c2-bbe4-c51e80d458ae,different_values,459,department/state,Atlántico,,atlántico,
7f407b6e-181e-44c2-bbe4-c51e80d458ae,different_values,459,municipality/port,Barranquilla,Rincón,barranquilla,rincón
7f407b6e-181e-44c2-bbe4-c51e80d458ae,different_values,459,description,"Cocaine valued at more than 645 million pesos was seized in an apartment in Alameda del Río. Man was captured, believed to be in charge of guarding and safeguarding the drugs that were to be transported to the coastal area for shipment outside the country,","Customs and Border Protection (CBP) agents seized 230 kilos of cocaine valued at $4.2 million in an abandoned boat southwest of Black Eagle Beach in the municipality of Rincón, western Puerto Rico. ",cocaine valued at more than 645 million pesos was seized in an apartment in alameda del río man was captured believed to be in charge of guarding and safeguarding the drugs that were to be transported to the coastal area for shipment outside the country,customs and border protection (cbp) agents seized 230 kilos of cocaine valued at $42 million in an abandoned boat southwest of black eagle beach in the municipality of rincón western puerto rico
7f407b6e-181e-44c2-bbe4-c51e80d458ae,different_values,459,criminal_group_1,AGC,,agc,
7f407b6e-181e-44c2-bbe4-c51e80d458ae,different_values,459,source_link,https://caracol.com.co/2025/06/23/incautan-mas-de-129-kilos-de-cocaina-del-clan-del-golfo-en-alameda-del-rio-en-barranquilla/,https://acento.com.do/actualidad/incautados-230-kilos-de-cocaina-en-yola-abandonada-en-puerto-rico-9514791.html,https://caracolcomco/2025/06/23/incautan-mas-de-129-kilos-de-cocaina-del-clan-del-golfo-en-alameda-del-rio-en-barranquilla/,https://acentocomdo/actualidad/incautados-230-kilos-de-cocaina-en-yola-abandonada-en-puerto-rico-9514791html
7f407b6e-181e-44c2-bbe4-c51e80d458ae,different_values,459,archived_link,Archived Link - Colombia,Archived Link - Puerto Rico,archived link - colombia,archived link - puerto rico
504f590c-b4a9-4fbb-9208-ab2a44b75dff,different_values,460,date_1,2025-06-20,2025-06-23 00:00:00,2025-06-20,2025-06-23 00:00:00
504f590c-b4a9-4fbb-9208-ab2a44b75dff,different_values,460,day,20,23,20,23
504f590c-b4a9-4fbb-9208-ab2a44b75dff,different_values,460,quantity,1600.0,129.0,16000,1290
504f590c-b4a9-4fbb-9208-ab2a44b75dff,different_values,460,modus_operandi/place_seizure,Maritime vessel,Land,maritime vessel,land
504f590c-b4a9-4fbb-9208-ab2a44b75dff,different_values,460,region,Europe,South America,europe,south america
504f590c-b4a9-4fbb-9208-ab2a44b75dff,different_values,460,country,Portugal,Colombia,portugal,colombia
504f590c-b4a9-4fbb-9208-ab2a44b75dff,different_values,460,department/state,Azores,Atlántico,azores,atlántico
504f590c-b4a9-4fbb-9208-ab2a44b75dff,different_values,460,municipality/port,,Barranquilla,,barranquilla
504f590c-b4a9-4fbb-9208-ab2a44b75dff,different_values,460,description," the 11-metre vessel was crossing the Atlantic between South America and Europe when authorities intercepted it off the western group of Azores islands, and found it to be carrying about 1,660 kg of cocaine ","Cocaine valued at more than 645 million pesos was seized in an apartment in Alameda del Río. Man was captured, believed to be in charge of guarding and safeguarding the drugs that were to be transported to the coastal area for shipment outside the country,",the 11-metre vessel was crossing the atlantic between south america and europe when authorities intercepted it off the western group of azores islands and found it to be carrying about 1660 kg of cocaine,cocaine valued at more than 645 million pesos was seized in an apartment in alameda del río man was captured believed to be in charge of guarding and safeguarding the drugs that were to be transported to the coastal area for shipment outside the country
504f590c-b4a9-4fbb-9208-ab2a44b75dff,different_values,460,criminal_group_1,,AGC,,agc
504f590c-b4a9-4fbb-9208-ab2a44b75dff,different_values,460,source_link,https://www.portugalresident.com/1-6-tonnes-of-cocaine-discovered-inside-11-metre-yacht-sailing-off-azores/,https://caracol.com.co/2025/06/23/incautan-mas-de-129-kilos-de-cocaina-del-clan-del-golfo-en-alameda-del-rio-en-barranquilla/,https://wwwportugalresidentcom/1-6-tonnes-of-cocaine-discovered-inside-11-metre-yacht-sailing-off-azores/,https://caracolcomco/2025/06/23/incautan-mas-de-129-kilos-de-cocaina-del-clan-del-golfo-en-alameda-del-rio-en-barranquilla/
504f590c-b4a9-4fbb-9208-ab2a44b75dff,different_values,460,archived_link,Archived Link - Portugal,Archived Link - Colombia,archived link - portugal,archived link - colombia
57a7e34f-dafb-4285-b827-d3b057d313ea,different_values,461,date_1,2025-06-12,2025-06-20 00:00:00,2025-06-12,2025-06-20 00:00:00
57a7e34f-dafb-4285-b827-d3b057d313ea,different_values,461,day,12,20,12,20
57a7e34f-dafb-4285-b827-d3b057d313ea,different_values,461,quantity,101.0,1600.0,1010,16000
57a7e34f-dafb-4285-b827-d3b057d313ea,different_values,461,modus_operandi/place_seizure,Air,Maritime vessel,air,maritime vessel
57a7e34f-dafb-4285-b827-d3b057d313ea,different_values,461,region,Caribbean,Europe,caribbean,europe
57a7e34f-dafb-4285-b827-d3b057d313ea,different_values,461,country,Martinique,Portugal,martinique,portugal
57a7e34f-dafb-4285-b827-d3b057d313ea,different_values,461,department/state,,Azores,,azores
57a7e34f-dafb-4285-b827-d3b057d313ea,different_values,461,description,," the 11-metre vessel was crossing the Atlantic between South America and Europe when authorities intercepted it off the western group of Azores islands, and found it to be carrying about 1,660 kg of cocaine ",,the 11-metre vessel was crossing the atlantic between south america and europe when authorities intercepted it off the western group of azores islands and found it to be carrying about 1660 kg of cocaine
57a7e34f-dafb-4285-b827-d3b057d313ea,different_values,461,source_link,https://la1ere.franceinfo.fr/martinique/nouvelle-saisie-de-cocaine-par-les-douanes-de-martinique-1597554.html,https://www.portugalresident.com/1-6-tonnes-of-cocaine-discovered-inside-11-metre-yacht-sailing-off-azores/,https://la1erefranceinfofr/martinique/nouvelle-saisie-de-cocaine-par-les-douanes-de-martinique-1597554html,https://wwwportugalresidentcom/1-6-tonnes-of-cocaine-discovered-inside-11-metre-yacht-sailing-off-azores/
57a7e34f-dafb-4285-b827-d3b057d313ea,different_values,461,archived_link,Archived Link - Martinique,Archived Link - Portugal,archived link - martinique,archived link - portugal
35a47424-539d-46dd-b13d-4aa659e179b2,different_values,462,date_1,2025-06-22,2025-06-12 00:00:00,2025-06-22,2025-06-12 00:00:00
35a47424-539d-46dd-b13d-4aa659e179b2,different_values,462,day,22,12,22,12
35a47424-539d-46dd-b13d-4aa659e179b2,different_values,462,quantity,1100.0,101.0,11000,1010
35a47424-539d-46dd-b13d-4aa659e179b2,different_values,462,modus_operandi/place_seizure,Land,Air,land,air
35a47424-539d-46dd-b13d-4aa659e179b2,different_values,462,region,South America,Caribbean,south america,caribbean
35a47424-539d-46dd-b13d-4aa659e179b2,different_values,462,country,Colombia,Martinique,colombia,martinique
35a47424-539d-46dd-b13d-4aa659e179b2,different_values,462,department/state,Cauca,,cauca,
35a47424-539d-46dd-b13d-4aa659e179b2,different_values,462,municipality/port,Piendamó,,piendamó,
35a47424-539d-46dd-b13d-4aa659e179b2,different_values,462,origin_country,Colombia,,colombia,
35a47424-539d-46dd-b13d-4aa659e179b2,different_values,462,origin_area,Narino,,narino,
35a47424-539d-46dd-b13d-4aa659e179b2,different_values,462,origin_municipality,Pasto,,pasto,
35a47424-539d-46dd-b13d-4aa659e179b2,different_values,462,description,"During an inspection of a white Kenworth tanker tractor, agents discovered a hidden hydraulic cache containing 1,100 kilograms of cocaine hydrochloride. ",,during an inspection of a white kenworth tanker tractor agents discovered a hidden hydraulic cache containing 1100 kilograms of cocaine hydrochloride,
35a47424-539d-46dd-b13d-4aa659e179b2,different_values,462,source_link,https://www.eltiempo.com/colombia/otras-ciudades/incautan-mas-de-una-tonelada-de-cocaina-en-la-via-panamericana-cauca-3465978,https://la1ere.franceinfo.fr/martinique/nouvelle-saisie-de-cocaine-par-les-douanes-de-martinique-1597554.html,https://wwweltiempocom/colombia/otras-ciudades/incautan-mas-de-una-tonelada-de-cocaina-en-la-via-panamericana-cauca-3465978,https://la1erefranceinfofr/martinique/nouvelle-saisie-de-cocaine-par-les-douanes-de-martinique-1597554html
35a47424-539d-46dd-b13d-4aa659e179b2,different_values,462,archived_link,Archived Link - Colombia,Archived Link - Martinique,archived link - colombia,archived link - martinique
e250f95b-ce3a-4894-b4e3-ab93f8540cfd,different_values,463,date_1,2025-06-22,2025-06-22 00:00:00,2025-06-22,2025-06-22 00:00:00
e250f95b-ce3a-4894-b4e3-ab93f8540cfd,different_values,463,quantity,114.37,1100.0,11437,11000
e250f95b-ce3a-4894-b4e3-ab93f8540cfd,different_values,463,weight_unit,Pounds (lbs),Kilogram,pounds (lbs),kilogram
e250f95b-ce3a-4894-b4e3-ab93f8540cfd,different_values,463,region,North America,South America,north america,south america
e250f95b-ce3a-4894-b4e3-ab93f8540cfd,different_values,463,country,United States,Colombia,united states,colombia
e250f95b-ce3a-4894-b4e3-ab93f8540cfd,different_values,463,department/state,Texas,Cauca,texas,cauca
e250f95b-ce3a-4894-b4e3-ab93f8540cfd,different_values,463,municipality/port,Laredo,Piendamó,laredo,piendamó
e250f95b-ce3a-4894-b4e3-ab93f8540cfd,different_values,463,origin_country,,Colombia,,colombia
e250f95b-ce3a-4894-b4e3-ab93f8540cfd,different_values,463,origin_area,,Narino,,narino
e250f95b-ce3a-4894-b4e3-ab93f8540cfd,different_values,463,origin_municipality,,Pasto,,pasto
e250f95b-ce3a-4894-b4e3-ab93f8540cfd,different_values,463,description,"Following a canine and non-intrusive inspection system examination, CBP officers discovered a total of 50 packages containing nearly 114.37 pounds of alleged cocaine within the trailer","During an inspection of a white Kenworth tanker tractor, agents discovered a hidden hydraulic cache containing 1,100 kilograms of cocaine hydrochloride. ",following a canine and non-intrusive inspection system examination cbp officers discovered a total of 50 packages containing nearly 11437 pounds of alleged cocaine within the trailer,during an inspection of a white kenworth tanker tractor agents discovered a hidden hydraulic cache containing 1100 kilograms of cocaine hydrochloride
e250f95b-ce3a-4894-b4e3-ab93f8540cfd,different_values,463,source_link,https://www.cbp.gov/newsroom/local-media-release/cbp-officers-seize-over-15-million-hard-narcotics-colombia-solidarity,https://www.eltiempo.com/colombia/otras-ciudades/incautan-mas-de-una-tonelada-de-cocaina-en-la-via-panamericana-cauca-3465978,https://wwwcbpgov/newsroom/local-media-release/cbp-officers-seize-over-15-million-hard-narcotics-colombia-solidarity,https://wwweltiempocom/colombia/otras-ciudades/incautan-mas-de-una-tonelada-de-cocaina-en-la-via-panamericana-cauca-3465978
e250f95b-ce3a-4894-b4e3-ab93f8540cfd,different_values,463,archived_link,Archived Link - United States,Archived Link - Colombia,archived link - united states,archived link - colombia
ece410c0-79e6-47ce-846e-7d6610638e14,different_values,464,date_1,2025-06-24,2025-06-22 00:00:00,2025-06-24,2025-06-22 00:00:00
ece410c0-79e6-47ce-846e-7d6610638e14,different_values,464,day,24,22,24,22
ece410c0-79e6-47ce-846e-7d6610638e14,different_values,464,quantity,1000.0,114.37,10000,11437
ece410c0-79e6-47ce-846e-7d6610638e14,different_values,464,weight_unit,Kilogram,Pounds (lbs),kilogram,pounds (lbs)
ece410c0-79e6-47ce-846e-7d6610638e14,different_values,464,region,South America,North America,south america,north america
ece410c0-79e6-47ce-846e-7d6610638e14,different_values,464,country,Ecuador,United States,ecuador,united states
ece410c0-79e6-47ce-846e-7d6610638e14,different_values,464,department/state,Santo Domingo de los Tsáchilas,Texas,santo domingo de los tsáchilas,texas
ece410c0-79e6-47ce-846e-7d6610638e14,different_values,464,municipality/port,,Laredo,,laredo
ece410c0-79e6-47ce-846e-7d6610638e14,different_values,464,description,"During a routine check, police officers took a vehichle into custody and found a ton of drugs amidst the wood cargo","Following a canine and non-intrusive inspection system examination, CBP officers discovered a total of 50 packages containing nearly 114.37 pounds of alleged cocaine within the trailer",during a routine check police officers took a vehichle into custody and found a ton of drugs amidst the wood cargo,following a canine and non-intrusive inspection system examination cbp officers discovered a total of 50 packages containing nearly 11437 pounds of alleged cocaine within the trailer
ece410c0-79e6-47ce-846e-7d6610638e14,different_values,464,source_link,https://www.eldiario.ec/la-policia-nacional-decomiso-una-tonelada-de-clorhidrato-de-cocaina-en-un-operativo-realizado-en-santo-domingo-de-los-tsachilas-20250624/,https://www.cbp.gov/newsroom/local-media-release/cbp-officers-seize-over-15-million-hard-narcotics-colombia-solidarity,https://wwweldiarioec/la-policia-nacional-decomiso-una-tonelada-de-clorhidrato-de-cocaina-en-un-operativo-realizado-en-santo-domingo-de-los-tsachilas-20250624/,https://wwwcbpgov/newsroom/local-media-release/cbp-officers-seize-over-15-million-hard-narcotics-colombia-solidarity
ece410c0-79e6-47ce-846e-7d6610638e14,different_values,464,archived_link,Archived Link - Ecuador,Archived Link - United States,archived link - ecuador,archived link - united states
1306874e-e43a-4384-865e-f50aa35bd7ba,different_values,465,date_1,2025-06-12,2025-06-24 00:00:00,2025-06-12,2025-06-24 00:00:00
1306874e-e43a-4384-865e-f50aa35bd7ba,different_values,465,day,12,24,12,24
1306874e-e43a-4384-865e-f50aa35bd7ba,different_values,465,quantity,187.0,1000.0,1870,10000
1306874e-e43a-4384-865e-f50aa35bd7ba,different_values,465,region,North America,South America,north america,south america
1306874e-e43a-4384-865e-f50aa35bd7ba,different_values,465,country,Canada,Ecuador,canada,ecuador
1306874e-e43a-4384-865e-f50aa35bd7ba,different_values,465,department/state,Ontario,Santo Domingo de los Tsáchilas,ontario,santo domingo de los tsáchilas
1306874e-e43a-4384-865e-f50aa35bd7ba,different_values,465,municipality/port,Point Edward,,point edward,
1306874e-e43a-4384-865e-f50aa35bd7ba,different_values,465,transit_1_country,United States,,united states,
1306874e-e43a-4384-865e-f50aa35bd7ba,different_values,465,description,"A commercial truck arrived from the United States at the Blue Water Bridge port of entry, and during inspection officers discovered 161 bricks of suspected cocaine contained in six boxes.","During a routine check, police officers took a vehichle into custody and found a ton of drugs amidst the wood cargo",a commercial truck arrived from the united states at the blue water bridge port of entry and during inspection officers discovered 161 bricks of suspected cocaine contained in six boxes,during a routine check police officers took a vehichle into custody and found a ton of drugs amidst the wood cargo
1306874e-e43a-4384-865e-f50aa35bd7ba,different_values,465,source_link,https://www.canada.ca/fr/agence-services-frontaliers/nouvelles/2025/06/lasfc-saisit-187-kg-de-cocaine-au-pont-blue-water.html,https://www.eldiario.ec/la-policia-nacional-decomiso-una-tonelada-de-clorhidrato-de-cocaina-en-un-operativo-realizado-en-santo-domingo-de-los-tsachilas-20250624/,https://wwwcanadaca/fr/agence-services-frontaliers/nouvelles/2025/06/lasfc-saisit-187-kg-de-cocaine-au-pont-blue-waterhtml,https://wwweldiarioec/la-policia-nacional-decomiso-una-tonelada-de-clorhidrato-de-cocaina-en-un-operativo-realizado-en-santo-domingo-de-los-tsachilas-20250624/
1306874e-e43a-4384-865e-f50aa35bd7ba,different_values,465,archived_link,Archived Link - Canada,Archived Link - Ecuador,archived link - canada,archived link - ecuador
d665dfac-02e2-4ba1-a794-8298ef2ae3e4,different_values,466,date_1,2025-06-24,2025-06-12 00:00:00,2025-06-24,2025-06-12 00:00:00
d665dfac-02e2-4ba1-a794-8298ef2ae3e4,different_values,466,day,24,12,24,12
d665dfac-02e2-4ba1-a794-8298ef2ae3e4,different_values,466,quantity,228.0,187.0,2280,1870
d665dfac-02e2-4ba1-a794-8298ef2ae3e4,different_values,466,modus_operandi/place_seizure,Container,Land,container,land
d665dfac-02e2-4ba1-a794-8298ef2ae3e4,different_values,466,region,Europe,North America,europe,north america
d665dfac-02e2-4ba1-a794-8298ef2ae3e4,different_values,466,country,Italy,Canada,italy,canada
d665dfac-02e2-4ba1-a794-8298ef2ae3e4,different_values,466,department/state,Calabria,Ontario,calabria,ontario
d665dfac-02e2-4ba1-a794-8298ef2ae3e4,different_values,466,municipality/port,Gioia Tauro,Point Edward,gioia tauro,point edward
d665dfac-02e2-4ba1-a794-8298ef2ae3e4,different_values,466,transit_1_country,,United States,,united states
d665dfac-02e2-4ba1-a794-8298ef2ae3e4,different_values,466,description,"During the blitz, two dock workers were arrested while they were trying to “exfiltrate” the huge amount of drugs. The operation led to the seizure of 193 blocks for a total of 228 kilograms.","A commercial truck arrived from the United States at the Blue Water Bridge port of entry, and during inspection officers discovered 161 bricks of suspected cocaine contained in six boxes.",during the blitz two dock workers were arrested while they were trying to “exfiltrate” the huge amount of drugs the operation led to the seizure of 193 blocks for a total of 228 kilograms,a commercial truck arrived from the united states at the blue water bridge port of entry and during inspection officers discovered 161 bricks of suspected cocaine contained in six boxes
d665dfac-02e2-4ba1-a794-8298ef2ae3e4,different_values,466,source_link,https://www.reggiotoday.it/cronaca/porto-gioia-tauro-bloccati-sequestro-cocaina-arresti.html,https://www.canada.ca/fr/agence-services-frontaliers/nouvelles/2025/06/lasfc-saisit-187-kg-de-cocaine-au-pont-blue-water.html,https://wwwreggiotodayit/cronaca/porto-gioia-tauro-bloccati-sequestro-cocaina-arrestihtml,https://wwwcanadaca/fr/agence-services-frontaliers/nouvelles/2025/06/lasfc-saisit-187-kg-de-cocaine-au-pont-blue-waterhtml
d665dfac-02e2-4ba1-a794-8298ef2ae3e4,different_values,466,archived_link,Archived Link - Italy,Archived Link - Canada,archived link - italy,archived link - canada
15302953-3e48-4b8e-acd7-c9841061da7c,different_values,467,date_1,2025-06-22,2025-06-24 00:00:00,2025-06-22,2025-06-24 00:00:00
15302953-3e48-4b8e-acd7-c9841061da7c,different_values,467,day,22,24,22,24
15302953-3e48-4b8e-acd7-c9841061da7c,different_values,467,quantity,93.0,228.0,930,2280
15302953-3e48-4b8e-acd7-c9841061da7c,different_values,467,modus_operandi/place_seizure,Land,Container,land,container
15302953-3e48-4b8e-acd7-c9841061da7c,different_values,467,region,Africa,Europe,africa,europe
15302953-3e48-4b8e-acd7-c9841061da7c,different_values,467,country,Morocco,Italy,morocco,italy
15302953-3e48-4b8e-acd7-c9841061da7c,different_values,467,department/state,Guerguerat,Calabria,guerguerat,calabria
15302953-3e48-4b8e-acd7-c9841061da7c,different_values,467,municipality/port,,Gioia Tauro,,gioia tauro
15302953-3e48-4b8e-acd7-c9841061da7c,different_values,467,description," search operations led to the discovery of this drug shipment, which was hidden in the fuel tank of an international freight truck registered in Morocco, arriving from a sub-Saharan African country. ","During the blitz, two dock workers were arrested while they were trying to “exfiltrate” the huge amount of drugs. The operation led to the seizure of 193 blocks for a total of 228 kilograms.",search operations led to the discovery of this drug shipment which was hidden in the fuel tank of an international freight truck registered in morocco arriving from a sub-saharan african country,during the blitz two dock workers were arrested while they were trying to “exfiltrate” the huge amount of drugs the operation led to the seizure of 193 blocks for a total of 228 kilograms
15302953-3e48-4b8e-acd7-c9841061da7c,different_values,467,source_link,https://ledesk.ma/encontinu/plus-de-90-kg-de-cocaine-saisis-a-el-guergarat/,https://www.reggiotoday.it/cronaca/porto-gioia-tauro-bloccati-sequestro-cocaina-arresti.html,https://ledeskma/encontinu/plus-de-90-kg-de-cocaine-saisis-a-el-guergarat/,https://wwwreggiotodayit/cronaca/porto-gioia-tauro-bloccati-sequestro-cocaina-arrestihtml
15302953-3e48-4b8e-acd7-c9841061da7c,different_values,467,archived_link,Archived Link - Morocco,Archived Link - Italy,archived link - morocco,archived link - italy
381463c1-0607-4e18-8e94-5704bebcaa08,different_values,468,date_1,2025-06-22,2025-06-22 00:00:00,2025-06-22,2025-06-22 00:00:00
381463c1-0607-4e18-8e94-5704bebcaa08,different_values,468,quantity,5.2,93.0,52,930
381463c1-0607-4e18-8e94-5704bebcaa08,different_values,468,modus_operandi/place_seizure,Air,Land,air,land
381463c1-0607-4e18-8e94-5704bebcaa08,different_values,468,country,Guinea,Morocco,guinea,morocco
381463c1-0607-4e18-8e94-5704bebcaa08,different_values,468,department/state,Conakry,Guerguerat,conakry,guerguerat
381463c1-0607-4e18-8e94-5704bebcaa08,different_values,468,municipality/port,Conakry,,conakry,
381463c1-0607-4e18-8e94-5704bebcaa08,different_values,468,description,Airport security services uncovered 5.2 kg of cocaine belonging to a Portuguese national named PC Djau," search operations led to the discovery of this drug shipment, which was hidden in the fuel tank of an international freight truck registered in Morocco, arriving from a sub-Saharan African country. ",airport security services uncovered 52 kg of cocaine belonging to a portuguese national named pc djau,search operations led to the discovery of this drug shipment which was hidden in the fuel tank of an international freight truck registered in morocco arriving from a sub-saharan african country
381463c1-0607-4e18-8e94-5704bebcaa08,different_values,468,source_link,https://guineenews.org/2025/06/22/aeroport-de-conakry-saisie-de-52-kg-de-cocaine-sur-un-portugais/,https://ledesk.ma/encontinu/plus-de-90-kg-de-cocaine-saisis-a-el-guergarat/,https://guineenewsorg/2025/06/22/aeroport-de-conakry-saisie-de-52-kg-de-cocaine-sur-un-portugais/,https://ledeskma/encontinu/plus-de-90-kg-de-cocaine-saisis-a-el-guergarat/
381463c1-0607-4e18-8e94-5704bebcaa08,different_values,468,archived_link,Archived Link - Guinea,Archived Link - Morocco,archived link - guinea,archived link - morocco
dcbf8803-461c-4a0c-b95b-2fdbe3ff3678,different_values,469,date_1,2025-06-25,2025-06-22 00:00:00,2025-06-25,2025-06-22 00:00:00
dcbf8803-461c-4a0c-b95b-2fdbe3ff3678,different_values,469,day,25,22,25,22
dcbf8803-461c-4a0c-b95b-2fdbe3ff3678,different_values,469,quantity,206.0,5.2,2060,52
dcbf8803-461c-4a0c-b95b-2fdbe3ff3678,different_values,469,modus_operandi/place_seizure,Land,Air,land,air
dcbf8803-461c-4a0c-b95b-2fdbe3ff3678,different_values,469,region,South America,Africa,south america,africa
dcbf8803-461c-4a0c-b95b-2fdbe3ff3678,different_values,469,country,Brazil,Guinea,brazil,guinea
dcbf8803-461c-4a0c-b95b-2fdbe3ff3678,different_values,469,department/state,Mato Grosso,Conakry,mato grosso,conakry
dcbf8803-461c-4a0c-b95b-2fdbe3ff3678,different_values,469,municipality/port,Barra do Garças,Conakry,barra do garças,conakry
dcbf8803-461c-4a0c-b95b-2fdbe3ff3678,different_values,469,description,Federal Highway Police seized more than 200 kilos of cocaine base paste transported in a hidden compartment of a cattle truck,Airport security services uncovered 5.2 kg of cocaine belonging to a Portuguese national named PC Djau,federal highway police seized more than 200 kilos of cocaine base paste transported in a hidden compartment of a cattle truck,airport security services uncovered 52 kg of cocaine belonging to a portuguese national named pc djau
dcbf8803-461c-4a0c-b95b-2fdbe3ff3678,different_values,469,source_link,https://www.gov.br/prf/pt-br/noticias/estaduais/mato-grosso/prf-apreende-mais-de-200-kg-de-pasta-base-de-cocaina-em-barra-do-garcas-mt,https://guineenews.org/2025/06/22/aeroport-de-conakry-saisie-de-52-kg-de-cocaine-sur-un-portugais/,https://wwwgovbr/prf/pt-br/noticias/estaduais/mato-grosso/prf-apreende-mais-de-200-kg-de-pasta-base-de-cocaina-em-barra-do-garcas-mt,https://guineenewsorg/2025/06/22/aeroport-de-conakry-saisie-de-52-kg-de-cocaine-sur-un-portugais/
dcbf8803-461c-4a0c-b95b-2fdbe3ff3678,different_values,469,archived_link,Archived Link - Brazil,Archived Link - Guinea,archived link - brazil,archived link - guinea
a170d6d0-a361-4f5b-afbe-a82dcb4586c7,different_values,470,date_1,2025-06-25,2025-06-25 00:00:00,2025-06-25,2025-06-25 00:00:00
a170d6d0-a361-4f5b-afbe-a82dcb4586c7,different_values,470,quantity,4.9,206.0,49,2060
a170d6d0-a361-4f5b-afbe-a82dcb4586c7,different_values,470,modus_operandi/place_seizure,Air,Land,air,land
a170d6d0-a361-4f5b-afbe-a82dcb4586c7,different_values,470,country,Chile,Brazil,chile,brazil
a170d6d0-a361-4f5b-afbe-a82dcb4586c7,different_values,470,department/state,,Mato Grosso,,mato grosso
a170d6d0-a361-4f5b-afbe-a82dcb4586c7,different_values,470,municipality/port,,Barra do Garças,,barra do garças
a170d6d0-a361-4f5b-afbe-a82dcb4586c7,different_values,470,destination_1_region,Australia,,australia,
a170d6d0-a361-4f5b-afbe-a82dcb4586c7,different_values,470,destination_1_country,Australia,,australia,
a170d6d0-a361-4f5b-afbe-a82dcb4586c7,different_values,470,description,Customs officials managed to prevent the departure of an electric guitar filled with cocaine that was being shipped to Australia. ,Federal Highway Police seized more than 200 kilos of cocaine base paste transported in a hidden compartment of a cattle truck,customs officials managed to prevent the departure of an electric guitar filled with cocaine that was being shipped to australia,federal highway police seized more than 200 kilos of cocaine base paste transported in a hidden compartment of a cattle truck
a170d6d0-a361-4f5b-afbe-a82dcb4586c7,different_values,470,source_link,https://www.cnnchile.com/pais/evitan-salida-de-guitarra-electrica-llena-de-cocaina-en-encomienda-con-destino-a-australia_20250625/,https://www.gov.br/prf/pt-br/noticias/estaduais/mato-grosso/prf-apreende-mais-de-200-kg-de-pasta-base-de-cocaina-em-barra-do-garcas-mt,https://wwwcnnchilecom/pais/evitan-salida-de-guitarra-electrica-llena-de-cocaina-en-encomienda-con-destino-a-australia_20250625/,https://wwwgovbr/prf/pt-br/noticias/estaduais/mato-grosso/prf-apreende-mais-de-200-kg-de-pasta-base-de-cocaina-em-barra-do-garcas-mt
a170d6d0-a361-4f5b-afbe-a82dcb4586c7,different_values,470,archived_link,Archived Link - Chile,Archived Link - Brazil,archived link - chile,archived link - brazil
d77d506d-b06d-47fa-9736-f2ba79e5a0eb,different_values,471,date_1,2025-06-25,2025-06-25 00:00:00,2025-06-25,2025-06-25 00:00:00
d77d506d-b06d-47fa-9736-f2ba79e5a0eb,different_values,471,quantity,524.0,4.9,5240,49
d77d506d-b06d-47fa-9736-f2ba79e5a0eb,different_values,471,modus_operandi/place_seizure,Maritime vessel,Air,maritime vessel,air
d77d506d-b06d-47fa-9736-f2ba79e5a0eb,different_values,471,region,Caribbean,South America,caribbean,south america
d77d506d-b06d-47fa-9736-f2ba79e5a0eb,different_values,471,country,Puerto Rico,Chile,puerto rico,chile
d77d506d-b06d-47fa-9736-f2ba79e5a0eb,different_values,471,municipality/port,Cabo Rojo,,cabo rojo,
d77d506d-b06d-47fa-9736-f2ba79e5a0eb,different_values,471,destination_1_region,,Australia,,australia
d77d506d-b06d-47fa-9736-f2ba79e5a0eb,different_values,471,destination_1_country,Puerto Rico,Australia,puerto rico,australia
d77d506d-b06d-47fa-9736-f2ba79e5a0eb,different_values,471,description,"authorities intercepted a vessel carrying 524 kilograms of cocaine and arrested three Dominican nationals on board near the southwest coast of Puerto Rico, Customs and Border Protection (CBP) reported Wednesday. ",Customs officials managed to prevent the departure of an electric guitar filled with cocaine that was being shipped to Australia. ,authorities intercepted a vessel carrying 524 kilograms of cocaine and arrested three dominican nationals on board near the southwest coast of puerto rico customs and border protection (cbp) reported wednesday,customs officials managed to prevent the departure of an electric guitar filled with cocaine that was being shipped to australia
d77d506d-b06d-47fa-9736-f2ba79e5a0eb,different_values,471,source_link,https://elnuevodiario.com.do/incautan-524-kilos-de-cocaina-y-arrestan-a-tres-dominicanos-en-aguas-de-puerto-rico/,https://www.cnnchile.com/pais/evitan-salida-de-guitarra-electrica-llena-de-cocaina-en-encomienda-con-destino-a-australia_20250625/,https://elnuevodiariocomdo/incautan-524-kilos-de-cocaina-y-arrestan-a-tres-dominicanos-en-aguas-de-puerto-rico/,https://wwwcnnchilecom/pais/evitan-salida-de-guitarra-electrica-llena-de-cocaina-en-encomienda-con-destino-a-australia_20250625/
d77d506d-b06d-47fa-9736-f2ba79e5a0eb,different_values,471,archived_link,Archived Link - Puerto Rico,Archived Link - Chile,archived link - puerto rico,archived link - chile
f1cf311c-0394-4b58-9081-d7d2f2d91f4e,different_values,472,date_1,2025-06-25,2025-06-25 00:00:00,2025-06-25,2025-06-25 00:00:00
f1cf311c-0394-4b58-9081-d7d2f2d91f4e,different_values,472,quantity,47.0,524.0,470,5240
f1cf311c-0394-4b58-9081-d7d2f2d91f4e,different_values,472,municipality/port,Isabela,Cabo Rojo,isabela,cabo rojo
f1cf311c-0394-4b58-9081-d7d2f2d91f4e,different_values,472,destination_1_country,,Puerto Rico,,puerto rico
f1cf311c-0394-4b58-9081-d7d2f2d91f4e,different_values,472,description,"Puerto Rican police found a shipment of 47 kilograms of cocaine, valued at $516,000, inside a boat at the Villa Pesquera Beach ramp in Isabela","authorities intercepted a vessel carrying 524 kilograms of cocaine and arrested three Dominican nationals on board near the southwest coast of Puerto Rico, Customs and Border Protection (CBP) reported Wednesday. ",puerto rican police found a shipment of 47 kilograms of cocaine valued at $516000 inside a boat at the villa pesquera beach ramp in isabela,authorities intercepted a vessel carrying 524 kilograms of cocaine and arrested three dominican nationals on board near the southwest coast of puerto rico customs and border protection (cbp) reported wednesday
f1cf311c-0394-4b58-9081-d7d2f2d91f4e,different_values,472,source_link,https://elnacional.com.do/hallan-47-kilos-de-cocaina-en-puerto-rico/,https://elnuevodiario.com.do/incautan-524-kilos-de-cocaina-y-arrestan-a-tres-dominicanos-en-aguas-de-puerto-rico/,https://elnacionalcomdo/hallan-47-kilos-de-cocaina-en-puerto-rico/,https://elnuevodiariocomdo/incautan-524-kilos-de-cocaina-y-arrestan-a-tres-dominicanos-en-aguas-de-puerto-rico/
15f0d858-4a96-4aa9-a999-9d4f53708801,different_values,473,date_1,2025-06-19,2025-06-25 00:00:00,2025-06-19,2025-06-25 00:00:00
15f0d858-4a96-4aa9-a999-9d4f53708801,different_values,473,day,19,25,19,25
15f0d858-4a96-4aa9-a999-9d4f53708801,different_values,473,quantity,45.0,47.0,450,470
15f0d858-4a96-4aa9-a999-9d4f53708801,different_values,473,modus_operandi/place_seizure,Land,Maritime vessel,land,maritime vessel
15f0d858-4a96-4aa9-a999-9d4f53708801,different_values,473,region,Europe,Caribbean,europe,caribbean
15f0d858-4a96-4aa9-a999-9d4f53708801,different_values,473,country,Spain,Puerto Rico,spain,puerto rico
15f0d858-4a96-4aa9-a999-9d4f53708801,different_values,473,department/state,Badajoz,,badajoz,
15f0d858-4a96-4aa9-a999-9d4f53708801,different_values,473,municipality/port,Badajoz,Isabela,badajoz,isabela
15f0d858-4a96-4aa9-a999-9d4f53708801,different_values,473,description,"Spanish authorities dismantled a cocaine-cooking laboratory in Badajoz, where they found around 100 drums of chemicals used for its production, more than 45 kilos of the substance for sale, and another 20 kilos in the preparation stage. ","Puerto Rican police found a shipment of 47 kilograms of cocaine, valued at $516,000, inside a boat at the Villa Pesquera Beach ramp in Isabela",spanish authorities dismantled a cocaine-cooking laboratory in badajoz where they found around 100 drums of chemicals used for its production more than 45 kilos of the substance for sale and another 20 kilos in the preparation stage,puerto rican police found a shipment of 47 kilograms of cocaine valued at $516000 inside a boat at the villa pesquera beach ramp in isabela
15f0d858-4a96-4aa9-a999-9d4f53708801,different_values,473,source_link,https://www.eldiario.es/extremadura/sociedad/laboratorio-desmantelado-badajoz-45-kilos-cocaina-20-fase-cocinado_1_12413796.html,https://elnacional.com.do/hallan-47-kilos-de-cocaina-en-puerto-rico/,https://wwweldiarioes/extremadura/sociedad/laboratorio-desmantelado-badajoz-45-kilos-cocaina-20-fase-cocinado_1_12413796html,https://elnacionalcomdo/hallan-47-kilos-de-cocaina-en-puerto-rico/
15f0d858-4a96-4aa9-a999-9d4f53708801,different_values,473,archived_link,Archived Link - Spain,Archived Link - Puerto Rico,archived link - spain,archived link - puerto rico
64635687-99b0-4ea7-8620-3790e5bfd6da,different_values,474,date_1,2025-06-27,2025-06-19 00:00:00,2025-06-27,2025-06-19 00:00:00
64635687-99b0-4ea7-8620-3790e5bfd6da,different_values,474,day,27,19,27,19
64635687-99b0-4ea7-8620-3790e5bfd6da,different_values,474,quantity,3500.0,45.0,35000,450
64635687-99b0-4ea7-8620-3790e5bfd6da,different_values,474,modus_operandi/place_seizure,Maritime vessel,Land,maritime vessel,land
64635687-99b0-4ea7-8620-3790e5bfd6da,different_values,474,region,North America,Europe,north america,europe
64635687-99b0-4ea7-8620-3790e5bfd6da,different_values,474,country,Mexico,Spain,mexico,spain
64635687-99b0-4ea7-8620-3790e5bfd6da,different_values,474,department/state,Guerrero,Badajoz,guerrero,badajoz
64635687-99b0-4ea7-8620-3790e5bfd6da,different_values,474,municipality/port,,Badajoz,,badajoz
64635687-99b0-4ea7-8620-3790e5bfd6da,different_values,474,description,"The Mexican Navy arrested three foreigners and seized a semi-submersible with more than 3.5 tons of cocaine off the coast of the western state of Guerrero,","Spanish authorities dismantled a cocaine-cooking laboratory in Badajoz, where they found around 100 drums of chemicals used for its production, more than 45 kilos of the substance for sale, and another 20 kilos in the preparation stage. ",the mexican navy arrested three foreigners and seized a semi-submersible with more than 35 tons of cocaine off the coast of the western state of guerrero,spanish authorities dismantled a cocaine-cooking laboratory in badajoz where they found around 100 drums of chemicals used for its production more than 45 kilos of the substance for sale and another 20 kilos in the preparation stage
64635687-99b0-4ea7-8620-3790e5bfd6da,different_values,474,source_link,https://www.prensa-latina.cu/2025/06/27/mexico-incauta-semisumergible-con-mas-de-35-toneladas-de-cocaina/,https://www.eldiario.es/extremadura/sociedad/laboratorio-desmantelado-badajoz-45-kilos-cocaina-20-fase-cocinado_1_12413796.html,https://wwwprensa-latinacu/2025/06/27/mexico-incauta-semisumergible-con-mas-de-35-toneladas-de-cocaina/,https://wwweldiarioes/extremadura/sociedad/laboratorio-desmantelado-badajoz-45-kilos-cocaina-20-fase-cocinado_1_12413796html
64635687-99b0-4ea7-8620-3790e5bfd6da,different_values,474,archived_link,Archived Link - Mexico,Archived Link - Spain,archived link - mexico,archived link - spain
89a09c37-a659-4466-80d7-964108f4f3f4,different_values,475,date_1,2025-06-25,2025-06-27 00:00:00,2025-06-25,2025-06-27 00:00:00
89a09c37-a659-4466-80d7-964108f4f3f4,different_values,475,day,25,27,25,27
89a09c37-a659-4466-80d7-964108f4f3f4,different_values,475,quantity,54.0,3500.0,540,35000
89a09c37-a659-4466-80d7-964108f4f3f4,different_values,475,modus_operandi/place_seizure,Container,Maritime vessel,container,maritime vessel
89a09c37-a659-4466-80d7-964108f4f3f4,different_values,475,region,South America,North America,south america,north america
89a09c37-a659-4466-80d7-964108f4f3f4,different_values,475,country,Colombia,Mexico,colombia,mexico
89a09c37-a659-4466-80d7-964108f4f3f4,different_values,475,department/state,Magdalena,Guerrero,magdalena,guerrero
89a09c37-a659-4466-80d7-964108f4f3f4,different_values,475,municipality/port,Santa Marta,,santa marta,
89a09c37-a659-4466-80d7-964108f4f3f4,different_values,475,destination_1_region,Europe,,europe,
89a09c37-a659-4466-80d7-964108f4f3f4,different_values,475,destination_1_country,Belgium,,belgium,
89a09c37-a659-4466-80d7-964108f4f3f4,different_values,475,destination_1_department/state,Antwerp,,antwerp,
89a09c37-a659-4466-80d7-964108f4f3f4,different_values,475,description,Police  arrested three people inside the Santa Marta Port Authority who were allegedly contaminating refrigerated containers with cocaine,"The Mexican Navy arrested three foreigners and seized a semi-submersible with more than 3.5 tons of cocaine off the coast of the western state of Guerrero,",police  arrested three people inside the santa marta port authority who were allegedly contaminating refrigerated containers with cocaine,the mexican navy arrested three foreigners and seized a semi-submersible with more than 35 tons of cocaine off the coast of the western state of guerrero
89a09c37-a659-4466-80d7-964108f4f3f4,different_values,475,source_link,https://www.wradio.com.co/2025/06/26/incautan-54-kilogramos-de-cocaina-en-el-puerto-de-santa-marta/,https://www.prensa-latina.cu/2025/06/27/mexico-incauta-semisumergible-con-mas-de-35-toneladas-de-cocaina/,https://wwwwradiocomco/2025/06/26/incautan-54-kilogramos-de-cocaina-en-el-puerto-de-santa-marta/,https://wwwprensa-latinacu/2025/06/27/mexico-incauta-semisumergible-con-mas-de-35-toneladas-de-cocaina/
89a09c37-a659-4466-80d7-964108f4f3f4,different_values,475,archived_link,Archived Link - Colombia,Archived Link - Mexico,archived link - colombia,archived link - mexico
720f7014-6b65-4688-b922-11425e03b927,different_values,476,date_1,2025-06-27,2025-06-25 00:00:00,2025-06-27,2025-06-25 00:00:00
720f7014-6b65-4688-b922-11425e03b927,different_values,476,day,27,25,27,25
720f7014-6b65-4688-b922-11425e03b927,different_values,476,quantity,317.0,54.0,3170,540
720f7014-6b65-4688-b922-11425e03b927,different_values,476,country,Peru,Colombia,peru,colombia
720f7014-6b65-4688-b922-11425e03b927,different_values,476,department/state,Callao,Magdalena,callao,magdalena
720f7014-6b65-4688-b922-11425e03b927,different_values,476,municipality/port,Callao,Santa Marta,callao,santa marta
720f7014-6b65-4688-b922-11425e03b927,different_values,476,destination_1_country,,Belgium,,belgium
720f7014-6b65-4688-b922-11425e03b927,different_values,476,destination_1_department/state,,Antwerp,,antwerp
720f7014-6b65-4688-b922-11425e03b927,different_values,476,description,"317.88 kilos of high-purity cocaine hydrochloride, which were hidden in 270 brick-shaped packages. According to the investigation, the shipment was destined for European countries,",Police  arrested three people inside the Santa Marta Port Authority who were allegedly contaminating refrigerated containers with cocaine,31788 kilos of high-purity cocaine hydrochloride which were hidden in 270 brick-shaped packages according to the investigation the shipment was destined for european countries,police  arrested three people inside the santa marta port authority who were allegedly contaminating refrigerated containers with cocaine
720f7014-6b65-4688-b922-11425e03b927,different_values,476,source_link,https://caretas.pe/nacional/incautan-317-kilos-de-cocaina-en-el-callao-de-una-red-vinculada-al-cartel-de-sinaloa/,https://www.wradio.com.co/2025/06/26/incautan-54-kilogramos-de-cocaina-en-el-puerto-de-santa-marta/,https://caretaspe/nacional/incautan-317-kilos-de-cocaina-en-el-callao-de-una-red-vinculada-al-cartel-de-sinaloa/,https://wwwwradiocomco/2025/06/26/incautan-54-kilogramos-de-cocaina-en-el-puerto-de-santa-marta/
720f7014-6b65-4688-b922-11425e03b927,different_values,476,archived_link,Archived Link - Peru,Archived Link - Colombia,archived link - peru,archived link - colombia
47f4f0d7-6292-4c14-b2b5-d09fd8b897ae,different_values,477,date_1,2025-06-26,2025-06-27 00:00:00,2025-06-26,2025-06-27 00:00:00
47f4f0d7-6292-4c14-b2b5-d09fd8b897ae,different_values,477,day,26,27,26,27
47f4f0d7-6292-4c14-b2b5-d09fd8b897ae,different_values,477,quantity,1405.0,317.0,14050,3170
47f4f0d7-6292-4c14-b2b5-d09fd8b897ae,different_values,477,modus_operandi/place_seizure,Land,Container,land,container
47f4f0d7-6292-4c14-b2b5-d09fd8b897ae,different_values,477,country,Colombia,Peru,colombia,peru
47f4f0d7-6292-4c14-b2b5-d09fd8b897ae,different_values,477,department/state,Putumayo,Callao,putumayo,callao
47f4f0d7-6292-4c14-b2b5-d09fd8b897ae,different_values,477,municipality/port,Valle del Guamuez,Callao,valle del guamuez,callao
47f4f0d7-6292-4c14-b2b5-d09fd8b897ae,different_values,477,destination_1_region,,Europe,,europe
47f4f0d7-6292-4c14-b2b5-d09fd8b897ae,different_values,477,description,"The Army destroyed the Border Commandos' mega cocaine lab in Putumayo, seized 1,405 kilograms of cocaine hydrochloride, 15,510 gallons of liquid ingredients, 250 kilograms of solid ingredients","317.88 kilos of high-purity cocaine hydrochloride, which were hidden in 270 brick-shaped packages. According to the investigation, the shipment was destined for European countries,",the army destroyed the border commandos' mega cocaine lab in putumayo seized 1405 kilograms of cocaine hydrochloride 15510 gallons of liquid ingredients 250 kilograms of solid ingredients,31788 kilos of high-purity cocaine hydrochloride which were hidden in 270 brick-shaped packages according to the investigation the shipment was destined for european countries
47f4f0d7-6292-4c14-b2b5-d09fd8b897ae,different_values,477,criminal_group_1,Border Command,,border command,
47f4f0d7-6292-4c14-b2b5-d09fd8b897ae,different_values,477,source_link,https://www.lafm.com.co/colombia/ejercito-destruyo-megalaboratorio-de-cocaina-de-los-comandos-de-frontera-en-putumayo,https://caretas.pe/nacional/incautan-317-kilos-de-cocaina-en-el-callao-de-una-red-vinculada-al-cartel-de-sinaloa/,https://wwwlafmcomco/colombia/ejercito-destruyo-megalaboratorio-de-cocaina-de-los-comandos-de-frontera-en-putumayo,https://caretaspe/nacional/incautan-317-kilos-de-cocaina-en-el-callao-de-una-red-vinculada-al-cartel-de-sinaloa/
47f4f0d7-6292-4c14-b2b5-d09fd8b897ae,different_values,477,archived_link,Archived Link - Colombia,Archived Link - Peru,archived link - colombia,archived link - peru
1f4ebca6-288f-4a4b-a62d-e1ed30d519ee,different_values,478,date_1,2025-06-21,2025-06-26 00:00:00,2025-06-21,2025-06-26 00:00:00
1f4ebca6-288f-4a4b-a62d-e1ed30d519ee,different_values,478,day,21,26,21,26
1f4ebca6-288f-4a4b-a62d-e1ed30d519ee,different_values,478,quantity,6.0,1405.0,60,14050
1f4ebca6-288f-4a4b-a62d-e1ed30d519ee,different_values,478,modus_operandi/place_seizure,Air,Land,air,land
1f4ebca6-288f-4a4b-a62d-e1ed30d519ee,different_values,478,region,Oceania,South America,oceania,south america
1f4ebca6-288f-4a4b-a62d-e1ed30d519ee,different_values,478,country,New Zealand,Colombia,new zealand,colombia
1f4ebca6-288f-4a4b-a62d-e1ed30d519ee,different_values,478,department/state,,Putumayo,,putumayo
1f4ebca6-288f-4a4b-a62d-e1ed30d519ee,different_values,478,municipality/port,,Valle del Guamuez,,valle del guamuez
1f4ebca6-288f-4a4b-a62d-e1ed30d519ee,different_values,478,description,Two Chilean brothers were arrested at an Auckland hotel overnight after allegedly importing about 6 kilograms of cocaine into New Zealand. ,"The Army destroyed the Border Commandos' mega cocaine lab in Putumayo, seized 1,405 kilograms of cocaine hydrochloride, 15,510 gallons of liquid ingredients, 250 kilograms of solid ingredients",two chilean brothers were arrested at an auckland hotel overnight after allegedly importing about 6 kilograms of cocaine into new zealand,the army destroyed the border commandos' mega cocaine lab in putumayo seized 1405 kilograms of cocaine hydrochloride 15510 gallons of liquid ingredients 250 kilograms of solid ingredients
1f4ebca6-288f-4a4b-a62d-e1ed30d519ee,different_values,478,criminal_group_1,,Border Command,,border command
1f4ebca6-288f-4a4b-a62d-e1ed30d519ee,different_values,478,source_link,https://www.nzherald.co.nz/nz/auckland-hotel-raid-6kg-of-cocaine-seized-two-brothers-arrested/NIT2VPZRHRGWHH5A2J6ADUMXMM/,https://www.lafm.com.co/colombia/ejercito-destruyo-megalaboratorio-de-cocaina-de-los-comandos-de-frontera-en-putumayo,https://wwwnzheraldconz/nz/auckland-hotel-raid-6kg-of-cocaine-seized-two-brothers-arrested/nit2vpzrhrgwhh5a2j6adumxmm/,https://wwwlafmcomco/colombia/ejercito-destruyo-megalaboratorio-de-cocaina-de-los-comandos-de-frontera-en-putumayo
1f4ebca6-288f-4a4b-a62d-e1ed30d519ee,different_values,478,archived_link,Archived Link - New Zealand,Archived Link - Colombia,archived link - new zealand,archived link - colombia
424db994-8616-47c6-8f6f-5d18896ca56e,different_values,479,date_1,2025-06-28,2025-06-21 00:00:00,2025-06-28,2025-06-21 00:00:00
424db994-8616-47c6-8f6f-5d18896ca56e,different_values,479,day,28,21,28,21
424db994-8616-47c6-8f6f-5d18896ca56e,different_values,479,quantity,3500.0,6.0,35000,60
424db994-8616-47c6-8f6f-5d18896ca56e,different_values,479,modus_operandi/place_seizure,Maritime vessel,Air,maritime vessel,air
424db994-8616-47c6-8f6f-5d18896ca56e,different_values,479,sub_modus_operandi,Semi-submersible,,semi-submersible,
424db994-8616-47c6-8f6f-5d18896ca56e,different_values,479,region,North America,Oceania,north america,oceania
424db994-8616-47c6-8f6f-5d18896ca56e,different_values,479,country,Mexico,New Zealand,mexico,new zealand
424db994-8616-47c6-8f6f-5d18896ca56e,different_values,479,department/state,Guerrero,,guerrero,
424db994-8616-47c6-8f6f-5d18896ca56e,different_values,479,description,"Efectivos navales aseguraron en costas de Guerrero un semisumergible en el que se transportaban 3.5 toneladas de cocaína, con lo que autoridades federales estiman que se ocasionó una afectación de 846 millones 552 mil pesos y se evitó que 7 millones 200 mil dosis llegaran a la sociedad.",Two Chilean brothers were arrested at an Auckland hotel overnight after allegedly importing about 6 kilograms of cocaine into New Zealand. ,efectivos navales aseguraron en costas de guerrero un semisumergible en el que se transportaban 35 toneladas de cocaína con lo que autoridades federales estiman que se ocasionó una afectación de 846 millones 552 mil pesos y se evitó que 7 millones 200 mil dosis llegaran a la sociedad,two chilean brothers were arrested at an auckland hotel overnight after allegedly importing about 6 kilograms of cocaine into new zealand
424db994-8616-47c6-8f6f-5d18896ca56e,different_values,479,source_link,https://www.jornada.com.mx/noticia/2025/06/28/politica/decomisan-sumergible-con-35-toneladas-de-cocaina,https://www.nzherald.co.nz/nz/auckland-hotel-raid-6kg-of-cocaine-seized-two-brothers-arrested/NIT2VPZRHRGWHH5A2J6ADUMXMM/,https://wwwjornadacommx/noticia/2025/06/28/politica/decomisan-sumergible-con-35-toneladas-de-cocaina,https://wwwnzheraldconz/nz/auckland-hotel-raid-6kg-of-cocaine-seized-two-brothers-arrested/nit2vpzrhrgwhh5a2j6adumxmm/
424db994-8616-47c6-8f6f-5d18896ca56e,different_values,479,archived_link,Archived Link - Mexico,Archived Link - New Zealand,archived link - mexico,archived link - new zealand
60c0a43d-4441-4209-ae60-cbd399a0bf57,different_values,480,date_1,2025-06-27,2025-06-28 00:00:00,2025-06-27,2025-06-28 00:00:00
60c0a43d-4441-4209-ae60-cbd399a0bf57,different_values,480,day,27,28,27,28
60c0a43d-4441-4209-ae60-cbd399a0bf57,different_values,480,quantity,3515.0,3500.0,35150,35000
60c0a43d-4441-4209-ae60-cbd399a0bf57,different_values,480,sub_modus_operandi,,Semi-submersible,,semi-submersible
60c0a43d-4441-4209-ae60-cbd399a0bf57,different_values,480,region,Caribbean,North America,caribbean,north america
60c0a43d-4441-4209-ae60-cbd399a0bf57,different_values,480,country,Aruba,Mexico,aruba,mexico
60c0a43d-4441-4209-ae60-cbd399a0bf57,different_values,480,department/state,,Guerrero,,guerrero
60c0a43d-4441-4209-ae60-cbd399a0bf57,different_values,480,origin_country,Colombia,,colombia,
60c0a43d-4441-4209-ae60-cbd399a0bf57,different_values,480,origin_area,La Guajira,,la guajira,
60c0a43d-4441-4209-ae60-cbd399a0bf57,different_values,480,destination_1_region,Europe,,europe,
60c0a43d-4441-4209-ae60-cbd399a0bf57,different_values,480,destination_2_country,United States,,united states,
60c0a43d-4441-4209-ae60-cbd399a0bf57,different_values,480,description,"Una operación conjunta entre la Policía de Colombia, el Buró Federal de Investigaciones (FBI) de Estados Unidos y las autoridades dominicanas culminó con la incautación de más de 3.5 toneladas de cocaína, que eran trasladadas en una lancha rápida interceptada en aguas internacionales próximas a la isla de Aruba, según informó este viernes el director de la Policía colombiana, general Carlos Fernando Triana.","Efectivos navales aseguraron en costas de Guerrero un semisumergible en el que se transportaban 3.5 toneladas de cocaína, con lo que autoridades federales estiman que se ocasionó una afectación de 846 millones 552 mil pesos y se evitó que 7 millones 200 mil dosis llegaran a la sociedad.",una operación conjunta entre la policía de colombia el buró federal de investigaciones (fbi) de estados unidos y las autoridades dominicanas culminó con la incautación de más de 35 toneladas de cocaína que eran trasladadas en una lancha rápida interceptada en aguas internacionales próximas a la isla de aruba según informó este viernes el director de la policía colombiana general carlos fernando triana,efectivos navales aseguraron en costas de guerrero un semisumergible en el que se transportaban 35 toneladas de cocaína con lo que autoridades federales estiman que se ocasionó una afectación de 846 millones 552 mil pesos y se evitó que 7 millones 200 mil dosis llegaran a la sociedad
60c0a43d-4441-4209-ae60-cbd399a0bf57,different_values,480,criminal_group_1,Clan del Golfo,,clan del golfo,
60c0a43d-4441-4209-ae60-cbd399a0bf57,different_values,480,source_link,https://elnacional.com.do/rd-colombia-y-fbi-incautan-3-5-toneladas-cocaina/,https://www.jornada.com.mx/noticia/2025/06/28/politica/decomisan-sumergible-con-35-toneladas-de-cocaina,https://elnacionalcomdo/rd-colombia-y-fbi-incautan-3-5-toneladas-cocaina/,https://wwwjornadacommx/noticia/2025/06/28/politica/decomisan-sumergible-con-35-toneladas-de-cocaina
60c0a43d-4441-4209-ae60-cbd399a0bf57,different_values,480,archived_link,Archived Link - Aruba,Archived Link - Mexico,archived link - aruba,archived link - mexico
9f8bfee8-3e1b-47ed-adf4-4da34538ae5d,different_values,481,date_1,2025-06-30,2025-06-27 00:00:00,2025-06-30,2025-06-27 00:00:00
9f8bfee8-3e1b-47ed-adf4-4da34538ae5d,different_values,481,day,30,27,30,27
9f8bfee8-3e1b-47ed-adf4-4da34538ae5d,different_values,481,quantity,2.55,3515.0,255,35150
9f8bfee8-3e1b-47ed-adf4-4da34538ae5d,different_values,481,modus_operandi/place_seizure,Land,Maritime vessel,land,maritime vessel
9f8bfee8-3e1b-47ed-adf4-4da34538ae5d,different_values,481,region,South America,Caribbean,south america,caribbean
9f8bfee8-3e1b-47ed-adf4-4da34538ae5d,different_values,481,country,Argentina,Aruba,argentina,aruba
9f8bfee8-3e1b-47ed-adf4-4da34538ae5d,different_values,481,department/state,Tucumán,,tucumán,
9f8bfee8-3e1b-47ed-adf4-4da34538ae5d,different_values,481,origin_country,Bolivia,Colombia,bolivia,colombia
9f8bfee8-3e1b-47ed-adf4-4da34538ae5d,different_values,481,origin_area,,La Guajira,,la guajira
9f8bfee8-3e1b-47ed-adf4-4da34538ae5d,different_values,481,destination_1_region,,Europe,,europe
9f8bfee8-3e1b-47ed-adf4-4da34538ae5d,different_values,481,destination_2_country,,United States,,united states
9f8bfee8-3e1b-47ed-adf4-4da34538ae5d,different_values,481,description,"Tres ciudadanos bolivianos quedaron detenidos por ingerir 235 cápsulas con cocaína. Viajaban en un transporte público de pasajeros desde Jujuy hacia San Juan. Al momento del control, los funcionarios notaron que los individuos presentaban un estado de nerviosismo. Fueron trasladados hacia el nosocomio local, donde quedaron internados y evacuaron un total de 2 kilos 554 gramos del estupefaciente.","Una operación conjunta entre la Policía de Colombia, el Buró Federal de Investigaciones (FBI) de Estados Unidos y las autoridades dominicanas culminó con la incautación de más de 3.5 toneladas de cocaína, que eran trasladadas en una lancha rápida interceptada en aguas internacionales próximas a la isla de Aruba, según informó este viernes el director de la Policía colombiana, general Carlos Fernando Triana.",tres ciudadanos bolivianos quedaron detenidos por ingerir 235 cápsulas con cocaína viajaban en un transporte público de pasajeros desde jujuy hacia san juan al momento del control los funcionarios notaron que los individuos presentaban un estado de nerviosismo fueron trasladados hacia el nosocomio local donde quedaron internados y evacuaron un total de 2 kilos 554 gramos del estupefaciente,una operación conjunta entre la policía de colombia el buró federal de investigaciones (fbi) de estados unidos y las autoridades dominicanas culminó con la incautación de más de 35 toneladas de cocaína que eran trasladadas en una lancha rápida interceptada en aguas internacionales próximas a la isla de aruba según informó este viernes el director de la policía colombiana general carlos fernando triana
9f8bfee8-3e1b-47ed-adf4-4da34538ae5d,different_values,481,criminal_group_1,,Clan del Golfo,,clan del golfo
9f8bfee8-3e1b-47ed-adf4-4da34538ae5d,different_values,481,source_link,https://www.argentina.gob.ar/noticias/tucuman-tres-ciudadanos-bolivianos-quedaron-detenidos-por-ingerir-235-capsulas-con-cocaina,https://elnacional.com.do/rd-colombia-y-fbi-incautan-3-5-toneladas-cocaina/,https://wwwargentinagobar/noticias/tucuman-tres-ciudadanos-bolivianos-quedaron-detenidos-por-ingerir-235-capsulas-con-cocaina,https://elnacionalcomdo/rd-colombia-y-fbi-incautan-3-5-toneladas-cocaina/
9f8bfee8-3e1b-47ed-adf4-4da34538ae5d,different_values,481,archived_link,Archived Link - Argentina,Archived Link - Aruba,archived link - argentina,archived link - aruba
28bdcd55-bddd-40b5-a5b9-461441a08aca,different_values,482,date_1,2025-06-27,2025-06-30 00:00:00,2025-06-27,2025-06-30 00:00:00
28bdcd55-bddd-40b5-a5b9-461441a08aca,different_values,482,day,27,30,27,30
28bdcd55-bddd-40b5-a5b9-461441a08aca,different_values,482,quantity,22.7,2.55,227,255
28bdcd55-bddd-40b5-a5b9-461441a08aca,different_values,482,region,North America,South America,north america,south america
28bdcd55-bddd-40b5-a5b9-461441a08aca,different_values,482,country,United States,Argentina,united states,argentina
28bdcd55-bddd-40b5-a5b9-461441a08aca,different_values,482,department/state,Texas,Tucumán,texas,tucumán
28bdcd55-bddd-40b5-a5b9-461441a08aca,different_values,482,municipality/port,Hidalgo,,hidalgo,
28bdcd55-bddd-40b5-a5b9-461441a08aca,different_values,482,origin_country,,Bolivia,,bolivia
28bdcd55-bddd-40b5-a5b9-461441a08aca,different_values,482,transit_1_region,North America,,north america,
28bdcd55-bddd-40b5-a5b9-461441a08aca,different_values,482,transit_1_country,Mexico,,mexico,
28bdcd55-bddd-40b5-a5b9-461441a08aca,different_values,482,description,"On June 27, CBP officers at the Hidalgo International Bridge encountered a white Ford SUV attempting to make entry to the U.S. from Mexico. A CBP officer selected the vehicle for inspection, which included utilizing nonintrusive inspection equipment and a canine team. Physical inspection led to the discovery of 20 packages of alleged cocaine with a combined weight of 50.08 pounds (22.72 kg) concealed within the vehicle. The narcotics have an estimated street value of $668,700.","Tres ciudadanos bolivianos quedaron detenidos por ingerir 235 cápsulas con cocaína. Viajaban en un transporte público de pasajeros desde Jujuy hacia San Juan. Al momento del control, los funcionarios notaron que los individuos presentaban un estado de nerviosismo. Fueron trasladados hacia el nosocomio local, donde quedaron internados y evacuaron un total de 2 kilos 554 gramos del estupefaciente.",on june 27 cbp officers at the hidalgo international bridge encountered a white ford suv attempting to make entry to the us from mexico a cbp officer selected the vehicle for inspection which included utilizing nonintrusive inspection equipment and a canine team physical inspection led to the discovery of 20 packages of alleged cocaine with a combined weight of 5008 pounds (2272 kg) concealed within the vehicle the narcotics have an estimated street value of $668700,tres ciudadanos bolivianos quedaron detenidos por ingerir 235 cápsulas con cocaína viajaban en un transporte público de pasajeros desde jujuy hacia san juan al momento del control los funcionarios notaron que los individuos presentaban un estado de nerviosismo fueron trasladados hacia el nosocomio local donde quedaron internados y evacuaron un total de 2 kilos 554 gramos del estupefaciente
28bdcd55-bddd-40b5-a5b9-461441a08aca,different_values,482,source_link,https://www.cbp.gov/newsroom/local-media-release/cbp-seizes-more-668k-cocaine-hidalgo-international-bridge,https://www.argentina.gob.ar/noticias/tucuman-tres-ciudadanos-bolivianos-quedaron-detenidos-por-ingerir-235-capsulas-con-cocaina,https://wwwcbpgov/newsroom/local-media-release/cbp-seizes-more-668k-cocaine-hidalgo-international-bridge,https://wwwargentinagobar/noticias/tucuman-tres-ciudadanos-bolivianos-quedaron-detenidos-por-ingerir-235-capsulas-con-cocaina
28bdcd55-bddd-40b5-a5b9-461441a08aca,different_values,482,archived_link,Archived Link - United States,Archived Link - Argentina,archived link - united states,archived link - argentina
562af624-e53a-4c64-a12d-58e64a74442f,different_values,483,date_1,2025-07-03,2025-06-27 00:00:00,2025-07-03,2025-06-27 00:00:00
562af624-e53a-4c64-a12d-58e64a74442f,different_values,483,month,7,6,7,6
562af624-e53a-4c64-a12d-58e64a74442f,different_values,483,day,3,27,3,27
562af624-e53a-4c64-a12d-58e64a74442f,different_values,483,quantity,300.0,22.7,3000,227
562af624-e53a-4c64-a12d-58e64a74442f,different_values,483,region,South America,North America,south america,north america
562af624-e53a-4c64-a12d-58e64a74442f,different_values,483,country,Colombia,United States,colombia,united states
562af624-e53a-4c64-a12d-58e64a74442f,different_values,483,department/state,Cesar,Texas,cesar,texas
562af624-e53a-4c64-a12d-58e64a74442f,different_values,483,municipality/port,San Alberto,Hidalgo,san alberto,hidalgo
562af624-e53a-4c64-a12d-58e64a74442f,different_values,483,transit_1_region,,North America,,north america
562af624-e53a-4c64-a12d-58e64a74442f,different_values,483,transit_1_country,,Mexico,,mexico
562af624-e53a-4c64-a12d-58e64a74442f,different_values,483,description,"Una operación realizada por tropas de la Quinta Brigada del Ejército Nacional y la Policía Antinarcóticos dejó al descubierto un poderoso laboratorio para procesar clorhidrato de cocaína en la vereda Caño Seco, en el municipio de San Alberto, sur del Cesar. Allí, las autoridades encontraron más de 300 kilos de droga listos para salir al mercado, además de toneladas de químicos, hornos, compresores y hasta grameras utilizadas para alistar el alijo. Según el Ejército Nacional, el laboratorio estaba al servicio del Clan del Golfo y les dejaba ganancias superiores a los $1.600 millones al mes, produciendo cerca de 1,5 toneladas mensuales de estupefacientes.","On June 27, CBP officers at the Hidalgo International Bridge encountered a white Ford SUV attempting to make entry to the U.S. from Mexico. A CBP officer selected the vehicle for inspection, which included utilizing nonintrusive inspection equipment and a canine team. Physical inspection led to the discovery of 20 packages of alleged cocaine with a combined weight of 50.08 pounds (22.72 kg) concealed within the vehicle. The narcotics have an estimated street value of $668,700.",una operación realizada por tropas de la quinta brigada del ejército nacional y la policía antinarcóticos dejó al descubierto un poderoso laboratorio para procesar clorhidrato de cocaína en la vereda caño seco en el municipio de san alberto sur del cesar allí las autoridades encontraron más de 300 kilos de droga listos para salir al mercado además de toneladas de químicos hornos compresores y hasta grameras utilizadas para alistar el alijo según el ejército nacional el laboratorio estaba al servicio del clan del golfo y les dejaba ganancias superiores a los $1600 millones al mes produciendo cerca de 15 toneladas mensuales de estupefacientes,on june 27 cbp officers at the hidalgo international bridge encountered a white ford suv attempting to make entry to the us from mexico a cbp officer selected the vehicle for inspection which included utilizing nonintrusive inspection equipment and a canine team physical inspection led to the discovery of 20 packages of alleged cocaine with a combined weight of 5008 pounds (2272 kg) concealed within the vehicle the narcotics have an estimated street value of $668700
562af624-e53a-4c64-a12d-58e64a74442f,different_values,483,criminal_group_1,Clan del Golfo,,clan del golfo,
562af624-e53a-4c64-a12d-58e64a74442f,different_values,483,source_link,https://www.vanguardia.com/judicial/2025/07/02/destruyen-narcolaboratorio-del-clan-del-golfo-en-el-sur-del-cesar/,https://www.cbp.gov/newsroom/local-media-release/cbp-seizes-more-668k-cocaine-hidalgo-international-bridge,https://wwwvanguardiacom/judicial/2025/07/02/destruyen-narcolaboratorio-del-clan-del-golfo-en-el-sur-del-cesar/,https://wwwcbpgov/newsroom/local-media-release/cbp-seizes-more-668k-cocaine-hidalgo-international-bridge
562af624-e53a-4c64-a12d-58e64a74442f,different_values,483,archived_link,Archived Link - Colombia,Archived Link - United States,archived link - colombia,archived link - united states
b1a77457-79a5-4208-8d2c-49aba9b755e7,different_values,484,date_1,2025-07-02,2025-07-03 00:00:00,2025-07-02,2025-07-03 00:00:00
b1a77457-79a5-4208-8d2c-49aba9b755e7,different_values,484,day,2,3,2,3
b1a77457-79a5-4208-8d2c-49aba9b755e7,different_values,484,quantity,16.0,300.0,160,3000
b1a77457-79a5-4208-8d2c-49aba9b755e7,different_values,484,country,Brazil,Colombia,brazil,colombia
b1a77457-79a5-4208-8d2c-49aba9b755e7,different_values,484,department/state,Rio de Janeiro,Cesar,rio de janeiro,cesar
b1a77457-79a5-4208-8d2c-49aba9b755e7,different_values,484,municipality/port,Angra dos Reis,San Alberto,angra dos reis,san alberto
b1a77457-79a5-4208-8d2c-49aba9b755e7,different_values,484,description,"Un hombre de 19 años fue arrestado con más de 16 kilos de cocaína el martes (1.º) en la carretera Rio-Santos, en Angra dos Reis (RJ) . El arresto se produjo en el km 458, en el barrio de Caetés.","Una operación realizada por tropas de la Quinta Brigada del Ejército Nacional y la Policía Antinarcóticos dejó al descubierto un poderoso laboratorio para procesar clorhidrato de cocaína en la vereda Caño Seco, en el municipio de San Alberto, sur del Cesar. Allí, las autoridades encontraron más de 300 kilos de droga listos para salir al mercado, además de toneladas de químicos, hornos, compresores y hasta grameras utilizadas para alistar el alijo. Según el Ejército Nacional, el laboratorio estaba al servicio del Clan del Golfo y les dejaba ganancias superiores a los $1.600 millones al mes, produciendo cerca de 1,5 toneladas mensuales de estupefacientes.",un hombre de 19 años fue arrestado con más de 16 kilos de cocaína el martes (1º) en la carretera rio-santos en angra dos reis (rj)  el arresto se produjo en el km 458 en el barrio de caetés,una operación realizada por tropas de la quinta brigada del ejército nacional y la policía antinarcóticos dejó al descubierto un poderoso laboratorio para procesar clorhidrato de cocaína en la vereda caño seco en el municipio de san alberto sur del cesar allí las autoridades encontraron más de 300 kilos de droga listos para salir al mercado además de toneladas de químicos hornos compresores y hasta grameras utilizadas para alistar el alijo según el ejército nacional el laboratorio estaba al servicio del clan del golfo y les dejaba ganancias superiores a los $1600 millones al mes produciendo cerca de 15 toneladas mensuales de estupefacientes
b1a77457-79a5-4208-8d2c-49aba9b755e7,different_values,484,criminal_group_1,,Clan del Golfo,,clan del golfo
b1a77457-79a5-4208-8d2c-49aba9b755e7,different_values,484,source_link,https://g1.globo.com/rj/sul-do-rio-costa-verde/noticia/2025/07/02/jovem-e-preso-com-mais-de-16-kg-de-cocaina-na-rodovia-rio-santos-em-angra-dos-reis.ghtml,https://www.vanguardia.com/judicial/2025/07/02/destruyen-narcolaboratorio-del-clan-del-golfo-en-el-sur-del-cesar/,https://g1globocom/rj/sul-do-rio-costa-verde/noticia/2025/07/02/jovem-e-preso-com-mais-de-16-kg-de-cocaina-na-rodovia-rio-santos-em-angra-dos-reisghtml,https://wwwvanguardiacom/judicial/2025/07/02/destruyen-narcolaboratorio-del-clan-del-golfo-en-el-sur-del-cesar/
b1a77457-79a5-4208-8d2c-49aba9b755e7,different_values,484,archived_link,Archived Link - Brazil,Archived Link - Colombia,archived link - brazil,archived link - colombia
2e45a1fe-c811-4609-aae2-208537587ac8,different_values,485,date_1,2025-07-02,2025-07-02 00:00:00,2025-07-02,2025-07-02 00:00:00
2e45a1fe-c811-4609-aae2-208537587ac8,different_values,485,quantity,40.0,16.0,400,160
2e45a1fe-c811-4609-aae2-208537587ac8,different_values,485,department/state,Sao Paulo,Rio de Janeiro,sao paulo,rio de janeiro
2e45a1fe-c811-4609-aae2-208537587ac8,different_values,485,municipality/port,Sao Jose dos Campos,Angra dos Reis,sao jose dos campos,angra dos reis
2e45a1fe-c811-4609-aae2-208537587ac8,different_values,485,description,"Dos jóvenes de 19 años fueron detenidos con casi 40 kilos de droga escondidos en una casa en São José dos Campos (SP) , en la tarde de este martes (1).","Un hombre de 19 años fue arrestado con más de 16 kilos de cocaína el martes (1.º) en la carretera Rio-Santos, en Angra dos Reis (RJ) . El arresto se produjo en el km 458, en el barrio de Caetés.",dos jóvenes de 19 años fueron detenidos con casi 40 kilos de droga escondidos en una casa en são josé dos campos (sp)  en la tarde de este martes (1),un hombre de 19 años fue arrestado con más de 16 kilos de cocaína el martes (1º) en la carretera rio-santos en angra dos reis (rj)  el arresto se produjo en el km 458 en el barrio de caetés
2e45a1fe-c811-4609-aae2-208537587ac8,different_values,485,source_link,https://g1.globo.com/sp/vale-do-paraiba-regiao/noticia/2025/07/02/policia-encontra-quase-40-quilos-de-drogas-com-dois-jovens-de-19-anos-em-sao-jose-dos-campos.ghtml,https://g1.globo.com/rj/sul-do-rio-costa-verde/noticia/2025/07/02/jovem-e-preso-com-mais-de-16-kg-de-cocaina-na-rodovia-rio-santos-em-angra-dos-reis.ghtml,https://g1globocom/sp/vale-do-paraiba-regiao/noticia/2025/07/02/policia-encontra-quase-40-quilos-de-drogas-com-dois-jovens-de-19-anos-em-sao-jose-dos-camposghtml,https://g1globocom/rj/sul-do-rio-costa-verde/noticia/2025/07/02/jovem-e-preso-com-mais-de-16-kg-de-cocaina-na-rodovia-rio-santos-em-angra-dos-reisghtml
fe765546-d3e3-4eff-b578-0c60a90e5931,different_values,486,date_1,2025-07-02,2025-07-02 00:00:00,2025-07-02,2025-07-02 00:00:00
fe765546-d3e3-4eff-b578-0c60a90e5931,different_values,486,quantity,77.0,40.0,770,400
fe765546-d3e3-4eff-b578-0c60a90e5931,different_values,486,modus_operandi/place_seizure,Maritime vessel,Land,maritime vessel,land
fe765546-d3e3-4eff-b578-0c60a90e5931,different_values,486,region,Caribbean,South America,caribbean,south america
fe765546-d3e3-4eff-b578-0c60a90e5931,different_values,486,country,Puerto Rico,Brazil,puerto rico,brazil
fe765546-d3e3-4eff-b578-0c60a90e5931,different_values,486,department/state,,Sao Paulo,,sao paulo
fe765546-d3e3-4eff-b578-0c60a90e5931,different_values,486,municipality/port,,Sao Jose dos Campos,,sao jose dos campos
fe765546-d3e3-4eff-b578-0c60a90e5931,different_values,486,description,Las autoridades federales incautaron este miércoles un alijo de 77 kilogramos de cocaína y arrestaron a dos dominicanos en una embarcación interceptada cerca de un islote perteneciente a Puerto Rico.,"Dos jóvenes de 19 años fueron detenidos con casi 40 kilos de droga escondidos en una casa en São José dos Campos (SP) , en la tarde de este martes (1).",las autoridades federales incautaron este miércoles un alijo de 77 kilogramos de cocaína y arrestaron a dos dominicanos en una embarcación interceptada cerca de un islote perteneciente a puerto rico,dos jóvenes de 19 años fueron detenidos con casi 40 kilos de droga escondidos en una casa en são josé dos campos (sp)  en la tarde de este martes (1)
fe765546-d3e3-4eff-b578-0c60a90e5931,different_values,486,source_link,https://hoy.com.do/incautan-77-kilos-de-cocaina-y-arrestan-a-2-dominicanos-en-pr/,https://g1.globo.com/sp/vale-do-paraiba-regiao/noticia/2025/07/02/policia-encontra-quase-40-quilos-de-drogas-com-dois-jovens-de-19-anos-em-sao-jose-dos-campos.ghtml,https://hoycomdo/incautan-77-kilos-de-cocaina-y-arrestan-a-2-dominicanos-en-pr/,https://g1globocom/sp/vale-do-paraiba-regiao/noticia/2025/07/02/policia-encontra-quase-40-quilos-de-drogas-com-dois-jovens-de-19-anos-em-sao-jose-dos-camposghtml
fe765546-d3e3-4eff-b578-0c60a90e5931,different_values,486,archived_link,Archived Link - Puerto Rico,Archived Link - Brazil,archived link - puerto rico,archived link - brazil
955a9155-be59-4bae-a3e5-211305a2087e,different_values,487,date_1,2025-07-06,2025-07-02 00:00:00,2025-07-06,2025-07-02 00:00:00
955a9155-be59-4bae-a3e5-211305a2087e,different_values,487,day,6,2,6,2
955a9155-be59-4bae-a3e5-211305a2087e,different_values,487,drug_type,Cocaine Base,Cocaine,cocaine base,cocaine
955a9155-be59-4bae-a3e5-211305a2087e,different_values,487,quantity,120.0,77.0,1200,770
955a9155-be59-4bae-a3e5-211305a2087e,different_values,487,modus_operandi/place_seizure,Land,Maritime vessel,land,maritime vessel
955a9155-be59-4bae-a3e5-211305a2087e,different_values,487,region,South America,Caribbean,south america,caribbean
955a9155-be59-4bae-a3e5-211305a2087e,different_values,487,country,Colombia,Puerto Rico,colombia,puerto rico
955a9155-be59-4bae-a3e5-211305a2087e,different_values,487,department/state,Nariño,,nariño,
955a9155-be59-4bae-a3e5-211305a2087e,different_values,487,municipality/port,Mallama,,mallama,
955a9155-be59-4bae-a3e5-211305a2087e,different_values,487,origin_country,Colombia,,colombia,
955a9155-be59-4bae-a3e5-211305a2087e,different_values,487,description,"A través de la seccional de Tránsito y Transporte de la Policía se logró en las últimas horas un importante golpe al narcotráfico en el departamento de Nariño, con el decomiso de 120 kilogramos de base de coca, hechos por los cuales tres personas fueron capturadas.",Las autoridades federales incautaron este miércoles un alijo de 77 kilogramos de cocaína y arrestaron a dos dominicanos en una embarcación interceptada cerca de un islote perteneciente a Puerto Rico.,a través de la seccional de tránsito y transporte de la policía se logró en las últimas horas un importante golpe al narcotráfico en el departamento de nariño con el decomiso de 120 kilogramos de base de coca hechos por los cuales tres personas fueron capturadas,las autoridades federales incautaron este miércoles un alijo de 77 kilogramos de cocaína y arrestaron a dos dominicanos en una embarcación interceptada cerca de un islote perteneciente a puerto rico
955a9155-be59-4bae-a3e5-211305a2087e,different_values,487,source_link,https://caracol.com.co/2025/07/06/incautan-120-kilos-de-cocaina-en-narino/,https://hoy.com.do/incautan-77-kilos-de-cocaina-y-arrestan-a-2-dominicanos-en-pr/,https://caracolcomco/2025/07/06/incautan-120-kilos-de-cocaina-en-narino/,https://hoycomdo/incautan-77-kilos-de-cocaina-y-arrestan-a-2-dominicanos-en-pr/
955a9155-be59-4bae-a3e5-211305a2087e,different_values,487,archived_link,Archived Link - Colombia,Archived Link - Puerto Rico,archived link - colombia,archived link - puerto rico
b511b6c4-6be4-4fd8-881a-1e4605e738c9,different_values,488,date_1,2025-07-05,2025-07-06 00:00:00,2025-07-05,2025-07-06 00:00:00
b511b6c4-6be4-4fd8-881a-1e4605e738c9,different_values,488,day,5,6,5,6
b511b6c4-6be4-4fd8-881a-1e4605e738c9,different_values,488,drug_type,Cocaine,Cocaine Base,cocaine,cocaine base
b511b6c4-6be4-4fd8-881a-1e4605e738c9,different_values,488,quantity,427.0,120.0,4270,1200
b511b6c4-6be4-4fd8-881a-1e4605e738c9,different_values,488,modus_operandi/place_seizure,Air,Land,air,land
b511b6c4-6be4-4fd8-881a-1e4605e738c9,different_values,488,region,North America,South America,north america,south america
b511b6c4-6be4-4fd8-881a-1e4605e738c9,different_values,488,country,Mexico,Colombia,mexico,colombia
b511b6c4-6be4-4fd8-881a-1e4605e738c9,different_values,488,department/state,Colima,Nariño,colima,nariño
b511b6c4-6be4-4fd8-881a-1e4605e738c9,different_values,488,municipality/port,Tecomán,Mallama,tecomán,mallama
b511b6c4-6be4-4fd8-881a-1e4605e738c9,different_values,488,origin_country,,Colombia,,colombia
b511b6c4-6be4-4fd8-881a-1e4605e738c9,different_values,488,transit_1_region,Central America,,central america,
b511b6c4-6be4-4fd8-881a-1e4605e738c9,different_values,488,transit_1_country,El Salvador,,el salvador,
b511b6c4-6be4-4fd8-881a-1e4605e738c9,different_values,488,description,"Una aeronave procedente de El Salvador que trasladaba un cargamento de 427 kilogramos de cocaína ingresó de manera irregular al espacio aéreo mexicano y aterrizó en una pista clandestina en el municipio costero de Tecomán, Colima. ","A través de la seccional de Tránsito y Transporte de la Policía se logró en las últimas horas un importante golpe al narcotráfico en el departamento de Nariño, con el decomiso de 120 kilogramos de base de coca, hechos por los cuales tres personas fueron capturadas.",una aeronave procedente de el salvador que trasladaba un cargamento de 427 kilogramos de cocaína ingresó de manera irregular al espacio aéreo mexicano y aterrizó en una pista clandestina en el municipio costero de tecomán colima,a través de la seccional de tránsito y transporte de la policía se logró en las últimas horas un importante golpe al narcotráfico en el departamento de nariño con el decomiso de 120 kilogramos de base de coca hechos por los cuales tres personas fueron capturadas
b511b6c4-6be4-4fd8-881a-1e4605e738c9,different_values,488,source_link,https://www.proceso.com.mx/nacional/estados/2025/7/5/interceptan-aeronave-con-427-kilos-de-cocaina-en-tecoman-colima-354321.html,https://caracol.com.co/2025/07/06/incautan-120-kilos-de-cocaina-en-narino/,https://wwwprocesocommx/nacional/estados/2025/7/5/interceptan-aeronave-con-427-kilos-de-cocaina-en-tecoman-colima-354321html,https://caracolcomco/2025/07/06/incautan-120-kilos-de-cocaina-en-narino/
b511b6c4-6be4-4fd8-881a-1e4605e738c9,different_values,488,archived_link,Archived Link - Mexico,Archived Link - Colombia,archived link - mexico,archived link - colombia
d3ef1264-8428-4cd5-909b-84768df33459,different_values,489,date_1,2025-07-04,2025-07-05 00:00:00,2025-07-04,2025-07-05 00:00:00
d3ef1264-8428-4cd5-909b-84768df33459,different_values,489,day,4,5,4,5
d3ef1264-8428-4cd5-909b-84768df33459,different_values,489,quantity,200.0,427.0,2000,4270
d3ef1264-8428-4cd5-909b-84768df33459,different_values,489,modus_operandi/place_seizure,Container,Air,container,air
d3ef1264-8428-4cd5-909b-84768df33459,different_values,489,department/state,Baja California,Colima,baja california,colima
d3ef1264-8428-4cd5-909b-84768df33459,different_values,489,municipality/port,Ensenada,Tecomán,ensenada,tecomán
d3ef1264-8428-4cd5-909b-84768df33459,different_values,489,transit_1_region,,Central America,,central america
d3ef1264-8428-4cd5-909b-84768df33459,different_values,489,transit_1_country,,El Salvador,,el salvador
d3ef1264-8428-4cd5-909b-84768df33459,different_values,489,description,"Con un golpe al crimen organizado valuado en más de 48 millones de pesos, autoridades federales aseguraron 200 kilogramos de cocaína en la Aduana de Ensenada, Baja California. La droga estaba oculta en 188 paquetes distribuidos dentro de cuatro maletas localizadas en uno de los contenedores descargados de un buque.","Una aeronave procedente de El Salvador que trasladaba un cargamento de 427 kilogramos de cocaína ingresó de manera irregular al espacio aéreo mexicano y aterrizó en una pista clandestina en el municipio costero de Tecomán, Colima. ",con un golpe al crimen organizado valuado en más de 48 millones de pesos autoridades federales aseguraron 200 kilogramos de cocaína en la aduana de ensenada baja california la droga estaba oculta en 188 paquetes distribuidos dentro de cuatro maletas localizadas en uno de los contenedores descargados de un buque,una aeronave procedente de el salvador que trasladaba un cargamento de 427 kilogramos de cocaína ingresó de manera irregular al espacio aéreo mexicano y aterrizó en una pista clandestina en el municipio costero de tecomán colima
d3ef1264-8428-4cd5-909b-84768df33459,different_values,489,source_link,https://vanguardia.com.mx/noticias/mexico/baja-california-aseguran-200-kilos-de-cocaina-valuada-en-mas-de-40-mdp-en-aduana-de-ensenada-IB16534297,https://www.proceso.com.mx/nacional/estados/2025/7/5/interceptan-aeronave-con-427-kilos-de-cocaina-en-tecoman-colima-354321.html,https://vanguardiacommx/noticias/mexico/baja-california-aseguran-200-kilos-de-cocaina-valuada-en-mas-de-40-mdp-en-aduana-de-ensenada-ib16534297,https://wwwprocesocommx/nacional/estados/2025/7/5/interceptan-aeronave-con-427-kilos-de-cocaina-en-tecoman-colima-354321html
1f4a4c49-1a0a-42e2-97b1-356e8376b105,different_values,490,date_1,2025-07-06,2025-07-04 00:00:00,2025-07-06,2025-07-04 00:00:00
1f4a4c49-1a0a-42e2-97b1-356e8376b105,different_values,490,day,6,4,6,4
1f4a4c49-1a0a-42e2-97b1-356e8376b105,different_values,490,quantity,500.0,200.0,5000,2000
1f4a4c49-1a0a-42e2-97b1-356e8376b105,different_values,490,modus_operandi/place_seizure,Land,Container,land,container
1f4a4c49-1a0a-42e2-97b1-356e8376b105,different_values,490,region,South America,North America,south america,north america
1f4a4c49-1a0a-42e2-97b1-356e8376b105,different_values,490,country,Ecuador,Mexico,ecuador,mexico
1f4a4c49-1a0a-42e2-97b1-356e8376b105,different_values,490,department/state,Pichincha,Baja California,pichincha,baja california
1f4a4c49-1a0a-42e2-97b1-356e8376b105,different_values,490,municipality/port,Tandapi,Ensenada,tandapi,ensenada
1f4a4c49-1a0a-42e2-97b1-356e8376b105,different_values,490,description,"Durante el operativo, la Policía incautó 500,92 kilogramos de cocaína, equivalentes a 5 129 200 dosis destinadas al mercado ilegal. También se incautaron un vehículo, tres teléfonos móviles y una cantidad no especificada de dinero en efectivo.","Con un golpe al crimen organizado valuado en más de 48 millones de pesos, autoridades federales aseguraron 200 kilogramos de cocaína en la Aduana de Ensenada, Baja California. La droga estaba oculta en 188 paquetes distribuidos dentro de cuatro maletas localizadas en uno de los contenedores descargados de un buque.",durante el operativo la policía incautó 50092 kilogramos de cocaína equivalentes a 5 129 200 dosis destinadas al mercado ilegal también se incautaron un vehículo tres teléfonos móviles y una cantidad no especificada de dinero en efectivo,con un golpe al crimen organizado valuado en más de 48 millones de pesos autoridades federales aseguraron 200 kilogramos de cocaína en la aduana de ensenada baja california la droga estaba oculta en 188 paquetes distribuidos dentro de cuatro maletas localizadas en uno de los contenedores descargados de un buque
1f4a4c49-1a0a-42e2-97b1-356e8376b105,different_values,490,source_link,https://www.elcomercio.com/actualidad/seguridad/policia-decomisa-mas-500-kilos-droga-pichincha/,https://vanguardia.com.mx/noticias/mexico/baja-california-aseguran-200-kilos-de-cocaina-valuada-en-mas-de-40-mdp-en-aduana-de-ensenada-IB16534297,https://wwwelcomerciocom/actualidad/seguridad/policia-decomisa-mas-500-kilos-droga-pichincha/,https://vanguardiacommx/noticias/mexico/baja-california-aseguran-200-kilos-de-cocaina-valuada-en-mas-de-40-mdp-en-aduana-de-ensenada-ib16534297
1f4a4c49-1a0a-42e2-97b1-356e8376b105,different_values,490,archived_link,Archived Link - Ecuador,Archived Link - Mexico,archived link - ecuador,archived link - mexico
68e46d96-1f63-4eaa-b459-6e86248e6dec,different_values,491,date_1,2025-07-07,2025-07-06 00:00:00,2025-07-07,2025-07-06 00:00:00
68e46d96-1f63-4eaa-b459-6e86248e6dec,different_values,491,day,7,6,7,6
68e46d96-1f63-4eaa-b459-6e86248e6dec,different_values,491,quantity,91.5,500.0,915,5000
68e46d96-1f63-4eaa-b459-6e86248e6dec,different_values,491,country,Brazil,Ecuador,brazil,ecuador
68e46d96-1f63-4eaa-b459-6e86248e6dec,different_values,491,department/state,Minas Gerais,Pichincha,minas gerais,pichincha
68e46d96-1f63-4eaa-b459-6e86248e6dec,different_values,491,municipality/port,Cambuí,Tandapi,cambuí,tandapi
68e46d96-1f63-4eaa-b459-6e86248e6dec,different_values,491,description,"En la tarde de este lunes (07/07), la Policía Federal de Carreteras (PRF) incautó aproximadamente 91,5 kg de Clorhidrato de Cocaína y detuvo a dos personas , durante una acción de combate a la delincuencia, realizada en el Km 900 de la BR 381, en el municipio de Cambuí (MG).","Durante el operativo, la Policía incautó 500,92 kilogramos de cocaína, equivalentes a 5 129 200 dosis destinadas al mercado ilegal. También se incautaron un vehículo, tres teléfonos móviles y una cantidad no especificada de dinero en efectivo.",en la tarde de este lunes (07/07) la policía federal de carreteras (prf) incautó aproximadamente 915 kg de clorhidrato de cocaína y detuvo a dos personas  durante una acción de combate a la delincuencia realizada en el km 900 de la br 381 en el municipio de cambuí (mg),durante el operativo la policía incautó 50092 kilogramos de cocaína equivalentes a 5 129 200 dosis destinadas al mercado ilegal también se incautaron un vehículo tres teléfonos móviles y una cantidad no especificada de dinero en efectivo
68e46d96-1f63-4eaa-b459-6e86248e6dec,different_values,491,source_link,https://www.gov.br/prf/pt-br/noticias/estaduais/minas-gerais/2025/julho/prf-apreende-mais-de-90-kg-de-cloridrato-de-cocaina-dentro-de-veiculo-na-br-381-em-cambui-mg-fernao-dias,https://www.elcomercio.com/actualidad/seguridad/policia-decomisa-mas-500-kilos-droga-pichincha/,https://wwwgovbr/prf/pt-br/noticias/estaduais/minas-gerais/2025/julho/prf-apreende-mais-de-90-kg-de-cloridrato-de-cocaina-dentro-de-veiculo-na-br-381-em-cambui-mg-fernao-dias,https://wwwelcomerciocom/actualidad/seguridad/policia-decomisa-mas-500-kilos-droga-pichincha/
68e46d96-1f63-4eaa-b459-6e86248e6dec,different_values,491,archived_link,Archived Link - Brazil,Archived Link - Ecuador,archived link - brazil,archived link - ecuador
1d4ebc5c-964b-4b21-8954-e6145c60e758,different_values,492,date_1,2025-07-07,2025-07-07 00:00:00,2025-07-07,2025-07-07 00:00:00
1d4ebc5c-964b-4b21-8954-e6145c60e758,different_values,492,quantity,210.0,91.5,2100,915
1d4ebc5c-964b-4b21-8954-e6145c60e758,different_values,492,weight_unit,Package,Kilogram,package,kilogram
1d4ebc5c-964b-4b21-8954-e6145c60e758,different_values,492,modus_operandi/place_seizure,Container,Land,container,land
1d4ebc5c-964b-4b21-8954-e6145c60e758,different_values,492,region,Caribbean,South America,caribbean,south america
1d4ebc5c-964b-4b21-8954-e6145c60e758,different_values,492,country,Dominican Republic,Brazil,dominican republic,brazil
1d4ebc5c-964b-4b21-8954-e6145c60e758,different_values,492,department/state,Santo Domingo,Minas Gerais,santo domingo,minas gerais
1d4ebc5c-964b-4b21-8954-e6145c60e758,different_values,492,municipality/port,Santo Domingo,Cambuí,santo domingo,cambuí
1d4ebc5c-964b-4b21-8954-e6145c60e758,different_values,492,description,"Las autoridades confiscaron hoy 210 paquetes de cocaína durante dos intervenciones simultáneas realizadas en los puertos de Haina Oriental y Multimodal Caucedo. En un primer operativo agentes de la Dirección Nacional de Control de Drogas (DNCD) y miembros de la Dirección de Aduanas (DGA), coordinados por el Ministerio Público, apoyados por agencias de Inteligencia del Estado, donde  las unidades caninas, perfilaban decenas de contenedores que estaban de tránsito por el país.","En la tarde de este lunes (07/07), la Policía Federal de Carreteras (PRF) incautó aproximadamente 91,5 kg de Clorhidrato de Cocaína y detuvo a dos personas , durante una acción de combate a la delincuencia, realizada en el Km 900 de la BR 381, en el municipio de Cambuí (MG).",las autoridades confiscaron hoy 210 paquetes de cocaína durante dos intervenciones simultáneas realizadas en los puertos de haina oriental y multimodal caucedo en un primer operativo agentes de la dirección nacional de control de drogas (dncd) y miembros de la dirección de aduanas (dga) coordinados por el ministerio público apoyados por agencias de inteligencia del estado donde  las unidades caninas perfilaban decenas de contenedores que estaban de tránsito por el país,en la tarde de este lunes (07/07) la policía federal de carreteras (prf) incautó aproximadamente 915 kg de clorhidrato de cocaína y detuvo a dos personas  durante una acción de combate a la delincuencia realizada en el km 900 de la br 381 en el municipio de cambuí (mg)
1d4ebc5c-964b-4b21-8954-e6145c60e758,different_values,492,source_link,https://elnacional.com.do/ocupan-210-paquetes-cocaina-en-dos-lugares/,https://www.gov.br/prf/pt-br/noticias/estaduais/minas-gerais/2025/julho/prf-apreende-mais-de-90-kg-de-cloridrato-de-cocaina-dentro-de-veiculo-na-br-381-em-cambui-mg-fernao-dias,https://elnacionalcomdo/ocupan-210-paquetes-cocaina-en-dos-lugares/,https://wwwgovbr/prf/pt-br/noticias/estaduais/minas-gerais/2025/julho/prf-apreende-mais-de-90-kg-de-cloridrato-de-cocaina-dentro-de-veiculo-na-br-381-em-cambui-mg-fernao-dias
1d4ebc5c-964b-4b21-8954-e6145c60e758,different_values,492,archived_link,Archived Link - Dominican Republic,Archived Link - Brazil,archived link - dominican republic,archived link - brazil
3ab7f0e7-6bf1-4545-914e-222154482cc6,different_values,493,date_1,2025-07-07,2025-07-07 00:00:00,2025-07-07,2025-07-07 00:00:00
3ab7f0e7-6bf1-4545-914e-222154482cc6,different_values,493,quantity,158.0,210.0,1580,2100
3ab7f0e7-6bf1-4545-914e-222154482cc6,different_values,493,weight_unit,Kilogram,Package,kilogram,package
3ab7f0e7-6bf1-4545-914e-222154482cc6,different_values,493,region,Central America,Caribbean,central america,caribbean
3ab7f0e7-6bf1-4545-914e-222154482cc6,different_values,493,country,Costa Rica,Dominican Republic,costa rica,dominican republic
3ab7f0e7-6bf1-4545-914e-222154482cc6,different_values,493,department/state,Limón,Santo Domingo,limón,santo domingo
3ab7f0e7-6bf1-4545-914e-222154482cc6,different_values,493,municipality/port,Moín,Santo Domingo,moín,santo domingo
3ab7f0e7-6bf1-4545-914e-222154482cc6,different_values,493,destination_1_region,Europe,,europe,
3ab7f0e7-6bf1-4545-914e-222154482cc6,different_values,493,destination_1_country,Netherlands,,netherlands,
3ab7f0e7-6bf1-4545-914e-222154482cc6,different_values,493,description,"Las autoridades de Costa Rica decomisaron 158 kilos de cocaína que iban ocultos dentro de yucas de exportación que tenían como destino el puerto de Róterdam, Países Bajos, informó este lunes el Ministerio Seguridad Pública (MSP).","Las autoridades confiscaron hoy 210 paquetes de cocaína durante dos intervenciones simultáneas realizadas en los puertos de Haina Oriental y Multimodal Caucedo. En un primer operativo agentes de la Dirección Nacional de Control de Drogas (DNCD) y miembros de la Dirección de Aduanas (DGA), coordinados por el Ministerio Público, apoyados por agencias de Inteligencia del Estado, donde  las unidades caninas, perfilaban decenas de contenedores que estaban de tránsito por el país.",las autoridades de costa rica decomisaron 158 kilos de cocaína que iban ocultos dentro de yucas de exportación que tenían como destino el puerto de róterdam países bajos informó este lunes el ministerio seguridad pública (msp),las autoridades confiscaron hoy 210 paquetes de cocaína durante dos intervenciones simultáneas realizadas en los puertos de haina oriental y multimodal caucedo en un primer operativo agentes de la dirección nacional de control de drogas (dncd) y miembros de la dirección de aduanas (dga) coordinados por el ministerio público apoyados por agencias de inteligencia del estado donde  las unidades caninas perfilaban decenas de contenedores que estaban de tránsito por el país
3ab7f0e7-6bf1-4545-914e-222154482cc6,different_values,493,source_link,https://proceso.hn/decomisan-en-costa-rica-158-kilos-de-cocaina-ocultos-en-yuca-con-destino-a-paises-bajos/,https://elnacional.com.do/ocupan-210-paquetes-cocaina-en-dos-lugares/,https://procesohn/decomisan-en-costa-rica-158-kilos-de-cocaina-ocultos-en-yuca-con-destino-a-paises-bajos/,https://elnacionalcomdo/ocupan-210-paquetes-cocaina-en-dos-lugares/
3ab7f0e7-6bf1-4545-914e-222154482cc6,different_values,493,archived_link,Archived Link - Costa Rica,Archived Link - Dominican Republic,archived link - costa rica,archived link - dominican republic
d93797d2-7947-408a-a3d7-129dfe59edc8,different_values,494,date_1,2025-07-08,2025-07-07 00:00:00,2025-07-08,2025-07-07 00:00:00
d93797d2-7947-408a-a3d7-129dfe59edc8,different_values,494,day,8,7,8,7
d93797d2-7947-408a-a3d7-129dfe59edc8,different_values,494,quantity,297.0,158.0,2970,1580
d93797d2-7947-408a-a3d7-129dfe59edc8,different_values,494,modus_operandi/place_seizure,Air,Container,air,container
d93797d2-7947-408a-a3d7-129dfe59edc8,different_values,494,region,South America,Central America,south america,central america
d93797d2-7947-408a-a3d7-129dfe59edc8,different_values,494,country,Ecuador,Costa Rica,ecuador,costa rica
d93797d2-7947-408a-a3d7-129dfe59edc8,different_values,494,department/state,Guayas,Limón,guayas,limón
d93797d2-7947-408a-a3d7-129dfe59edc8,different_values,494,municipality/port,Guayaquil,Moín,guayaquil,moín
d93797d2-7947-408a-a3d7-129dfe59edc8,different_values,494,destination_1_department/state,North Holland,,north holland,
d93797d2-7947-408a-a3d7-129dfe59edc8,different_values,494,destination_1_municipality/port,Amsterdam,,amsterdam,
d93797d2-7947-408a-a3d7-129dfe59edc8,different_values,494,description,"Casi 300 kilos de cocaína, que estaban camuflados en un cargamento de panela, fueron decomisados en el Aeropuerto de Guayaquil. La Policía Nacional informó que el producto tenía como destino Ámsterdam, en Países Bajos.","Las autoridades de Costa Rica decomisaron 158 kilos de cocaína que iban ocultos dentro de yucas de exportación que tenían como destino el puerto de Róterdam, Países Bajos, informó este lunes el Ministerio Seguridad Pública (MSP).",casi 300 kilos de cocaína que estaban camuflados en un cargamento de panela fueron decomisados en el aeropuerto de guayaquil la policía nacional informó que el producto tenía como destino ámsterdam en países bajos,las autoridades de costa rica decomisaron 158 kilos de cocaína que iban ocultos dentro de yucas de exportación que tenían como destino el puerto de róterdam países bajos informó este lunes el ministerio seguridad pública (msp)
d93797d2-7947-408a-a3d7-129dfe59edc8,different_values,494,source_link,https://www.ecuavisa.com/noticias/seguridad/policia-decomiso-297-kilos-cocaina-camuflada-panela-amsterdam-AD9702839,https://proceso.hn/decomisan-en-costa-rica-158-kilos-de-cocaina-ocultos-en-yuca-con-destino-a-paises-bajos/,https://wwwecuavisacom/noticias/seguridad/policia-decomiso-297-kilos-cocaina-camuflada-panela-amsterdam-ad9702839,https://procesohn/decomisan-en-costa-rica-158-kilos-de-cocaina-ocultos-en-yuca-con-destino-a-paises-bajos/
d93797d2-7947-408a-a3d7-129dfe59edc8,different_values,494,archived_link,Archived Link - Ecuador,Archived Link - Costa Rica,archived link - ecuador,archived link - costa rica
3df92f92-155f-4eb3-8d7f-01357f3bc45a,different_values,495,date_1,2025-07-08,2025-07-08 00:00:00,2025-07-08,2025-07-08 00:00:00
3df92f92-155f-4eb3-8d7f-01357f3bc45a,different_values,495,quantity,450.0,297.0,4500,2970
3df92f92-155f-4eb3-8d7f-01357f3bc45a,different_values,495,modus_operandi/place_seizure,Land,Air,land,air
3df92f92-155f-4eb3-8d7f-01357f3bc45a,different_values,495,region,Central America,South America,central america,south america
3df92f92-155f-4eb3-8d7f-01357f3bc45a,different_values,495,country,Costa Rica,Ecuador,costa rica,ecuador
3df92f92-155f-4eb3-8d7f-01357f3bc45a,different_values,495,department/state,Puntarenas,Guayas,puntarenas,guayas
3df92f92-155f-4eb3-8d7f-01357f3bc45a,different_values,495,municipality/port,Barranca,Guayaquil,barranca,guayaquil
3df92f92-155f-4eb3-8d7f-01357f3bc45a,different_values,495,destination_1_region,,Europe,,europe
3df92f92-155f-4eb3-8d7f-01357f3bc45a,different_values,495,destination_1_country,,Netherlands,,netherlands
3df92f92-155f-4eb3-8d7f-01357f3bc45a,different_values,495,destination_1_department/state,,North Holland,,north holland
3df92f92-155f-4eb3-8d7f-01357f3bc45a,different_values,495,destination_1_municipality/port,,Amsterdam,,amsterdam
3df92f92-155f-4eb3-8d7f-01357f3bc45a,different_values,495,description,"El Organismo de Investigación Judicial (OIJ) encontró más de una tonelada de droga escondida en una pared con doble forro de un camión, este martes 200 metros al sur del puente de Barranca, en Puntarenas. El vehículo fue traslado a la sede del Poder Judicial, donde los agentes confirmaron que llevaba 450 kilos de cocaína y 706 kilos de marihuana.","Casi 300 kilos de cocaína, que estaban camuflados en un cargamento de panela, fueron decomisados en el Aeropuerto de Guayaquil. La Policía Nacional informó que el producto tenía como destino Ámsterdam, en Países Bajos.",el organismo de investigación judicial (oij) encontró más de una tonelada de droga escondida en una pared con doble forro de un camión este martes 200 metros al sur del puente de barranca en puntarenas el vehículo fue traslado a la sede del poder judicial donde los agentes confirmaron que llevaba 450 kilos de cocaína y 706 kilos de marihuana,casi 300 kilos de cocaína que estaban camuflados en un cargamento de panela fueron decomisados en el aeropuerto de guayaquil la policía nacional informó que el producto tenía como destino ámsterdam en países bajos
3df92f92-155f-4eb3-8d7f-01357f3bc45a,different_values,495,source_link,https://www.nacion.com/sucesos/narcotrafico/oij-encuentra-una-tonelada-de-droga-escondida-en/SH4CPEUDSFBTTK5UBAYMBIK2RE/story/,https://www.ecuavisa.com/noticias/seguridad/policia-decomiso-297-kilos-cocaina-camuflada-panela-amsterdam-AD9702839,https://wwwnacioncom/sucesos/narcotrafico/oij-encuentra-una-tonelada-de-droga-escondida-en/sh4cpeudsfbttk5ubaymbik2re/story/,https://wwwecuavisacom/noticias/seguridad/policia-decomiso-297-kilos-cocaina-camuflada-panela-amsterdam-ad9702839
3df92f92-155f-4eb3-8d7f-01357f3bc45a,different_values,495,archived_link,Archived Link - Costa Rica,Archived Link - Ecuador,archived link - costa rica,archived link - ecuador
4500e4fb-9fe5-4bed-aca8-7b60b5cacb78,different_values,496,date_1,2025-07-08,2025-07-08 00:00:00,2025-07-08,2025-07-08 00:00:00
4500e4fb-9fe5-4bed-aca8-7b60b5cacb78,different_values,496,quantity,3.0,450.0,30,4500
4500e4fb-9fe5-4bed-aca8-7b60b5cacb78,different_values,496,modus_operandi/place_seizure,Air,Land,air,land
4500e4fb-9fe5-4bed-aca8-7b60b5cacb78,different_values,496,region,South America,Central America,south america,central america
4500e4fb-9fe5-4bed-aca8-7b60b5cacb78,different_values,496,country,Brazil,Costa Rica,brazil,costa rica
4500e4fb-9fe5-4bed-aca8-7b60b5cacb78,different_values,496,department/state,Santa Catarina,Puntarenas,santa catarina,puntarenas
4500e4fb-9fe5-4bed-aca8-7b60b5cacb78,different_values,496,municipality/port,Florianopolis,Barranca,florianopolis,barranca
4500e4fb-9fe5-4bed-aca8-7b60b5cacb78,different_values,496,destination_1_region,Europe,,europe,
4500e4fb-9fe5-4bed-aca8-7b60b5cacb78,different_values,496,destination_1_country,France,,france,
4500e4fb-9fe5-4bed-aca8-7b60b5cacb78,different_values,496,destination_1_department/state,Ile de la Cite,,ile de la cite,
4500e4fb-9fe5-4bed-aca8-7b60b5cacb78,different_values,496,destination_1_municipality/port,Paris,,paris,
4500e4fb-9fe5-4bed-aca8-7b60b5cacb78,different_values,496,description,"Un hombre de 23 años fue arrestado por tráfico internacional de drogas tras intentar abordar un vuelo con aproximadamente 3 kilogramos de cocaína atados a las piernas. Fue descubierto en el Aeropuerto Internacional Hercílio Luz de Florianópolis , con destino a París , Francia.","El Organismo de Investigación Judicial (OIJ) encontró más de una tonelada de droga escondida en una pared con doble forro de un camión, este martes 200 metros al sur del puente de Barranca, en Puntarenas. El vehículo fue traslado a la sede del Poder Judicial, donde los agentes confirmaron que llevaba 450 kilos de cocaína y 706 kilos de marihuana.",un hombre de 23 años fue arrestado por tráfico internacional de drogas tras intentar abordar un vuelo con aproximadamente 3 kilogramos de cocaína atados a las piernas fue descubierto en el aeropuerto internacional hercílio luz de florianópolis  con destino a parís  francia,el organismo de investigación judicial (oij) encontró más de una tonelada de droga escondida en una pared con doble forro de un camión este martes 200 metros al sur del puente de barranca en puntarenas el vehículo fue traslado a la sede del poder judicial donde los agentes confirmaron que llevaba 450 kilos de cocaína y 706 kilos de marihuana
4500e4fb-9fe5-4bed-aca8-7b60b5cacb78,different_values,496,source_link,https://g1.globo.com/sc/santa-catarina/noticia/2025/07/08/homem-viagem-paris-preso-cocaina-aeroporto-florianopolis.ghtml,https://www.nacion.com/sucesos/narcotrafico/oij-encuentra-una-tonelada-de-droga-escondida-en/SH4CPEUDSFBTTK5UBAYMBIK2RE/story/,https://g1globocom/sc/santa-catarina/noticia/2025/07/08/homem-viagem-paris-preso-cocaina-aeroporto-florianopolisghtml,https://wwwnacioncom/sucesos/narcotrafico/oij-encuentra-una-tonelada-de-droga-escondida-en/sh4cpeudsfbttk5ubaymbik2re/story/
4500e4fb-9fe5-4bed-aca8-7b60b5cacb78,different_values,496,archived_link,Archived Link - Brazil,Archived Link - Costa Rica,archived link - brazil,archived link - costa rica
c3ec3185-707f-4c79-89d8-5f57178c244c,different_values,497,date_1,2025-07-08,2025-07-08 00:00:00,2025-07-08,2025-07-08 00:00:00
c3ec3185-707f-4c79-89d8-5f57178c244c,different_values,497,quantity,90.0,3.0,900,30
c3ec3185-707f-4c79-89d8-5f57178c244c,different_values,497,modus_operandi/place_seizure,Land,Air,land,air
c3ec3185-707f-4c79-89d8-5f57178c244c,different_values,497,department/state,Minas Gerais,Santa Catarina,minas gerais,santa catarina
c3ec3185-707f-4c79-89d8-5f57178c244c,different_values,497,municipality/port,Cambui,Florianopolis,cambui,florianopolis
c3ec3185-707f-4c79-89d8-5f57178c244c,different_values,497,destination_1_region,,Europe,,europe
c3ec3185-707f-4c79-89d8-5f57178c244c,different_values,497,destination_1_country,,France,,france
c3ec3185-707f-4c79-89d8-5f57178c244c,different_values,497,destination_1_department/state,,Ile de la Cite,,ile de la cite
c3ec3185-707f-4c79-89d8-5f57178c244c,different_values,497,destination_1_municipality/port,,Paris,,paris
c3ec3185-707f-4c79-89d8-5f57178c244c,different_values,497,description,"Una pareja fue detenida con más de 90 kg de cocaína durante un asalto en la carretera Fernão Dias, en Cambuí (MG) , la tarde de este lunes (7). Según la Policía Federal de Carreteras, la droga estaría valuada en más de R$ 4,5 millones.","Un hombre de 23 años fue arrestado por tráfico internacional de drogas tras intentar abordar un vuelo con aproximadamente 3 kilogramos de cocaína atados a las piernas. Fue descubierto en el Aeropuerto Internacional Hercílio Luz de Florianópolis , con destino a París , Francia.",una pareja fue detenida con más de 90 kg de cocaína durante un asalto en la carretera fernão dias en cambuí (mg)  la tarde de este lunes (7) según la policía federal de carreteras la droga estaría valuada en más de r$ 45 millones,un hombre de 23 años fue arrestado por tráfico internacional de drogas tras intentar abordar un vuelo con aproximadamente 3 kilogramos de cocaína atados a las piernas fue descubierto en el aeropuerto internacional hercílio luz de florianópolis  con destino a parís  francia
c3ec3185-707f-4c79-89d8-5f57178c244c,different_values,497,source_link,https://g1.globo.com/mg/sul-de-minas/noticia/2025/07/08/casal-e-preso-com-mais-de-90-kg-de-cocaina-na-rodovia-fernao-dias-em-cambui-mg.ghtml,https://g1.globo.com/sc/santa-catarina/noticia/2025/07/08/homem-viagem-paris-preso-cocaina-aeroporto-florianopolis.ghtml,https://g1globocom/mg/sul-de-minas/noticia/2025/07/08/casal-e-preso-com-mais-de-90-kg-de-cocaina-na-rodovia-fernao-dias-em-cambui-mgghtml,https://g1globocom/sc/santa-catarina/noticia/2025/07/08/homem-viagem-paris-preso-cocaina-aeroporto-florianopolisghtml
45b40cd0-a5fc-4f9c-986f-8ac106f5e8da,different_values,498,date_1,2025-07-08,2025-07-08 00:00:00,2025-07-08,2025-07-08 00:00:00
45b40cd0-a5fc-4f9c-986f-8ac106f5e8da,different_values,498,quantity,1527.0,90.0,15270,900
45b40cd0-a5fc-4f9c-986f-8ac106f5e8da,different_values,498,weight_unit,Package,Kilogram,package,kilogram
45b40cd0-a5fc-4f9c-986f-8ac106f5e8da,different_values,498,modus_operandi/place_seizure,Container,Land,container,land
45b40cd0-a5fc-4f9c-986f-8ac106f5e8da,different_values,498,region,Central America,South America,central america,south america
45b40cd0-a5fc-4f9c-986f-8ac106f5e8da,different_values,498,country,Panama,Brazil,panama,brazil
45b40cd0-a5fc-4f9c-986f-8ac106f5e8da,different_values,498,department/state,Panamá Oeste,Minas Gerais,panamá oeste,minas gerais
45b40cd0-a5fc-4f9c-986f-8ac106f5e8da,different_values,498,municipality/port,,Cambui,,cambui
45b40cd0-a5fc-4f9c-986f-8ac106f5e8da,different_values,498,destination_1_region,Europe,,europe,
45b40cd0-a5fc-4f9c-986f-8ac106f5e8da,different_values,498,destination_1_country,Belgium,,belgium,
45b40cd0-a5fc-4f9c-986f-8ac106f5e8da,different_values,498,destination_2_country,South Africa,,south africa,
45b40cd0-a5fc-4f9c-986f-8ac106f5e8da,different_values,498,description,"Un total de 1,527 paquetes con presunta sustancia ilícita fueron decomisados por las autoridades en un contenedor ubicado en un puerto del litoral Pacífico, en la provincia de Panamá Oeste. La operación fue ejecutada por unidades de la Dirección Nacional Antidrogas (DNA) y de la Unidad Táctica de Operaciones Antidrogas (UTOA), quienes localizaron la droga oculta dentro de varios maletines de colores, mezclados entre distintos tipos de mercancía. Según confirmó el Ministerio Público (MP), el contenedor tenía como ruta inicial Panamá-Bélgica y su destino final sería Sudáfrica.","Una pareja fue detenida con más de 90 kg de cocaína durante un asalto en la carretera Fernão Dias, en Cambuí (MG) , la tarde de este lunes (7). Según la Policía Federal de Carreteras, la droga estaría valuada en más de R$ 4,5 millones.",un total de 1527 paquetes con presunta sustancia ilícita fueron decomisados por las autoridades en un contenedor ubicado en un puerto del litoral pacífico en la provincia de panamá oeste la operación fue ejecutada por unidades de la dirección nacional antidrogas (dna) y de la unidad táctica de operaciones antidrogas (utoa) quienes localizaron la droga oculta dentro de varios maletines de colores mezclados entre distintos tipos de mercancía según confirmó el ministerio público (mp) el contenedor tenía como ruta inicial panamá-bélgica y su destino final sería sudáfrica,una pareja fue detenida con más de 90 kg de cocaína durante un asalto en la carretera fernão dias en cambuí (mg)  la tarde de este lunes (7) según la policía federal de carreteras la droga estaría valuada en más de r$ 45 millones
45b40cd0-a5fc-4f9c-986f-8ac106f5e8da,different_values,498,source_link,https://www.panamaamerica.com.pa/provincias/incautan-mas-de-mil-paquetes-con-presunta-droga-con-ruta-panama-belgica-sudafrica-1250871,https://g1.globo.com/mg/sul-de-minas/noticia/2025/07/08/casal-e-preso-com-mais-de-90-kg-de-cocaina-na-rodovia-fernao-dias-em-cambui-mg.ghtml,https://wwwpanamaamericacompa/provincias/incautan-mas-de-mil-paquetes-con-presunta-droga-con-ruta-panama-belgica-sudafrica-1250871,https://g1globocom/mg/sul-de-minas/noticia/2025/07/08/casal-e-preso-com-mais-de-90-kg-de-cocaina-na-rodovia-fernao-dias-em-cambui-mgghtml
45b40cd0-a5fc-4f9c-986f-8ac106f5e8da,different_values,498,archived_link,Archived Link - Panama,Archived Link - Brazil,archived link - panama,archived link - brazil
b262fc20-a2ea-4b99-8928-ea3b251b02e9,different_values,499,date_1,2025-07-09,2025-07-08 00:00:00,2025-07-09,2025-07-08 00:00:00
b262fc20-a2ea-4b99-8928-ea3b251b02e9,different_values,499,day,9,8,9,8
b262fc20-a2ea-4b99-8928-ea3b251b02e9,different_values,499,quantity,92.0,1527.0,920,15270
b262fc20-a2ea-4b99-8928-ea3b251b02e9,different_values,499,weight_unit,Kilogram,Package,kilogram,package
b262fc20-a2ea-4b99-8928-ea3b251b02e9,different_values,499,region,Europe,Central America,europe,central america
b262fc20-a2ea-4b99-8928-ea3b251b02e9,different_values,499,country,Netherlands,Panama,netherlands,panama
b262fc20-a2ea-4b99-8928-ea3b251b02e9,different_values,499,department/state,South Holland,Panamá Oeste,south holland,panamá oeste
b262fc20-a2ea-4b99-8928-ea3b251b02e9,different_values,499,municipality/port,Rotterdam,,rotterdam,
b262fc20-a2ea-4b99-8928-ea3b251b02e9,different_values,499,destination_1_region,,Europe,,europe
b262fc20-a2ea-4b99-8928-ea3b251b02e9,different_values,499,destination_1_country,,Belgium,,belgium
b262fc20-a2ea-4b99-8928-ea3b251b02e9,different_values,499,destination_2_country,,South Africa,,south africa
b262fc20-a2ea-4b99-8928-ea3b251b02e9,different_values,499,description,"El martes 8 de julio, la aduana interceptó 92 kilogramos de cocaína en el puerto de Róterdam. Los narcóticos se encontraron en dos contenedores, ambos en el mismo buque. El valor de la droga supera los 2 millones de euros.","Un total de 1,527 paquetes con presunta sustancia ilícita fueron decomisados por las autoridades en un contenedor ubicado en un puerto del litoral Pacífico, en la provincia de Panamá Oeste. La operación fue ejecutada por unidades de la Dirección Nacional Antidrogas (DNA) y de la Unidad Táctica de Operaciones Antidrogas (UTOA), quienes localizaron la droga oculta dentro de varios maletines de colores, mezclados entre distintos tipos de mercancía. Según confirmó el Ministerio Público (MP), el contenedor tenía como ruta inicial Panamá-Bélgica y su destino final sería Sudáfrica.",el martes 8 de julio la aduana interceptó 92 kilogramos de cocaína en el puerto de róterdam los narcóticos se encontraron en dos contenedores ambos en el mismo buque el valor de la droga supera los 2 millones de euros,un total de 1527 paquetes con presunta sustancia ilícita fueron decomisados por las autoridades en un contenedor ubicado en un puerto del litoral pacífico en la provincia de panamá oeste la operación fue ejecutada por unidades de la dirección nacional antidrogas (dna) y de la unidad táctica de operaciones antidrogas (utoa) quienes localizaron la droga oculta dentro de varios maletines de colores mezclados entre distintos tipos de mercancía según confirmó el ministerio público (mp) el contenedor tenía como ruta inicial panamá-bélgica y su destino final sería sudáfrica
b262fc20-a2ea-4b99-8928-ea3b251b02e9,different_values,499,source_link,https://www.om.nl/actueel/nieuws/2025/07/09/92-kilo-cocaine-onderschept-in-rotterdamse-haven,https://www.panamaamerica.com.pa/provincias/incautan-mas-de-mil-paquetes-con-presunta-droga-con-ruta-panama-belgica-sudafrica-1250871,https://wwwomnl/actueel/nieuws/2025/07/09/92-kilo-cocaine-onderschept-in-rotterdamse-haven,https://wwwpanamaamericacompa/provincias/incautan-mas-de-mil-paquetes-con-presunta-droga-con-ruta-panama-belgica-sudafrica-1250871
b262fc20-a2ea-4b99-8928-ea3b251b02e9,different_values,499,archived_link,Archived Link - Netherlands,Archived Link - Panama,archived link - netherlands,archived link - panama
e9d4540f-8894-4df4-a0e7-9e7697cee901,different_values,500,date_1,2025-07-09,2025-07-09 00:00:00,2025-07-09,2025-07-09 00:00:00
e9d4540f-8894-4df4-a0e7-9e7697cee901,different_values,500,quantity,18.0,92.0,180,920
e9d4540f-8894-4df4-a0e7-9e7697cee901,different_values,500,modus_operandi/place_seizure,Land,Container,land,container
e9d4540f-8894-4df4-a0e7-9e7697cee901,different_values,500,region,South America,Europe,south america,europe
e9d4540f-8894-4df4-a0e7-9e7697cee901,different_values,500,country,Brazil,Netherlands,brazil,netherlands
e9d4540f-8894-4df4-a0e7-9e7697cee901,different_values,500,department/state,Pernambuco,South Holland,pernambuco,south holland
e9d4540f-8894-4df4-a0e7-9e7697cee901,different_values,500,municipality/port,Petronila,Rotterdam,petronila,rotterdam
e9d4540f-8894-4df4-a0e7-9e7697cee901,different_values,500,description,"La Policía Civil (PC) desactivó un laboratorio de refinación y distribución de cocaína en el barrio Cohab IV, en Petrolina , región del Sertão, Pernambuco. El operativo, realizado la tarde del martes (8), resultó en la detención de un hombre y la incautación de aproximadamente 18 kg de cocaína, una pistola, una prensa hidráulica y diversas sustancias para la preparación de estupefacientes.","El martes 8 de julio, la aduana interceptó 92 kilogramos de cocaína en el puerto de Róterdam. Los narcóticos se encontraron en dos contenedores, ambos en el mismo buque. El valor de la droga supera los 2 millones de euros.",la policía civil (pc) desactivó un laboratorio de refinación y distribución de cocaína en el barrio cohab iv en petrolina  región del sertão pernambuco el operativo realizado la tarde del martes (8) resultó en la detención de un hombre y la incautación de aproximadamente 18 kg de cocaína una pistola una prensa hidráulica y diversas sustancias para la preparación de estupefacientes,el martes 8 de julio la aduana interceptó 92 kilogramos de cocaína en el puerto de róterdam los narcóticos se encontraron en dos contenedores ambos en el mismo buque el valor de la droga supera los 2 millones de euros
e9d4540f-8894-4df4-a0e7-9e7697cee901,different_values,500,source_link,https://g1.globo.com/pe/petrolina-regiao/noticia/2025/07/09/policia-desmonta-laboratorio-de-producao-e-refino-de-cocaina-em-petrolina.ghtml,https://www.om.nl/actueel/nieuws/2025/07/09/92-kilo-cocaine-onderschept-in-rotterdamse-haven,https://g1globocom/pe/petrolina-regiao/noticia/2025/07/09/policia-desmonta-laboratorio-de-producao-e-refino-de-cocaina-em-petrolinaghtml,https://wwwomnl/actueel/nieuws/2025/07/09/92-kilo-cocaine-onderschept-in-rotterdamse-haven
e9d4540f-8894-4df4-a0e7-9e7697cee901,different_values,500,archived_link,Archived Link - Brazil,Archived Link - Netherlands,archived link - brazil,archived link - netherlands
674d8523-ffd6-4dc8-b375-27b9995ff2b1,different_values,501,date_1,2025-07-10,2025-07-09 00:00:00,2025-07-10,2025-07-09 00:00:00
674d8523-ffd6-4dc8-b375-27b9995ff2b1,different_values,501,day,10,9,10,9
674d8523-ffd6-4dc8-b375-27b9995ff2b1,different_values,501,quantity,12.0,18.0,120,180
674d8523-ffd6-4dc8-b375-27b9995ff2b1,different_values,501,modus_operandi/place_seizure,Air,Land,air,land
674d8523-ffd6-4dc8-b375-27b9995ff2b1,different_values,501,country,Peru,Brazil,peru,brazil
674d8523-ffd6-4dc8-b375-27b9995ff2b1,different_values,501,department/state,Callao,Pernambuco,callao,pernambuco
674d8523-ffd6-4dc8-b375-27b9995ff2b1,different_values,501,municipality/port,Lima,Petronila,lima,petronila
674d8523-ffd6-4dc8-b375-27b9995ff2b1,different_values,501,origin_country,Peru,,peru,
674d8523-ffd6-4dc8-b375-27b9995ff2b1,different_values,501,destination_1_region,Europe,,europe,
674d8523-ffd6-4dc8-b375-27b9995ff2b1,different_values,501,destination_1_country,Spain,,spain,
674d8523-ffd6-4dc8-b375-27b9995ff2b1,different_values,501,destination_1_department/state,Comunidad de Madrid,,comunidad de madrid,
674d8523-ffd6-4dc8-b375-27b9995ff2b1,different_values,501,destination_1_municipality/port,Madrid,,madrid,
674d8523-ffd6-4dc8-b375-27b9995ff2b1,different_values,501,description,Un ciudadano peruano fue intervenido por la Dirección Antidrogas de la Policía Nacional del Perú (Dirandro) cuando intentaba sacar del país más de 12 kilos de cocaína a través del nuevo aeropuerto internacional Jorge Chávez. El operativo se realizó el pasado 28 de junio. ,"La Policía Civil (PC) desactivó un laboratorio de refinación y distribución de cocaína en el barrio Cohab IV, en Petrolina , región del Sertão, Pernambuco. El operativo, realizado la tarde del martes (8), resultó en la detención de un hombre y la incautación de aproximadamente 18 kg de cocaína, una pistola, una prensa hidráulica y diversas sustancias para la preparación de estupefacientes.",un ciudadano peruano fue intervenido por la dirección antidrogas de la policía nacional del perú (dirandro) cuando intentaba sacar del país más de 12 kilos de cocaína a través del nuevo aeropuerto internacional jorge chávez el operativo se realizó el pasado 28 de junio,la policía civil (pc) desactivó un laboratorio de refinación y distribución de cocaína en el barrio cohab iv en petrolina  región del sertão pernambuco el operativo realizado la tarde del martes (8) resultó en la detención de un hombre y la incautación de aproximadamente 18 kg de cocaína una pistola una prensa hidráulica y diversas sustancias para la preparación de estupefacientes
674d8523-ffd6-4dc8-b375-27b9995ff2b1,different_values,501,source_link,https://elcomercio.pe/lima/nuevo-aeropuerto-jorge-chavez-cae-burrier-peruano-con-mas-de-12-kilos-de-cocaina-rumbo-a-espana-ultimas-noticia/,https://g1.globo.com/pe/petrolina-regiao/noticia/2025/07/09/policia-desmonta-laboratorio-de-producao-e-refino-de-cocaina-em-petrolina.ghtml,https://elcomerciope/lima/nuevo-aeropuerto-jorge-chavez-cae-burrier-peruano-con-mas-de-12-kilos-de-cocaina-rumbo-a-espana-ultimas-noticia/,https://g1globocom/pe/petrolina-regiao/noticia/2025/07/09/policia-desmonta-laboratorio-de-producao-e-refino-de-cocaina-em-petrolinaghtml
674d8523-ffd6-4dc8-b375-27b9995ff2b1,different_values,501,archived_link,Archived Link - Peru,Archived Link - Brazil,archived link - peru,archived link - brazil
1360a048-ce61-411d-a99d-441d2905577a,different_values,502,date_1,2025-07-10,2025-07-10 00:00:00,2025-07-10,2025-07-10 00:00:00
1360a048-ce61-411d-a99d-441d2905577a,different_values,502,quantity,106.0,12.0,1060,120
1360a048-ce61-411d-a99d-441d2905577a,different_values,502,modus_operandi/place_seizure,Land,Air,land,air
1360a048-ce61-411d-a99d-441d2905577a,different_values,502,country,Argentina,Peru,argentina,peru
1360a048-ce61-411d-a99d-441d2905577a,different_values,502,department/state,Tucumán,Callao,tucumán,callao
1360a048-ce61-411d-a99d-441d2905577a,different_values,502,municipality/port,,Lima,,lima
1360a048-ce61-411d-a99d-441d2905577a,different_values,502,origin_country,,Peru,,peru
1360a048-ce61-411d-a99d-441d2905577a,different_values,502,destination_1_region,,Europe,,europe
1360a048-ce61-411d-a99d-441d2905577a,different_values,502,destination_1_country,,Spain,,spain
1360a048-ce61-411d-a99d-441d2905577a,different_values,502,destination_1_department/state,,Comunidad de Madrid,,comunidad de madrid
1360a048-ce61-411d-a99d-441d2905577a,different_values,502,destination_1_municipality/port,,Madrid,,madrid
1360a048-ce61-411d-a99d-441d2905577a,different_values,502,description,"Detectan que dos camionetas que viajaban juntas estaban cargadas con 106 kilos de cocaína. Luego de inspeccionar los rodados, los uniformados descubrieron que ambos vehículos trasladaban paquetes rectangulares. Se extrajo un total de 101 ""ladrillos"" del interior de los paneles laterales e inferiores, de la caja de carga como así también detrás del asiento trasero. Este hallazgo derivó en la detención de cuatro personas, quienes llevaban la droga hacia Buenos Aires. Posteriormente, se realizó el registro de un domicilio ubicado en el Partido bonaerense de La Matanza, donde se secuestró elementos de interés para la causa.",Un ciudadano peruano fue intervenido por la Dirección Antidrogas de la Policía Nacional del Perú (Dirandro) cuando intentaba sacar del país más de 12 kilos de cocaína a través del nuevo aeropuerto internacional Jorge Chávez. El operativo se realizó el pasado 28 de junio. ,"detectan que dos camionetas que viajaban juntas estaban cargadas con 106 kilos de cocaína luego de inspeccionar los rodados los uniformados descubrieron que ambos vehículos trasladaban paquetes rectangulares se extrajo un total de 101 ""ladrillos"" del interior de los paneles laterales e inferiores de la caja de carga como así también detrás del asiento trasero este hallazgo derivó en la detención de cuatro personas quienes llevaban la droga hacia buenos aires posteriormente se realizó el registro de un domicilio ubicado en el partido bonaerense de la matanza donde se secuestró elementos de interés para la causa",un ciudadano peruano fue intervenido por la dirección antidrogas de la policía nacional del perú (dirandro) cuando intentaba sacar del país más de 12 kilos de cocaína a través del nuevo aeropuerto internacional jorge chávez el operativo se realizó el pasado 28 de junio
1360a048-ce61-411d-a99d-441d2905577a,different_values,502,source_link,https://www.argentina.gob.ar/noticias/tucuman-detectan-que-dos-camionetas-que-viajaban-juntas-estaban-cargadas-con-106-kilos-de,https://elcomercio.pe/lima/nuevo-aeropuerto-jorge-chavez-cae-burrier-peruano-con-mas-de-12-kilos-de-cocaina-rumbo-a-espana-ultimas-noticia/,https://wwwargentinagobar/noticias/tucuman-detectan-que-dos-camionetas-que-viajaban-juntas-estaban-cargadas-con-106-kilos-de,https://elcomerciope/lima/nuevo-aeropuerto-jorge-chavez-cae-burrier-peruano-con-mas-de-12-kilos-de-cocaina-rumbo-a-espana-ultimas-noticia/
1360a048-ce61-411d-a99d-441d2905577a,different_values,502,archived_link,Archived Link - Argentina,Archived Link - Peru,archived link - argentina,archived link - peru
3c1926e6-8a00-4550-a83d-d218fe19b0d7,different_values,503,date_1,2025-07-07,2025-07-10 00:00:00,2025-07-07,2025-07-10 00:00:00
3c1926e6-8a00-4550-a83d-d218fe19b0d7,different_values,503,day,7,10,7,10
3c1926e6-8a00-4550-a83d-d218fe19b0d7,different_values,503,quantity,14.0,106.0,140,1060
3c1926e6-8a00-4550-a83d-d218fe19b0d7,different_values,503,region,Europe,South America,europe,south america
3c1926e6-8a00-4550-a83d-d218fe19b0d7,different_values,503,country,France,Argentina,france,argentina
3c1926e6-8a00-4550-a83d-d218fe19b0d7,different_values,503,department/state,Indre-et-Loire,Tucumán,indre-et-loire,tucumán
3c1926e6-8a00-4550-a83d-d218fe19b0d7,different_values,503,municipality/port,Monnaie,,monnaie,
3c1926e6-8a00-4550-a83d-d218fe19b0d7,different_values,503,destination_1_country,Spain,,spain,
3c1926e6-8a00-4550-a83d-d218fe19b0d7,different_values,503,destination_2_country,Romania,,romania,
3c1926e6-8a00-4550-a83d-d218fe19b0d7,different_values,503,description,"Nearly 14 kilos of cocaine were discovered in a trapdoor under a car on Monday, July 7, at the Monnaie toll booth on the A10 motorway. The vehicle was traveling from Spain to Paris, then on to Germany and then Romania. ","Detectan que dos camionetas que viajaban juntas estaban cargadas con 106 kilos de cocaína. Luego de inspeccionar los rodados, los uniformados descubrieron que ambos vehículos trasladaban paquetes rectangulares. Se extrajo un total de 101 ""ladrillos"" del interior de los paneles laterales e inferiores, de la caja de carga como así también detrás del asiento trasero. Este hallazgo derivó en la detención de cuatro personas, quienes llevaban la droga hacia Buenos Aires. Posteriormente, se realizó el registro de un domicilio ubicado en el Partido bonaerense de La Matanza, donde se secuestró elementos de interés para la causa.",nearly 14 kilos of cocaine were discovered in a trapdoor under a car on monday july 7 at the monnaie toll booth on the a10 motorway the vehicle was traveling from spain to paris then on to germany and then romania,"detectan que dos camionetas que viajaban juntas estaban cargadas con 106 kilos de cocaína luego de inspeccionar los rodados los uniformados descubrieron que ambos vehículos trasladaban paquetes rectangulares se extrajo un total de 101 ""ladrillos"" del interior de los paneles laterales e inferiores de la caja de carga como así también detrás del asiento trasero este hallazgo derivó en la detención de cuatro personas quienes llevaban la droga hacia buenos aires posteriormente se realizó el registro de un domicilio ubicado en el partido bonaerense de la matanza donde se secuestró elementos de interés para la causa"
3c1926e6-8a00-4550-a83d-d218fe19b0d7,different_values,503,source_link,https://www.alouette.fr/indre-et-loire-saisie-de-cocaine-sur-l-a10,https://www.argentina.gob.ar/noticias/tucuman-detectan-que-dos-camionetas-que-viajaban-juntas-estaban-cargadas-con-106-kilos-de,https://wwwalouettefr/indre-et-loire-saisie-de-cocaine-sur-l-a10,https://wwwargentinagobar/noticias/tucuman-detectan-que-dos-camionetas-que-viajaban-juntas-estaban-cargadas-con-106-kilos-de
3c1926e6-8a00-4550-a83d-d218fe19b0d7,different_values,503,archived_link,Archived Link - France,Archived Link - Argentina,archived link - france,archived link - argentina
db90db3e-c68b-42ed-8d1a-29588470eff4,different_values,504,date_1,2025-07-10,2025-07-07 00:00:00,2025-07-10,2025-07-07 00:00:00
db90db3e-c68b-42ed-8d1a-29588470eff4,different_values,504,day,10,7,10,7
db90db3e-c68b-42ed-8d1a-29588470eff4,different_values,504,quantity,72.0,14.0,720,140
db90db3e-c68b-42ed-8d1a-29588470eff4,different_values,504,modus_operandi/place_seizure,Maritime vessel,Land,maritime vessel,land
db90db3e-c68b-42ed-8d1a-29588470eff4,different_values,504,country,Spain,France,spain,france
db90db3e-c68b-42ed-8d1a-29588470eff4,different_values,504,department/state,Gran Canaria,Indre-et-Loire,gran canaria,indre-et-loire
db90db3e-c68b-42ed-8d1a-29588470eff4,different_values,504,municipality/port,Las Palmas,Monnaie,las palmas,monnaie
db90db3e-c68b-42ed-8d1a-29588470eff4,different_values,504,destination_1_country,,Spain,,spain
db90db3e-c68b-42ed-8d1a-29588470eff4,different_values,504,destination_2_country,,Romania,,romania
db90db3e-c68b-42ed-8d1a-29588470eff4,different_values,504,description,"During an inspection, officers uncovered a large suitcase with multiple packets of cocaine in it. Officers turned up a cache of diving equipment in the hold and after finding the gear, a special unit of the Guardia Civil deployed to inspect the anchored merchant vessel and found another black wrapped package of cocaine bricks in the vessel's sea chest. ","Nearly 14 kilos of cocaine were discovered in a trapdoor under a car on Monday, July 7, at the Monnaie toll booth on the A10 motorway. The vehicle was traveling from Spain to Paris, then on to Germany and then Romania. ",during an inspection officers uncovered a large suitcase with multiple packets of cocaine in it officers turned up a cache of diving equipment in the hold and after finding the gear a special unit of the guardia civil deployed to inspect the anchored merchant vessel and found another black wrapped package of cocaine bricks in the vessel's sea chest,nearly 14 kilos of cocaine were discovered in a trapdoor under a car on monday july 7 at the monnaie toll booth on the a10 motorway the vehicle was traveling from spain to paris then on to germany and then romania
db90db3e-c68b-42ed-8d1a-29588470eff4,different_values,504,source_link,https://www.interior.gob.es/opencms/es/detalle/articulo/Detenidas-tres-personas-por-traficar-cocaina-oculta-en-el-casco-de-un-buque-en-Las-Palmas/,https://www.alouette.fr/indre-et-loire-saisie-de-cocaine-sur-l-a10,https://wwwinteriorgobes/opencms/es/detalle/articulo/detenidas-tres-personas-por-traficar-cocaina-oculta-en-el-casco-de-un-buque-en-las-palmas/,https://wwwalouettefr/indre-et-loire-saisie-de-cocaine-sur-l-a10
db90db3e-c68b-42ed-8d1a-29588470eff4,different_values,504,archived_link,Archived Link - Spain,Archived Link - France,archived link - spain,archived link - france
99f52418-c03a-4ec6-aff2-178a7832c945,different_values,505,date_1,2025-07-13,2025-07-10 00:00:00,2025-07-13,2025-07-10 00:00:00
99f52418-c03a-4ec6-aff2-178a7832c945,different_values,505,day,13,10,13,10
99f52418-c03a-4ec6-aff2-178a7832c945,different_values,505,quantity,172.0,72.0,1720,720
99f52418-c03a-4ec6-aff2-178a7832c945,different_values,505,modus_operandi/place_seizure,Land,Maritime vessel,land,maritime vessel
99f52418-c03a-4ec6-aff2-178a7832c945,different_values,505,region,South America,Europe,south america,europe
99f52418-c03a-4ec6-aff2-178a7832c945,different_values,505,country,Argentina,Spain,argentina,spain
99f52418-c03a-4ec6-aff2-178a7832c945,different_values,505,department/state,Salta,Gran Canaria,salta,gran canaria
99f52418-c03a-4ec6-aff2-178a7832c945,different_values,505,municipality/port,Chaco,Las Palmas,chaco,las palmas
99f52418-c03a-4ec6-aff2-178a7832c945,different_values,505,description,"Members of the National Gendarmerie seized more than 172 kilos of cocaine that were being transported from Apolinario Saravia (Salta) to Corrientes , hidden in a double bottom of a cage truck","During an inspection, officers uncovered a large suitcase with multiple packets of cocaine in it. Officers turned up a cache of diving equipment in the hold and after finding the gear, a special unit of the Guardia Civil deployed to inspect the anchored merchant vessel and found another black wrapped package of cocaine bricks in the vessel's sea chest. ",members of the national gendarmerie seized more than 172 kilos of cocaine that were being transported from apolinario saravia (salta) to corrientes  hidden in a double bottom of a cage truck,during an inspection officers uncovered a large suitcase with multiple packets of cocaine in it officers turned up a cache of diving equipment in the hold and after finding the gear a special unit of the guardia civil deployed to inspect the anchored merchant vessel and found another black wrapped package of cocaine bricks in the vessel's sea chest
99f52418-c03a-4ec6-aff2-178a7832c945,different_values,505,source_link,https://www.eltribuno.com/policiales/2025-7-13-19-13-0-cayo-en-chaco-un-camion-narco-que-salio-de-salta-llevaba-172-kilos-de-cocaina-ocultos,https://www.interior.gob.es/opencms/es/detalle/articulo/Detenidas-tres-personas-por-traficar-cocaina-oculta-en-el-casco-de-un-buque-en-Las-Palmas/,https://wwweltribunocom/policiales/2025-7-13-19-13-0-cayo-en-chaco-un-camion-narco-que-salio-de-salta-llevaba-172-kilos-de-cocaina-ocultos,https://wwwinteriorgobes/opencms/es/detalle/articulo/detenidas-tres-personas-por-traficar-cocaina-oculta-en-el-casco-de-un-buque-en-las-palmas/
99f52418-c03a-4ec6-aff2-178a7832c945,different_values,505,archived_link,Archived Link - Argentina,Archived Link - Spain,archived link - argentina,archived link - spain
b602e771-4a29-4b12-b4bd-454dc0d1adf2,different_values,506,date_1,2025-07-13,2025-07-13 00:00:00,2025-07-13,2025-07-13 00:00:00
b602e771-4a29-4b12-b4bd-454dc0d1adf2,different_values,506,quantity,106.0,172.0,1060,1720
b602e771-4a29-4b12-b4bd-454dc0d1adf2,different_values,506,municipality/port,Cafayate,Chaco,cafayate,chaco
b602e771-4a29-4b12-b4bd-454dc0d1adf2,different_values,506,description,Four Cafayate residents arrested with 106 kilos of cocaine. They were traveling in two Volkswagen Saveiro vans. The drugs were destined for Buenos Aires.,"Members of the National Gendarmerie seized more than 172 kilos of cocaine that were being transported from Apolinario Saravia (Salta) to Corrientes , hidden in a double bottom of a cage truck",four cafayate residents arrested with 106 kilos of cocaine they were traveling in two volkswagen saveiro vans the drugs were destined for buenos aires,members of the national gendarmerie seized more than 172 kilos of cocaine that were being transported from apolinario saravia (salta) to corrientes  hidden in a double bottom of a cage truck
b602e771-4a29-4b12-b4bd-454dc0d1adf2,different_values,506,source_link,https://www.eltribuno.com/policiales/2025-7-14-0-0-0-cuatro-cafayatenos-detenidos-con-106-kilos-de-cocaina,https://www.eltribuno.com/policiales/2025-7-13-19-13-0-cayo-en-chaco-un-camion-narco-que-salio-de-salta-llevaba-172-kilos-de-cocaina-ocultos,https://wwweltribunocom/policiales/2025-7-14-0-0-0-cuatro-cafayatenos-detenidos-con-106-kilos-de-cocaina,https://wwweltribunocom/policiales/2025-7-13-19-13-0-cayo-en-chaco-un-camion-narco-que-salio-de-salta-llevaba-172-kilos-de-cocaina-ocultos
e275b451-687c-4167-bb2f-de5cedde37ee,different_values,507,date_1,2025-07-13,2025-07-13 00:00:00,2025-07-13,2025-07-13 00:00:00
e275b451-687c-4167-bb2f-de5cedde37ee,different_values,507,quantity,242.0,106.0,2420,1060
e275b451-687c-4167-bb2f-de5cedde37ee,different_values,507,country,Colombia,Argentina,colombia,argentina
e275b451-687c-4167-bb2f-de5cedde37ee,different_values,507,department/state,Norte de Santander,Salta,norte de santander,salta
e275b451-687c-4167-bb2f-de5cedde37ee,different_values,507,municipality/port,Cúcuta,Cafayate,cúcuta,cafayate
e275b451-687c-4167-bb2f-de5cedde37ee,different_values,507,description,"A cocaine laboratory was located and destroyed in the Buena Esperanza area of Cúcuta, Norte de Santander, belonging to the ELN. 242 kilograms of cocaine hydrochloride, 204 gallons of cocaine being processed, 107 gallons of cocaine base, and 1,200 gallons of liquid inputs and 75 kilograms of solid inputs were seized",Four Cafayate residents arrested with 106 kilos of cocaine. They were traveling in two Volkswagen Saveiro vans. The drugs were destined for Buenos Aires.,a cocaine laboratory was located and destroyed in the buena esperanza area of cúcuta norte de santander belonging to the eln 242 kilograms of cocaine hydrochloride 204 gallons of cocaine being processed 107 gallons of cocaine base and 1200 gallons of liquid inputs and 75 kilograms of solid inputs were seized,four cafayate residents arrested with 106 kilos of cocaine they were traveling in two volkswagen saveiro vans the drugs were destined for buenos aires
e275b451-687c-4167-bb2f-de5cedde37ee,different_values,507,criminal_group_1,National Liberation Army (ELN) ,,national liberation army (eln),
e275b451-687c-4167-bb2f-de5cedde37ee,different_values,507,source_link,https://www.laopinion.co/judicial/desmantelan-laboratorio-del-eln-en-zona-rural-de-cucuta,https://www.eltribuno.com/policiales/2025-7-14-0-0-0-cuatro-cafayatenos-detenidos-con-106-kilos-de-cocaina,https://wwwlaopinionco/judicial/desmantelan-laboratorio-del-eln-en-zona-rural-de-cucuta,https://wwweltribunocom/policiales/2025-7-14-0-0-0-cuatro-cafayatenos-detenidos-con-106-kilos-de-cocaina
e275b451-687c-4167-bb2f-de5cedde37ee,different_values,507,archived_link,Archived Link - Colombia,Archived Link - Argentina,archived link - colombia,archived link - argentina
4afce547-e720-4cca-acaa-c989d489a38d,different_values,508,date_1,2025-07-12,2025-07-13 00:00:00,2025-07-12,2025-07-13 00:00:00
4afce547-e720-4cca-acaa-c989d489a38d,different_values,508,day,12,13,12,13
4afce547-e720-4cca-acaa-c989d489a38d,different_values,508,quantity,600.0,242.0,6000,2420
4afce547-e720-4cca-acaa-c989d489a38d,different_values,508,region,Central America,South America,central america,south america
4afce547-e720-4cca-acaa-c989d489a38d,different_values,508,country,Nicaragua,Colombia,nicaragua,colombia
4afce547-e720-4cca-acaa-c989d489a38d,different_values,508,department/state,Chinandega,Norte de Santander,chinandega,norte de santander
4afce547-e720-4cca-acaa-c989d489a38d,different_values,508,municipality/port,,Cúcuta,,cúcuta
4afce547-e720-4cca-acaa-c989d489a38d,different_values,508,description,"The Nicaraguan Army  seized 600 kilos of cocaine in an operation near the border with Honduras, where an alleged drug trafficker died after a confrontation with uniformed officers. ","A cocaine laboratory was located and destroyed in the Buena Esperanza area of Cúcuta, Norte de Santander, belonging to the ELN. 242 kilograms of cocaine hydrochloride, 204 gallons of cocaine being processed, 107 gallons of cocaine base, and 1,200 gallons of liquid inputs and 75 kilograms of solid inputs were seized",the nicaraguan army  seized 600 kilos of cocaine in an operation near the border with honduras where an alleged drug trafficker died after a confrontation with uniformed officers,a cocaine laboratory was located and destroyed in the buena esperanza area of cúcuta norte de santander belonging to the eln 242 kilograms of cocaine hydrochloride 204 gallons of cocaine being processed 107 gallons of cocaine base and 1200 gallons of liquid inputs and 75 kilograms of solid inputs were seized
4afce547-e720-4cca-acaa-c989d489a38d,different_values,508,criminal_group_1,,National Liberation Army (ELN) ,,national liberation army (eln)
4afce547-e720-4cca-acaa-c989d489a38d,different_values,508,source_link,https://www.swissinfo.ch/spa/el-ej%C3%A9rcito-de-nicaragua-incauta-600-kilos-de-coca%C3%ADna-y-mata-a-un-sospechoso/89669148,https://www.laopinion.co/judicial/desmantelan-laboratorio-del-eln-en-zona-rural-de-cucuta,https://wwwswissinfoch/spa/el-ej%c3%a9rcito-de-nicaragua-incauta-600-kilos-de-coca%c3%adna-y-mata-a-un-sospechoso/89669148,https://wwwlaopinionco/judicial/desmantelan-laboratorio-del-eln-en-zona-rural-de-cucuta
4afce547-e720-4cca-acaa-c989d489a38d,different_values,508,archived_link,Archived Link - Nicaragua,Archived Link - Colombia,archived link - nicaragua,archived link - colombia
4e8e67ea-b964-45c9-a576-6c8184c1a054,different_values,509,date_1,2025-07-13,2025-07-12 00:00:00,2025-07-13,2025-07-12 00:00:00
4e8e67ea-b964-45c9-a576-6c8184c1a054,different_values,509,day,13,12,13,12
4e8e67ea-b964-45c9-a576-6c8184c1a054,different_values,509,quantity,26.0,600.0,260,6000
4e8e67ea-b964-45c9-a576-6c8184c1a054,different_values,509,region,South America,Central America,south america,central america
4e8e67ea-b964-45c9-a576-6c8184c1a054,different_values,509,country,Venezuela,Nicaragua,venezuela,nicaragua
4e8e67ea-b964-45c9-a576-6c8184c1a054,different_values,509,department/state,Táchira,Chinandega,táchira,chinandega
4e8e67ea-b964-45c9-a576-6c8184c1a054,different_values,509,description,"The Bolivarian National Armed Forces (FANB) of Venezuela arrested two men in the state of Táchira (northwest, bordering Colombia) for carrying 26 kilos of cocaine in 23 packages","The Nicaraguan Army  seized 600 kilos of cocaine in an operation near the border with Honduras, where an alleged drug trafficker died after a confrontation with uniformed officers. ",the bolivarian national armed forces (fanb) of venezuela arrested two men in the state of táchira (northwest bordering colombia) for carrying 26 kilos of cocaine in 23 packages,the nicaraguan army  seized 600 kilos of cocaine in an operation near the border with honduras where an alleged drug trafficker died after a confrontation with uniformed officers
4e8e67ea-b964-45c9-a576-6c8184c1a054,different_values,509,source_link,https://www.elnacional.com/2025/07/la-fanb-detiene-a-dos-hombres-por-llevar-kilos-de-cocaina/,https://www.swissinfo.ch/spa/el-ej%C3%A9rcito-de-nicaragua-incauta-600-kilos-de-coca%C3%ADna-y-mata-a-un-sospechoso/89669148,https://wwwelnacionalcom/2025/07/la-fanb-detiene-a-dos-hombres-por-llevar-kilos-de-cocaina/,https://wwwswissinfoch/spa/el-ej%c3%a9rcito-de-nicaragua-incauta-600-kilos-de-coca%c3%adna-y-mata-a-un-sospechoso/89669148
4e8e67ea-b964-45c9-a576-6c8184c1a054,different_values,509,archived_link,Archived Link - Venezuela,Archived Link - Nicaragua,archived link - venezuela,archived link - nicaragua
94aed7b7-ede2-43d9-9056-4f52e6522f9e,different_values,510,date_1,2025-07-13,2025-07-13 00:00:00,2025-07-13,2025-07-13 00:00:00
94aed7b7-ede2-43d9-9056-4f52e6522f9e,different_values,510,quantity,20.0,26.0,200,260
94aed7b7-ede2-43d9-9056-4f52e6522f9e,different_values,510,department/state,Zulia,Táchira,zulia,táchira
94aed7b7-ede2-43d9-9056-4f52e6522f9e,different_values,510,description,"In Zulia state, authorities arrested a foreigner, whose nationality was unknown, and seized 20 kilos of cocaine in 20 packages, ","The Bolivarian National Armed Forces (FANB) of Venezuela arrested two men in the state of Táchira (northwest, bordering Colombia) for carrying 26 kilos of cocaine in 23 packages",in zulia state authorities arrested a foreigner whose nationality was unknown and seized 20 kilos of cocaine in 20 packages,the bolivarian national armed forces (fanb) of venezuela arrested two men in the state of táchira (northwest bordering colombia) for carrying 26 kilos of cocaine in 23 packages
c17de63a-bd55-4b03-80e9-99c6a45391d3,different_values,511,date_1,2025-07-14,2025-07-13 00:00:00,2025-07-14,2025-07-13 00:00:00
c17de63a-bd55-4b03-80e9-99c6a45391d3,different_values,511,day,14,13,14,13
c17de63a-bd55-4b03-80e9-99c6a45391d3,different_values,511,quantity,107.0,20.0,1070,200
c17de63a-bd55-4b03-80e9-99c6a45391d3,different_values,511,country,Colombia,Venezuela,colombia,venezuela
c17de63a-bd55-4b03-80e9-99c6a45391d3,different_values,511,department/state,Nariño,Zulia,nariño,zulia
c17de63a-bd55-4b03-80e9-99c6a45391d3,different_values,511,municipality/port,Ipiales,,ipiales,
c17de63a-bd55-4b03-80e9-99c6a45391d3,different_values,511,description,Army officers located and seized more than 100 kilograms of cocaine hydrochloride near the Yaramal district of the municipality of Ipiales. ,"In Zulia state, authorities arrested a foreigner, whose nationality was unknown, and seized 20 kilos of cocaine in 20 packages, ",army officers located and seized more than 100 kilograms of cocaine hydrochloride near the yaramal district of the municipality of ipiales,in zulia state authorities arrested a foreigner whose nationality was unknown and seized 20 kilos of cocaine in 20 packages
c17de63a-bd55-4b03-80e9-99c6a45391d3,different_values,511,criminal_group_1,Comandos de la Frontera,,comandos de la frontera,
c17de63a-bd55-4b03-80e9-99c6a45391d3,different_values,511,source_link,https://www.radioipiales.co/2025/07/en-yaramal-se-logro-la-incautacion-de-mas-de-100-kilos-de-clorhidrato-de-cocaina/,https://www.elnacional.com/2025/07/la-fanb-detiene-a-dos-hombres-por-llevar-kilos-de-cocaina/,https://wwwradioipialesco/2025/07/en-yaramal-se-logro-la-incautacion-de-mas-de-100-kilos-de-clorhidrato-de-cocaina/,https://wwwelnacionalcom/2025/07/la-fanb-detiene-a-dos-hombres-por-llevar-kilos-de-cocaina/
c17de63a-bd55-4b03-80e9-99c6a45391d3,different_values,511,archived_link,Archived Link - Colombia,Archived Link - Venezuela,archived link - colombia,archived link - venezuela
995d84a2-2d6e-4d46-83d1-2da7314b8512,different_values,512,date_1,2025-07-13,2025-07-14 00:00:00,2025-07-13,2025-07-14 00:00:00
995d84a2-2d6e-4d46-83d1-2da7314b8512,different_values,512,day,13,14,13,14
995d84a2-2d6e-4d46-83d1-2da7314b8512,different_values,512,quantity,1045.0,107.0,10450,1070
995d84a2-2d6e-4d46-83d1-2da7314b8512,different_values,512,modus_operandi/place_seizure,Maritime vessel,Land,maritime vessel,land
995d84a2-2d6e-4d46-83d1-2da7314b8512,different_values,512,region,Caribbean,South America,caribbean,south america
995d84a2-2d6e-4d46-83d1-2da7314b8512,different_values,512,country,Haiti,Colombia,haiti,colombia
995d84a2-2d6e-4d46-83d1-2da7314b8512,different_values,512,department/state,Nord-Ouest,Nariño,nord-ouest,nariño
995d84a2-2d6e-4d46-83d1-2da7314b8512,different_values,512,municipality/port,Tortue Island,Ipiales,tortue island,ipiales
995d84a2-2d6e-4d46-83d1-2da7314b8512,different_values,512,description,"Haitian National Police seized 1,045 kilos of cocaine on Tortue Island, in the North-West department, confiscated a boat, arrested an individual, and killed several others an exchange of gunfire",Army officers located and seized more than 100 kilograms of cocaine hydrochloride near the Yaramal district of the municipality of Ipiales. ,haitian national police seized 1045 kilos of cocaine on tortue island in the north-west department confiscated a boat arrested an individual and killed several others an exchange of gunfire,army officers located and seized more than 100 kilograms of cocaine hydrochloride near the yaramal district of the municipality of ipiales
995d84a2-2d6e-4d46-83d1-2da7314b8512,different_values,512,criminal_group_1,,Comandos de la Frontera,,comandos de la frontera
995d84a2-2d6e-4d46-83d1-2da7314b8512,different_values,512,source_link,https://www.alterpresse.org/spip.php?article31942,https://www.radioipiales.co/2025/07/en-yaramal-se-logro-la-incautacion-de-mas-de-100-kilos-de-clorhidrato-de-cocaina/,https://wwwalterpresseorg/spipphp?article31942,https://wwwradioipialesco/2025/07/en-yaramal-se-logro-la-incautacion-de-mas-de-100-kilos-de-clorhidrato-de-cocaina/
995d84a2-2d6e-4d46-83d1-2da7314b8512,different_values,512,archived_link,Archived Link - Haiti,Archived Link - Colombia,archived link - haiti,archived link - colombia
7bbec597-0c49-4494-8713-d8190684a02e,different_values,513,date_1,2025-07-12,2025-07-13 00:00:00,2025-07-12,2025-07-13 00:00:00
7bbec597-0c49-4494-8713-d8190684a02e,different_values,513,day,12,13,12,13
7bbec597-0c49-4494-8713-d8190684a02e,different_values,513,quantity,4.2,1045.0,42,10450
7bbec597-0c49-4494-8713-d8190684a02e,different_values,513,modus_operandi/place_seizure,Air,Maritime vessel,air,maritime vessel
7bbec597-0c49-4494-8713-d8190684a02e,different_values,513,region,Africa,Caribbean,africa,caribbean
7bbec597-0c49-4494-8713-d8190684a02e,different_values,513,country,Mali,Haiti,mali,haiti
7bbec597-0c49-4494-8713-d8190684a02e,different_values,513,department/state,Bamako,Nord-Ouest,bamako,nord-ouest
7bbec597-0c49-4494-8713-d8190684a02e,different_values,513,municipality/port,,Tortue Island,,tortue island
7bbec597-0c49-4494-8713-d8190684a02e,different_values,513,destination_1_country,Morocco,,morocco,
7bbec597-0c49-4494-8713-d8190684a02e,different_values,513,destination_1_department/state,Casablanca,,casablanca,
7bbec597-0c49-4494-8713-d8190684a02e,different_values,513,description,"A 39-year-old Malian woman was arrested at Bamako-Sénou airport with 4.2 kg of cocaine hidden in her suitcases on the night of July 12-13, 2025,","Haitian National Police seized 1,045 kilos of cocaine on Tortue Island, in the North-West department, confiscated a boat, arrested an individual, and killed several others an exchange of gunfire",a 39-year-old malian woman was arrested at bamako-sénou airport with 42 kg of cocaine hidden in her suitcases on the night of july 12-13 2025,haitian national police seized 1045 kilos of cocaine on tortue island in the north-west department confiscated a boat arrested an individual and killed several others an exchange of gunfire
7bbec597-0c49-4494-8713-d8190684a02e,different_values,513,source_link,https://fr.apanews.net/news/mali-42-kg-de-cocaine-saisis-a-laeroport-modibo%E2%80%91keita/,https://www.alterpresse.org/spip.php?article31942,https://frapanewsnet/news/mali-42-kg-de-cocaine-saisis-a-laeroport-modibo%e2%80%91keita/,https://wwwalterpresseorg/spipphp?article31942
7bbec597-0c49-4494-8713-d8190684a02e,different_values,513,archived_link,Archived Link - Mali,Archived Link - Haiti,archived link - mali,archived link - haiti
8be8d932-c10b-4f7e-bd5e-03057e26d87d,different_values,514,date_1,2025-07-14,2025-07-12 00:00:00,2025-07-14,2025-07-12 00:00:00
8be8d932-c10b-4f7e-bd5e-03057e26d87d,different_values,514,day,14,12,14,12
8be8d932-c10b-4f7e-bd5e-03057e26d87d,different_values,514,quantity,7.0,4.2,70,42
8be8d932-c10b-4f7e-bd5e-03057e26d87d,different_values,514,modus_operandi/place_seizure,Land,Air,land,air
8be8d932-c10b-4f7e-bd5e-03057e26d87d,different_values,514,region,South America,Africa,south america,africa
8be8d932-c10b-4f7e-bd5e-03057e26d87d,different_values,514,country,Brazil,Mali,brazil,mali
8be8d932-c10b-4f7e-bd5e-03057e26d87d,different_values,514,department/state,São Paulo,Bamako,são paulo,bamako
8be8d932-c10b-4f7e-bd5e-03057e26d87d,different_values,514,municipality/port,Presidente Bernardes ,,presidente bernardes,
8be8d932-c10b-4f7e-bd5e-03057e26d87d,different_values,514,destination_1_country,,Morocco,,morocco
8be8d932-c10b-4f7e-bd5e-03057e26d87d,different_values,514,destination_1_department/state,,Casablanca,,casablanca
8be8d932-c10b-4f7e-bd5e-03057e26d87d,different_values,514,description,"A Bolivian was arrested after transporting seven kilos of cocaine hidden inside beets at km 585 of the Raposo Tavares Highway (SP-270), in Presidente Bernardes (SP)","A 39-year-old Malian woman was arrested at Bamako-Sénou airport with 4.2 kg of cocaine hidden in her suitcases on the night of July 12-13, 2025,",a bolivian was arrested after transporting seven kilos of cocaine hidden inside beets at km 585 of the raposo tavares highway (sp-270) in presidente bernardes (sp),a 39-year-old malian woman was arrested at bamako-sénou airport with 42 kg of cocaine hidden in her suitcases on the night of july 12-13 2025
8be8d932-c10b-4f7e-bd5e-03057e26d87d,different_values,514,source_link,https://g1.globo.com/sp/presidente-prudente-regiao/noticia/2025/07/14/boliviano-e-preso-ao-transportar-7kg-de-cocaina-escondidos-dentro-de-beterrabas-em-presidente-bernardes.ghtml,https://fr.apanews.net/news/mali-42-kg-de-cocaine-saisis-a-laeroport-modibo%E2%80%91keita/,https://g1globocom/sp/presidente-prudente-regiao/noticia/2025/07/14/boliviano-e-preso-ao-transportar-7kg-de-cocaina-escondidos-dentro-de-beterrabas-em-presidente-bernardesghtml,https://frapanewsnet/news/mali-42-kg-de-cocaine-saisis-a-laeroport-modibo%e2%80%91keita/
8be8d932-c10b-4f7e-bd5e-03057e26d87d,different_values,514,archived_link,Archived Link - Brazil,Archived Link - Mali,archived link - brazil,archived link - mali
da22558d-ea4b-423f-8be0-054efd5bc011,different_values,515,date_1,2025-07-13,2025-07-14 00:00:00,2025-07-13,2025-07-14 00:00:00
da22558d-ea4b-423f-8be0-054efd5bc011,different_values,515,day,13,14,13,14
da22558d-ea4b-423f-8be0-054efd5bc011,different_values,515,quantity,1045.0,7.0,10450,70
da22558d-ea4b-423f-8be0-054efd5bc011,different_values,515,modus_operandi/place_seizure,Maritime vessel,Land,maritime vessel,land
da22558d-ea4b-423f-8be0-054efd5bc011,different_values,515,region,Caribbean,South America,caribbean,south america
da22558d-ea4b-423f-8be0-054efd5bc011,different_values,515,country,Haiti,Brazil,haiti,brazil
da22558d-ea4b-423f-8be0-054efd5bc011,different_values,515,department/state,Nord-Ouest,São Paulo,nord-ouest,são paulo
da22558d-ea4b-423f-8be0-054efd5bc011,different_values,515,municipality/port,Turtle Island,Presidente Bernardes ,turtle island,presidente bernardes
da22558d-ea4b-423f-8be0-054efd5bc011,different_values,515,description,"Two Jamaicans and a Bahamian were killed in Haiti in a shootout with police during an anti-drug operation in which 1,045 kilos of cocaine were seized","A Bolivian was arrested after transporting seven kilos of cocaine hidden inside beets at km 585 of the Raposo Tavares Highway (SP-270), in Presidente Bernardes (SP)",two jamaicans and a bahamian were killed in haiti in a shootout with police during an anti-drug operation in which 1045 kilos of cocaine were seized,a bolivian was arrested after transporting seven kilos of cocaine hidden inside beets at km 585 of the raposo tavares highway (sp-270) in presidente bernardes (sp)
da22558d-ea4b-423f-8be0-054efd5bc011,different_values,515,source_link,https://lenouvelliste.com/article/258040/la-pnh-intercepte-1-045-kg-de-cocaine-au-large-du-nord-ouest,https://g1.globo.com/sp/presidente-prudente-regiao/noticia/2025/07/14/boliviano-e-preso-ao-transportar-7kg-de-cocaina-escondidos-dentro-de-beterrabas-em-presidente-bernardes.ghtml,https://lenouvellistecom/article/258040/la-pnh-intercepte-1-045-kg-de-cocaine-au-large-du-nord-ouest,https://g1globocom/sp/presidente-prudente-regiao/noticia/2025/07/14/boliviano-e-preso-ao-transportar-7kg-de-cocaina-escondidos-dentro-de-beterrabas-em-presidente-bernardesghtml
da22558d-ea4b-423f-8be0-054efd5bc011,different_values,515,archived_link,Archived Link - Haiti,Archived Link - Brazil,archived link - haiti,archived link - brazil
150398df-4c88-45bb-980b-aa870f065ed8,different_values,516,date_1,2025-07-14,2025-07-13 00:00:00,2025-07-14,2025-07-13 00:00:00
150398df-4c88-45bb-980b-aa870f065ed8,different_values,516,day,14,13,14,13
150398df-4c88-45bb-980b-aa870f065ed8,different_values,516,quantity,457.8,1045.0,4578,10450
150398df-4c88-45bb-980b-aa870f065ed8,different_values,516,country,Puerto Rico,Haiti,puerto rico,haiti
150398df-4c88-45bb-980b-aa870f065ed8,different_values,516,department/state,Maunabo,Nord-Ouest,maunabo,nord-ouest
150398df-4c88-45bb-980b-aa870f065ed8,different_values,516,municipality/port,Punta Tuna,Turtle Island,punta tuna,turtle island
150398df-4c88-45bb-980b-aa870f065ed8,different_values,516,description,"U.S. Customs and Border Protection, nabbed a yola-type vessel Saturday arresting 3 aliens from the Venezuela and seizing 1,009 pounds (457.8 kilograms) of cocaine in southeastern Puerto Rico.","Two Jamaicans and a Bahamian were killed in Haiti in a shootout with police during an anti-drug operation in which 1,045 kilos of cocaine were seized",us customs and border protection nabbed a yola-type vessel saturday arresting 3 aliens from the venezuela and seizing 1009 pounds (4578 kilograms) of cocaine in southeastern puerto rico,two jamaicans and a bahamian were killed in haiti in a shootout with police during an anti-drug operation in which 1045 kilos of cocaine were seized
150398df-4c88-45bb-980b-aa870f065ed8,different_values,516,source_link,https://www.cbp.gov/newsroom/local-media-release/amo-seizes-more-1000-pounds-cocaine-and-arrests-3-venezuelan-aliens,https://lenouvelliste.com/article/258040/la-pnh-intercepte-1-045-kg-de-cocaine-au-large-du-nord-ouest,https://wwwcbpgov/newsroom/local-media-release/amo-seizes-more-1000-pounds-cocaine-and-arrests-3-venezuelan-aliens,https://lenouvellistecom/article/258040/la-pnh-intercepte-1-045-kg-de-cocaine-au-large-du-nord-ouest
150398df-4c88-45bb-980b-aa870f065ed8,different_values,516,archived_link,Archived Link - Puerto Rico,Archived Link - Haiti,archived link - puerto rico,archived link - haiti
1bb22296-a3b1-4ad7-baa3-e56e3b854506,different_values,517,date_1,2025-07-14,2025-07-14 00:00:00,2025-07-14,2025-07-14 00:00:00
1bb22296-a3b1-4ad7-baa3-e56e3b854506,different_values,517,quantity,64.0,457.8,640,4578
1bb22296-a3b1-4ad7-baa3-e56e3b854506,different_values,517,modus_operandi/place_seizure,Land,Maritime vessel,land,maritime vessel
1bb22296-a3b1-4ad7-baa3-e56e3b854506,different_values,517,region,South America,Caribbean,south america,caribbean
1bb22296-a3b1-4ad7-baa3-e56e3b854506,different_values,517,country,Colombia,Puerto Rico,colombia,puerto rico
1bb22296-a3b1-4ad7-baa3-e56e3b854506,different_values,517,department/state,Antioquia,Maunabo,antioquia,maunabo
1bb22296-a3b1-4ad7-baa3-e56e3b854506,different_values,517,municipality/port,Copacabana,Punta Tuna,copacabana,punta tuna
1bb22296-a3b1-4ad7-baa3-e56e3b854506,different_values,517,description,"At the scene , 64 kilos of solid cocaine hydrochloride, 76 gallons of the same alkaloid in suspension, 8 kilos of cocaine base, 18 gallons of liquid cocaine base, as well as 536 gallons of liquid ingredients and 110 kilos of solid ingredients were seized. ","U.S. Customs and Border Protection, nabbed a yola-type vessel Saturday arresting 3 aliens from the Venezuela and seizing 1,009 pounds (457.8 kilograms) of cocaine in southeastern Puerto Rico.",at the scene  64 kilos of solid cocaine hydrochloride 76 gallons of the same alkaloid in suspension 8 kilos of cocaine base 18 gallons of liquid cocaine base as well as 536 gallons of liquid ingredients and 110 kilos of solid ingredients were seized,us customs and border protection nabbed a yola-type vessel saturday arresting 3 aliens from the venezuela and seizing 1009 pounds (4578 kilograms) of cocaine in southeastern puerto rico
1bb22296-a3b1-4ad7-baa3-e56e3b854506,different_values,517,criminal_group_1,AGC,,agc,
1bb22296-a3b1-4ad7-baa3-e56e3b854506,different_values,517,source_link,https://caracol.com.co/2025/07/14/destruyen-laboratorio-de-cocaina-en-zona-rural-de-copacabana/,https://www.cbp.gov/newsroom/local-media-release/amo-seizes-more-1000-pounds-cocaine-and-arrests-3-venezuelan-aliens,https://caracolcomco/2025/07/14/destruyen-laboratorio-de-cocaina-en-zona-rural-de-copacabana/,https://wwwcbpgov/newsroom/local-media-release/amo-seizes-more-1000-pounds-cocaine-and-arrests-3-venezuelan-aliens
1bb22296-a3b1-4ad7-baa3-e56e3b854506,different_values,517,archived_link,Archived Link - Colombia,Archived Link - Puerto Rico,archived link - colombia,archived link - puerto rico
ca111b8d-8f83-444d-9f7e-3e102ffad9b8,different_values,518,date_1,2025-07-14,2025-07-14 00:00:00,2025-07-14,2025-07-14 00:00:00
ca111b8d-8f83-444d-9f7e-3e102ffad9b8,different_values,518,quantity,7200.0,64.0,72000,640
ca111b8d-8f83-444d-9f7e-3e102ffad9b8,different_values,518,country,Peru,Colombia,peru,colombia
ca111b8d-8f83-444d-9f7e-3e102ffad9b8,different_values,518,department/state,Junín,Antioquia,junín,antioquia
ca111b8d-8f83-444d-9f7e-3e102ffad9b8,different_values,518,municipality/port,Satipo,Copacabana,satipo,copacabana
ca111b8d-8f83-444d-9f7e-3e102ffad9b8,different_values,518,description,"During the operation, more than 7.2 tons of cocaine in solution, 19.8 tons of coca leaf in the maceration process, and 3.4 tons of controlled chemical inputs were seized. ","At the scene , 64 kilos of solid cocaine hydrochloride, 76 gallons of the same alkaloid in suspension, 8 kilos of cocaine base, 18 gallons of liquid cocaine base, as well as 536 gallons of liquid ingredients and 110 kilos of solid ingredients were seized. ",during the operation more than 72 tons of cocaine in solution 198 tons of coca leaf in the maceration process and 34 tons of controlled chemical inputs were seized,at the scene  64 kilos of solid cocaine hydrochloride 76 gallons of the same alkaloid in suspension 8 kilos of cocaine base 18 gallons of liquid cocaine base as well as 536 gallons of liquid ingredients and 110 kilos of solid ingredients were seized
ca111b8d-8f83-444d-9f7e-3e102ffad9b8,different_values,518,criminal_group_1,,AGC,,agc
ca111b8d-8f83-444d-9f7e-3e102ffad9b8,different_values,518,source_link,https://rpp.pe/peru/actualidad/vraem-destruyen-tres-laboratorios-de-droga-en-vizcatan-y-decomisan-72-toneladas-de-cocaina-noticia-1646341,https://caracol.com.co/2025/07/14/destruyen-laboratorio-de-cocaina-en-zona-rural-de-copacabana/,https://rpppe/peru/actualidad/vraem-destruyen-tres-laboratorios-de-droga-en-vizcatan-y-decomisan-72-toneladas-de-cocaina-noticia-1646341,https://caracolcomco/2025/07/14/destruyen-laboratorio-de-cocaina-en-zona-rural-de-copacabana/
ca111b8d-8f83-444d-9f7e-3e102ffad9b8,different_values,518,archived_link,Archived Link - Peru,Archived Link - Colombia,archived link - peru,archived link - colombia
84e3117d-ccd1-45c6-bafd-36e18fb2fd56,different_values,519,date_1,2025-07-15,2025-07-14 00:00:00,2025-07-15,2025-07-14 00:00:00
84e3117d-ccd1-45c6-bafd-36e18fb2fd56,different_values,519,day,15,14,15,14
84e3117d-ccd1-45c6-bafd-36e18fb2fd56,different_values,519,quantity,52.0,7200.0,520,72000
84e3117d-ccd1-45c6-bafd-36e18fb2fd56,different_values,519,region,Central America,South America,central america,south america
84e3117d-ccd1-45c6-bafd-36e18fb2fd56,different_values,519,country,Honduras,Peru,honduras,peru
84e3117d-ccd1-45c6-bafd-36e18fb2fd56,different_values,519,department/state,Gracias a Dios,Junín,gracias a dios,junín
84e3117d-ccd1-45c6-bafd-36e18fb2fd56,different_values,519,municipality/port,La Mosquitia,Satipo,la mosquitia,satipo
84e3117d-ccd1-45c6-bafd-36e18fb2fd56,different_values,519,description,"Authorities found two bales containing approximately 52 kilograms of suspected cocaine sector in the La Mosquitia , Gracias a Dios department","During the operation, more than 7.2 tons of cocaine in solution, 19.8 tons of coca leaf in the maceration process, and 3.4 tons of controlled chemical inputs were seized. ",authorities found two bales containing approximately 52 kilograms of suspected cocaine sector in the la mosquitia  gracias a dios department,during the operation more than 72 tons of cocaine in solution 198 tons of coca leaf in the maceration process and 34 tons of controlled chemical inputs were seized
84e3117d-ccd1-45c6-bafd-36e18fb2fd56,different_values,519,source_link,https://www.elheraldo.hn/sucesos/incautan-52-kilos-con-supuesta-cocaina-valorada-en-l18-millones-en-gracias-a-dios-EB26634132,https://rpp.pe/peru/actualidad/vraem-destruyen-tres-laboratorios-de-droga-en-vizcatan-y-decomisan-72-toneladas-de-cocaina-noticia-1646341,https://wwwelheraldohn/sucesos/incautan-52-kilos-con-supuesta-cocaina-valorada-en-l18-millones-en-gracias-a-dios-eb26634132,https://rpppe/peru/actualidad/vraem-destruyen-tres-laboratorios-de-droga-en-vizcatan-y-decomisan-72-toneladas-de-cocaina-noticia-1646341
84e3117d-ccd1-45c6-bafd-36e18fb2fd56,different_values,519,archived_link,Archived Link - Honduras,Archived Link - Peru,archived link - honduras,archived link - peru
becf2810-29b2-4986-993f-676b40948263,different_values,520,date_1,2025-07-12,2025-07-15 00:00:00,2025-07-12,2025-07-15 00:00:00
becf2810-29b2-4986-993f-676b40948263,different_values,520,day,12,15,12,15
becf2810-29b2-4986-993f-676b40948263,different_values,520,quantity,79.0,52.0,790,520
becf2810-29b2-4986-993f-676b40948263,different_values,520,region,South America,Central America,south america,central america
becf2810-29b2-4986-993f-676b40948263,different_values,520,country,Bolivia,Honduras,bolivia,honduras
becf2810-29b2-4986-993f-676b40948263,different_values,520,department/state,Santa Cruz,Gracias a Dios,santa cruz,gracias a dios
becf2810-29b2-4986-993f-676b40948263,different_values,520,municipality/port,,La Mosquitia,,la mosquitia
becf2810-29b2-4986-993f-676b40948263,different_values,520,description,"On the highway between Villamontes and Paraguay, intercepted a red Volvo tanker truck with license plate 2456-BKT, driven by Fran David Domínguez Callaú. After a search, officers discovered 79 kilos of high-purity cocaine hidden in one of the vehicle's rear tires. ","Authorities found two bales containing approximately 52 kilograms of suspected cocaine sector in the La Mosquitia , Gracias a Dios department",on the highway between villamontes and paraguay intercepted a red volvo tanker truck with license plate 2456-bkt driven by fran david domínguez callaú after a search officers discovered 79 kilos of high-purity cocaine hidden in one of the vehicle's rear tires,authorities found two bales containing approximately 52 kilograms of suspected cocaine sector in the la mosquitia  gracias a dios department
becf2810-29b2-4986-993f-676b40948263,different_values,520,source_link,https://eldeber.com.bo/santa-cruz/mujer-sorprende-al-reclamar-en-la-audiencia-su-camion-descubierto-con-droga_522737/,https://www.elheraldo.hn/sucesos/incautan-52-kilos-con-supuesta-cocaina-valorada-en-l18-millones-en-gracias-a-dios-EB26634132,https://eldebercombo/santa-cruz/mujer-sorprende-al-reclamar-en-la-audiencia-su-camion-descubierto-con-droga_522737/,https://wwwelheraldohn/sucesos/incautan-52-kilos-con-supuesta-cocaina-valorada-en-l18-millones-en-gracias-a-dios-eb26634132
becf2810-29b2-4986-993f-676b40948263,different_values,520,archived_link,Archived Link - Bolivia,Archived Link - Honduras,archived link - bolivia,archived link - honduras
fb3b738c-e3c3-4fc7-8119-670d1d027552,different_values,521,date_1,2025-07-16,2025-07-12 00:00:00,2025-07-16,2025-07-12 00:00:00
fb3b738c-e3c3-4fc7-8119-670d1d027552,different_values,521,day,16,12,16,12
fb3b738c-e3c3-4fc7-8119-670d1d027552,different_values,521,quantity,5.8,79.0,58,790
fb3b738c-e3c3-4fc7-8119-670d1d027552,different_values,521,modus_operandi/place_seizure,Air,Land,air,land
fb3b738c-e3c3-4fc7-8119-670d1d027552,different_values,521,region,Central America,South America,central america,south america
fb3b738c-e3c3-4fc7-8119-670d1d027552,different_values,521,country,Guatemala,Bolivia,guatemala,bolivia
fb3b738c-e3c3-4fc7-8119-670d1d027552,different_values,521,department/state,,Santa Cruz,,santa cruz
fb3b738c-e3c3-4fc7-8119-670d1d027552,different_values,521,origin_country,Colombia,,colombia,
fb3b738c-e3c3-4fc7-8119-670d1d027552,different_values,521,transit_1_region,Central America,,central america,
fb3b738c-e3c3-4fc7-8119-670d1d027552,different_values,521,transit_1_country,Panama,,panama,
fb3b738c-e3c3-4fc7-8119-670d1d027552,different_values,521,transit_2_region,Central America,,central america,
fb3b738c-e3c3-4fc7-8119-670d1d027552,different_values,521,transit_2_country,Guatemala,,guatemala,
fb3b738c-e3c3-4fc7-8119-670d1d027552,different_values,521,description,"The National Civil Police (PNC) reported the arrest of a Greek man at La Aurora International Airport after drugs were found in his cargo. Gargannis allegedly transported the illegal items in a false-bottomed truck, where 5,885 grams of cocaine were found. ","On the highway between Villamontes and Paraguay, intercepted a red Volvo tanker truck with license plate 2456-BKT, driven by Fran David Domínguez Callaú. After a search, officers discovered 79 kilos of high-purity cocaine hidden in one of the vehicle's rear tires. ",the national civil police (pnc) reported the arrest of a greek man at la aurora international airport after drugs were found in his cargo gargannis allegedly transported the illegal items in a false-bottomed truck where 5885 grams of cocaine were found,on the highway between villamontes and paraguay intercepted a red volvo tanker truck with license plate 2456-bkt driven by fran david domínguez callaú after a search officers discovered 79 kilos of high-purity cocaine hidden in one of the vehicle's rear tires
fb3b738c-e3c3-4fc7-8119-670d1d027552,different_values,521,source_link,https://lahora.gt/nacionales/ypena/2025/07/16/griego-es-capturado-en-aeropuerto-la-aurora-con-presunta-cocaina-dentro-de-una-bocina/,https://eldeber.com.bo/santa-cruz/mujer-sorprende-al-reclamar-en-la-audiencia-su-camion-descubierto-con-droga_522737/,https://lahoragt/nacionales/ypena/2025/07/16/griego-es-capturado-en-aeropuerto-la-aurora-con-presunta-cocaina-dentro-de-una-bocina/,https://eldebercombo/santa-cruz/mujer-sorprende-al-reclamar-en-la-audiencia-su-camion-descubierto-con-droga_522737/
fb3b738c-e3c3-4fc7-8119-670d1d027552,different_values,521,archived_link,Archived Link - Guatemala,Archived Link - Bolivia,archived link - guatemala,archived link - bolivia
3100f76d-872a-4a63-8431-d676b664c785,different_values,522,date_1,2025-07-16,2025-07-16 00:00:00,2025-07-16,2025-07-16 00:00:00
3100f76d-872a-4a63-8431-d676b664c785,different_values,522,quantity,820.0,5.8,8200,58
3100f76d-872a-4a63-8431-d676b664c785,different_values,522,modus_operandi/place_seizure,Container,Air,container,air
3100f76d-872a-4a63-8431-d676b664c785,different_values,522,region,Europe,Central America,europe,central america
3100f76d-872a-4a63-8431-d676b664c785,different_values,522,country,Russia,Guatemala,russia,guatemala
3100f76d-872a-4a63-8431-d676b664c785,different_values,522,origin_country,,Colombia,,colombia
3100f76d-872a-4a63-8431-d676b664c785,different_values,522,transit_1_region,,Central America,,central america
3100f76d-872a-4a63-8431-d676b664c785,different_values,522,transit_1_country,,Panama,,panama
3100f76d-872a-4a63-8431-d676b664c785,different_values,522,transit_2_region,,Central America,,central america
3100f76d-872a-4a63-8431-d676b664c785,different_values,522,transit_2_country,,Guatemala,,guatemala
3100f76d-872a-4a63-8431-d676b664c785,different_values,522,description,"Russia said Wednesday it had seized 820 kilograms of cocaine hidden under a shipment of bananas, calling it its largest bust of drugs from Latin America this year.","The National Civil Police (PNC) reported the arrest of a Greek man at La Aurora International Airport after drugs were found in his cargo. Gargannis allegedly transported the illegal items in a false-bottomed truck, where 5,885 grams of cocaine were found. ",russia said wednesday it had seized 820 kilograms of cocaine hidden under a shipment of bananas calling it its largest bust of drugs from latin america this year,the national civil police (pnc) reported the arrest of a greek man at la aurora international airport after drugs were found in his cargo gargannis allegedly transported the illegal items in a false-bottomed truck where 5885 grams of cocaine were found
3100f76d-872a-4a63-8431-d676b664c785,different_values,522,source_link,https://www.jamaicaobserver.com/2025/07/16/russia-seizes-150-m-cocaine-haul-hidden-banana-shipment/,https://lahora.gt/nacionales/ypena/2025/07/16/griego-es-capturado-en-aeropuerto-la-aurora-con-presunta-cocaina-dentro-de-una-bocina/,https://wwwjamaicaobservercom/2025/07/16/russia-seizes-150-m-cocaine-haul-hidden-banana-shipment/,https://lahoragt/nacionales/ypena/2025/07/16/griego-es-capturado-en-aeropuerto-la-aurora-con-presunta-cocaina-dentro-de-una-bocina/
3100f76d-872a-4a63-8431-d676b664c785,different_values,522,archived_link,Archived Link - Russia,Archived Link - Guatemala,archived link - russia,archived link - guatemala
36c75145-1fb3-41a6-bf43-a4a81fea8220,different_values,523,time_unit,Month,Individual,month,individual
36c75145-1fb3-41a6-bf43-a4a81fea8220,different_values,523,date_1,2025-06-25,2025-07-16 00:00:00,2025-06-25,2025-07-16 00:00:00
36c75145-1fb3-41a6-bf43-a4a81fea8220,different_values,523,date_2,2025-07-03,,2025-07-03,
36c75145-1fb3-41a6-bf43-a4a81fea8220,different_values,523,month,6,7,6,7
36c75145-1fb3-41a6-bf43-a4a81fea8220,different_values,523,day,25,16,25,16
36c75145-1fb3-41a6-bf43-a4a81fea8220,different_values,523,duration,8,,8,
36c75145-1fb3-41a6-bf43-a4a81fea8220,different_values,523,quantity,4200.0,820.0,42000,8200
36c75145-1fb3-41a6-bf43-a4a81fea8220,different_values,523,modus_operandi/place_seizure,Maritime vessel,Container,maritime vessel,container
36c75145-1fb3-41a6-bf43-a4a81fea8220,different_values,523,region,Caribbean,Europe,caribbean,europe
36c75145-1fb3-41a6-bf43-a4a81fea8220,different_values,523,country,,Russia,,russia
36c75145-1fb3-41a6-bf43-a4a81fea8220,different_values,523,description,"Seizures took place on June 25 (two incidents) and July 3, the smuggling boats—so-called go-fasts—were initially detected by a U.S. patrol aircraft and the Dutch Caribbean Coast Guard deployed fast interceptor boats. The seized drug shipments consisted of 700 kg, 1,000 kg, and 2,500 kg respectively","Russia said Wednesday it had seized 820 kilograms of cocaine hidden under a shipment of bananas, calling it its largest bust of drugs from Latin America this year.",seizures took place on june 25 (two incidents) and july 3 the smuggling boats—so-called go-fasts—were initially detected by a us patrol aircraft and the dutch caribbean coast guard deployed fast interceptor boats the seized drug shipments consisted of 700 kg 1000 kg and 2500 kg respectively,russia said wednesday it had seized 820 kilograms of cocaine hidden under a shipment of bananas calling it its largest bust of drugs from latin america this year
36c75145-1fb3-41a6-bf43-a4a81fea8220,different_values,523,source_link,https://www.curacaochronicle.com/post/local/dutch-naval-ship-intercepts-over-4200-kilos-of-drugs-in-caribbean-sea/,https://www.jamaicaobserver.com/2025/07/16/russia-seizes-150-m-cocaine-haul-hidden-banana-shipment/,https://wwwcuracaochroniclecom/post/local/dutch-naval-ship-intercepts-over-4200-kilos-of-drugs-in-caribbean-sea/,https://wwwjamaicaobservercom/2025/07/16/russia-seizes-150-m-cocaine-haul-hidden-banana-shipment/
36c75145-1fb3-41a6-bf43-a4a81fea8220,different_values,523,archived_link,Archived Link - ,Archived Link - Russia,archived link -,archived link - russia
3117f4e4-bcf4-483d-b1b8-b1012d769209,different_values,524,time_unit,Individual,Month,individual,month
3117f4e4-bcf4-483d-b1b8-b1012d769209,different_values,524,date_1,2025-07-16,2025-06-25 00:00:00,2025-07-16,2025-06-25 00:00:00
3117f4e4-bcf4-483d-b1b8-b1012d769209,different_values,524,date_2,,2025-07-03 00:00:00,,2025-07-03 00:00:00
3117f4e4-bcf4-483d-b1b8-b1012d769209,different_values,524,month,7,6,7,6
3117f4e4-bcf4-483d-b1b8-b1012d769209,different_values,524,day,16,25,16,25
3117f4e4-bcf4-483d-b1b8-b1012d769209,different_values,524,duration,,8,,8
3117f4e4-bcf4-483d-b1b8-b1012d769209,different_values,524,quantity,559.0,4200.0,5590,42000
3117f4e4-bcf4-483d-b1b8-b1012d769209,different_values,524,region,North America,Caribbean,north america,caribbean
3117f4e4-bcf4-483d-b1b8-b1012d769209,different_values,524,country,Mexico,,mexico,
3117f4e4-bcf4-483d-b1b8-b1012d769209,different_values,524,department/state,Oaxaca,,oaxaca,
3117f4e4-bcf4-483d-b1b8-b1012d769209,different_values,524,description,"mexican authorities seized approximately 559 kilos of cocaine , 685 liters of fuel , and a boat near the Gulf of Tehuantepec , off the coast of Oaxaca ,","Seizures took place on June 25 (two incidents) and July 3, the smuggling boats—so-called go-fasts—were initially detected by a U.S. patrol aircraft and the Dutch Caribbean Coast Guard deployed fast interceptor boats. The seized drug shipments consisted of 700 kg, 1,000 kg, and 2,500 kg respectively",mexican authorities seized approximately 559 kilos of cocaine  685 liters of fuel  and a boat near the gulf of tehuantepec  off the coast of oaxaca,seizures took place on june 25 (two incidents) and july 3 the smuggling boats—so-called go-fasts—were initially detected by a us patrol aircraft and the dutch caribbean coast guard deployed fast interceptor boats the seized drug shipments consisted of 700 kg 1000 kg and 2500 kg respectively
3117f4e4-bcf4-483d-b1b8-b1012d769209,different_values,524,source_link,https://www.sinembargo.mx/4677106/la-semar-asegura-559-kilos-de-cocaina-y-detiene-a-4-personas-en-las-costas-de-oaxaca/,https://www.curacaochronicle.com/post/local/dutch-naval-ship-intercepts-over-4200-kilos-of-drugs-in-caribbean-sea/,https://wwwsinembargomx/4677106/la-semar-asegura-559-kilos-de-cocaina-y-detiene-a-4-personas-en-las-costas-de-oaxaca/,https://wwwcuracaochroniclecom/post/local/dutch-naval-ship-intercepts-over-4200-kilos-of-drugs-in-caribbean-sea/
3117f4e4-bcf4-483d-b1b8-b1012d769209,different_values,524,archived_link,Archived Link - Mexico,Archived Link - ,archived link - mexico,archived link -
860f651c-107f-4054-a299-ec512bb93937,different_values,525,date_1,2025-07-16,2025-07-16 00:00:00,2025-07-16,2025-07-16 00:00:00
860f651c-107f-4054-a299-ec512bb93937,different_values,525,quantity,3075.0,559.0,30750,5590
860f651c-107f-4054-a299-ec512bb93937,different_values,525,sub_modus_operandi,Narco Sub,,narco sub,
860f651c-107f-4054-a299-ec512bb93937,different_values,525,region,South America,North America,south america,north america
860f651c-107f-4054-a299-ec512bb93937,different_values,525,country,Venezuela,Mexico,venezuela,mexico
860f651c-107f-4054-a299-ec512bb93937,different_values,525,department/state,,Oaxaca,,oaxaca
860f651c-107f-4054-a299-ec512bb93937,different_values,525,origin_country,Colombia,,colombia,
860f651c-107f-4054-a299-ec512bb93937,different_values,525,description,"Four people were arrested in Venezuela for trafficking 3,075 kilos of cocaine in a ""narco-submarine"" that left Colombia ","mexican authorities seized approximately 559 kilos of cocaine , 685 liters of fuel , and a boat near the Gulf of Tehuantepec , off the coast of Oaxaca ,","four people were arrested in venezuela for trafficking 3075 kilos of cocaine in a ""narco-submarine"" that left colombia",mexican authorities seized approximately 559 kilos of cocaine  685 liters of fuel  and a boat near the gulf of tehuantepec  off the coast of oaxaca
860f651c-107f-4054-a299-ec512bb93937,different_values,525,source_link,https://www.wradio.com.co/2025/07/17/venezuela-detuvo-a-cuatro-personas-con-tres-toneladas-de-cocaina-provenientes-de-colombia/,https://www.sinembargo.mx/4677106/la-semar-asegura-559-kilos-de-cocaina-y-detiene-a-4-personas-en-las-costas-de-oaxaca/,https://wwwwradiocomco/2025/07/17/venezuela-detuvo-a-cuatro-personas-con-tres-toneladas-de-cocaina-provenientes-de-colombia/,https://wwwsinembargomx/4677106/la-semar-asegura-559-kilos-de-cocaina-y-detiene-a-4-personas-en-las-costas-de-oaxaca/
860f651c-107f-4054-a299-ec512bb93937,different_values,525,archived_link,Archived Link - Venezuela,Archived Link - Mexico,archived link - venezuela,archived link - mexico
5642b236-7aeb-4f54-8f65-623dce33fc81,different_values,526,date_1,2025-07-16,2025-07-16 00:00:00,2025-07-16,2025-07-16 00:00:00
5642b236-7aeb-4f54-8f65-623dce33fc81,different_values,526,quantity,1203.0,3075.0,12030,30750
5642b236-7aeb-4f54-8f65-623dce33fc81,different_values,526,modus_operandi/place_seizure,Land,Maritime vessel,land,maritime vessel
5642b236-7aeb-4f54-8f65-623dce33fc81,different_values,526,sub_modus_operandi,,Narco Sub,,narco sub
5642b236-7aeb-4f54-8f65-623dce33fc81,different_values,526,country,Colombia,Venezuela,colombia,venezuela
5642b236-7aeb-4f54-8f65-623dce33fc81,different_values,526,department/state,La Guajira,,la guajira,
5642b236-7aeb-4f54-8f65-623dce33fc81,different_values,526,origin_country,,Colombia,,colombia
5642b236-7aeb-4f54-8f65-623dce33fc81,different_values,526,description,"During the search, officers identified irregularities in the structure hydrochloride inside of the vehicle's tank, finding a total of 1,203 packages of cocaine , camouflaged using a concealment method known as ""caleta."" ","Four people were arrested in Venezuela for trafficking 3,075 kilos of cocaine in a ""narco-submarine"" that left Colombia ","during the search officers identified irregularities in the structure hydrochloride inside of the vehicle's tank finding a total of 1203 packages of cocaine  camouflaged using a concealment method known as ""caleta""","four people were arrested in venezuela for trafficking 3075 kilos of cocaine in a ""narco-submarine"" that left colombia"
5642b236-7aeb-4f54-8f65-623dce33fc81,different_values,526,source_link,https://www.elheraldo.co/la-guajira/2025/07/16/hallan-mas-de-1200-panelas-de-cocaina-en-camion-cisterna-en-carreteras-de-la-guajira/,https://www.wradio.com.co/2025/07/17/venezuela-detuvo-a-cuatro-personas-con-tres-toneladas-de-cocaina-provenientes-de-colombia/,https://wwwelheraldoco/la-guajira/2025/07/16/hallan-mas-de-1200-panelas-de-cocaina-en-camion-cisterna-en-carreteras-de-la-guajira/,https://wwwwradiocomco/2025/07/17/venezuela-detuvo-a-cuatro-personas-con-tres-toneladas-de-cocaina-provenientes-de-colombia/
5642b236-7aeb-4f54-8f65-623dce33fc81,different_values,526,archived_link,Archived Link - Colombia,Archived Link - Venezuela,archived link - colombia,archived link - venezuela
88e600e1-eceb-4341-b4d0-cee3d07293be,different_values,527,date_1,2025-07-16,2025-07-16 00:00:00,2025-07-16,2025-07-16 00:00:00
88e600e1-eceb-4341-b4d0-cee3d07293be,different_values,527,quantity,11.0,1203.0,110,12030
88e600e1-eceb-4341-b4d0-cee3d07293be,different_values,527,region,Europe,South America,europe,south america
88e600e1-eceb-4341-b4d0-cee3d07293be,different_values,527,country,Italy,Colombia,italy,colombia
88e600e1-eceb-4341-b4d0-cee3d07293be,different_values,527,department/state,Lombardy,La Guajira,lombardy,la guajira
88e600e1-eceb-4341-b4d0-cee3d07293be,different_values,527,municipality/port,Milan,,milan,
88e600e1-eceb-4341-b4d0-cee3d07293be,different_values,527,description,"Police officers arrested a 23-year-old Moroccan man, seized 11 kilos of cocaine","During the search, officers identified irregularities in the structure hydrochloride inside of the vehicle's tank, finding a total of 1,203 packages of cocaine , camouflaged using a concealment method known as ""caleta."" ",police officers arrested a 23-year-old moroccan man seized 11 kilos of cocaine,"during the search officers identified irregularities in the structure hydrochloride inside of the vehicle's tank finding a total of 1203 packages of cocaine  camouflaged using a concealment method known as ""caleta"""
88e600e1-eceb-4341-b4d0-cee3d07293be,different_values,527,source_link,https://pocketnews.it/spacciava-cocaina-in-moto-23enne-arrestato-con-11-kg-di-droga-e-66mila-euro-in-contanti/,https://www.elheraldo.co/la-guajira/2025/07/16/hallan-mas-de-1200-panelas-de-cocaina-en-camion-cisterna-en-carreteras-de-la-guajira/,https://pocketnewsit/spacciava-cocaina-in-moto-23enne-arrestato-con-11-kg-di-droga-e-66mila-euro-in-contanti/,https://wwwelheraldoco/la-guajira/2025/07/16/hallan-mas-de-1200-panelas-de-cocaina-en-camion-cisterna-en-carreteras-de-la-guajira/
88e600e1-eceb-4341-b4d0-cee3d07293be,different_values,527,archived_link,Archived Link - Italy,Archived Link - Colombia,archived link - italy,archived link - colombia
56f4dd72-4e1f-4bc1-9b87-8db12fa3dce0,different_values,528,date_1,2025-07-14,2025-07-16 00:00:00,2025-07-14,2025-07-16 00:00:00
56f4dd72-4e1f-4bc1-9b87-8db12fa3dce0,different_values,528,day,14,16,14,16
56f4dd72-4e1f-4bc1-9b87-8db12fa3dce0,different_values,528,quantity,932.0,11.0,9320,110
56f4dd72-4e1f-4bc1-9b87-8db12fa3dce0,different_values,528,modus_operandi/place_seizure,Maritime vessel,Land,maritime vessel,land
56f4dd72-4e1f-4bc1-9b87-8db12fa3dce0,different_values,528,region,Oceania,Europe,oceania,europe
56f4dd72-4e1f-4bc1-9b87-8db12fa3dce0,different_values,528,country,French Polynesia,Italy,french polynesia,italy
56f4dd72-4e1f-4bc1-9b87-8db12fa3dce0,different_values,528,department/state,Marquesas Islands,Lombardy,marquesas islands,lombardy
56f4dd72-4e1f-4bc1-9b87-8db12fa3dce0,different_values,528,municipality/port,,Milan,,milan
56f4dd72-4e1f-4bc1-9b87-8db12fa3dce0,different_values,528,description,"In the Marquesas Islands, customs seized 900 kg of cocaine and 180 kg of methamphetamine on a sailboat ","Police officers arrested a 23-year-old Moroccan man, seized 11 kilos of cocaine",in the marquesas islands customs seized 900 kg of cocaine and 180 kg of methamphetamine on a sailboat,police officers arrested a 23-year-old moroccan man seized 11 kilos of cocaine
56f4dd72-4e1f-4bc1-9b87-8db12fa3dce0,different_values,528,source_link,https://www.20minutes.fr/faits_divers/4163820-20250716-polynesie-900-kg-cocaine-saisis-voilier-large-marquises-saisie-record,https://pocketnews.it/spacciava-cocaina-in-moto-23enne-arrestato-con-11-kg-di-droga-e-66mila-euro-in-contanti/,https://www20minutesfr/faits_divers/4163820-20250716-polynesie-900-kg-cocaine-saisis-voilier-large-marquises-saisie-record,https://pocketnewsit/spacciava-cocaina-in-moto-23enne-arrestato-con-11-kg-di-droga-e-66mila-euro-in-contanti/
56f4dd72-4e1f-4bc1-9b87-8db12fa3dce0,different_values,528,archived_link,Archived Link - French Polynesia,Archived Link - Italy,archived link - french polynesia,archived link - italy
5a78ea15-0178-4e7a-a262-bf1e908943ee,different_values,529,date_1,2025-06-14,2025-07-14 00:00:00,2025-06-14,2025-07-14 00:00:00
5a78ea15-0178-4e7a-a262-bf1e908943ee,different_values,529,month,6,7,6,7
5a78ea15-0178-4e7a-a262-bf1e908943ee,different_values,529,quantity,1680.0,932.0,16800,9320
5a78ea15-0178-4e7a-a262-bf1e908943ee,different_values,529,region,Europe,Oceania,europe,oceania
5a78ea15-0178-4e7a-a262-bf1e908943ee,different_values,529,country,Portugal,French Polynesia,portugal,french polynesia
5a78ea15-0178-4e7a-a262-bf1e908943ee,different_values,529,department/state,Azores Islands,Marquesas Islands,azores islands,marquesas islands
5a78ea15-0178-4e7a-a262-bf1e908943ee,different_values,529,transit_1_region,Caribbean,,caribbean,
5a78ea15-0178-4e7a-a262-bf1e908943ee,different_values,529,transit_1_country,Trinidad and Tobago,,trinidad and tobago,
5a78ea15-0178-4e7a-a262-bf1e908943ee,different_values,529,description,"Four of its members were arrested during an operation in which a total of 1,680 kilograms of cocaine were seized during the boarding and inspection of a vessel. ","In the Marquesas Islands, customs seized 900 kg of cocaine and 180 kg of methamphetamine on a sailboat ",four of its members were arrested during an operation in which a total of 1680 kilograms of cocaine were seized during the boarding and inspection of a vessel,in the marquesas islands customs seized 900 kg of cocaine and 180 kg of methamphetamine on a sailboat
5a78ea15-0178-4e7a-a262-bf1e908943ee,different_values,529,source_link,https://www.interior.gob.es/opencms/gl/detalle/articulo/Desarticulada-una-organizacion-criminal-e-intervenidos-1.680-kilogramos-de-cocaina-en-una-embarcacion-procedente-de-Sudamerica/,https://www.20minutes.fr/faits_divers/4163820-20250716-polynesie-900-kg-cocaine-saisis-voilier-large-marquises-saisie-record,https://wwwinteriorgobes/opencms/gl/detalle/articulo/desarticulada-una-organizacion-criminal-e-intervenidos-1680-kilogramos-de-cocaina-en-una-embarcacion-procedente-de-sudamerica/,https://www20minutesfr/faits_divers/4163820-20250716-polynesie-900-kg-cocaine-saisis-voilier-large-marquises-saisie-record
5a78ea15-0178-4e7a-a262-bf1e908943ee,different_values,529,archived_link,Archived Link - Portugal,Archived Link - French Polynesia,archived link - portugal,archived link - french polynesia
a8812303-a8c0-4d82-ac9d-41fdc15fa003,different_values,530,date_1,2025-07-17,2025-06-14 00:00:00,2025-07-17,2025-06-14 00:00:00
a8812303-a8c0-4d82-ac9d-41fdc15fa003,different_values,530,month,7,6,7,6
a8812303-a8c0-4d82-ac9d-41fdc15fa003,different_values,530,day,17,14,17,14
a8812303-a8c0-4d82-ac9d-41fdc15fa003,different_values,530,quantity,79.0,1680.0,790,16800
a8812303-a8c0-4d82-ac9d-41fdc15fa003,different_values,530,modus_operandi/place_seizure,Land,Maritime vessel,land,maritime vessel
a8812303-a8c0-4d82-ac9d-41fdc15fa003,different_values,530,region,North America,Europe,north america,europe
a8812303-a8c0-4d82-ac9d-41fdc15fa003,different_values,530,country,Mexico,Portugal,mexico,portugal
a8812303-a8c0-4d82-ac9d-41fdc15fa003,different_values,530,department/state,San Luis Potosí,Azores Islands,san luis potosí,azores islands
a8812303-a8c0-4d82-ac9d-41fdc15fa003,different_values,530,transit_1_region,,Caribbean,,caribbean
a8812303-a8c0-4d82-ac9d-41fdc15fa003,different_values,530,transit_1_country,,Trinidad and Tobago,,trinidad and tobago
a8812303-a8c0-4d82-ac9d-41fdc15fa003,different_values,530,description,Man charged with carrying nearly 80 kilos of cocaine hidden under mango trees in San Luis Potosí ,"Four of its members were arrested during an operation in which a total of 1,680 kilograms of cocaine were seized during the boarding and inspection of a vessel. ",man charged with carrying nearly 80 kilos of cocaine hidden under mango trees in san luis potosí,four of its members were arrested during an operation in which a total of 1680 kilograms of cocaine were seized during the boarding and inspection of a vessel
a8812303-a8c0-4d82-ac9d-41fdc15fa003,different_values,530,source_link,https://www.infobae.com/mexico/2025/07/17/procesan-a-hombre-que-llevaba-casi-80-kilos-de-cocaina-escondidos-debajo-de-mangos-en-san-luis-potosi/,https://www.interior.gob.es/opencms/gl/detalle/articulo/Desarticulada-una-organizacion-criminal-e-intervenidos-1.680-kilogramos-de-cocaina-en-una-embarcacion-procedente-de-Sudamerica/,https://wwwinfobaecom/mexico/2025/07/17/procesan-a-hombre-que-llevaba-casi-80-kilos-de-cocaina-escondidos-debajo-de-mangos-en-san-luis-potosi/,https://wwwinteriorgobes/opencms/gl/detalle/articulo/desarticulada-una-organizacion-criminal-e-intervenidos-1680-kilogramos-de-cocaina-en-una-embarcacion-procedente-de-sudamerica/
a8812303-a8c0-4d82-ac9d-41fdc15fa003,different_values,530,archived_link,Archived Link - Mexico,Archived Link - Portugal,archived link - mexico,archived link - portugal
0d398304-e274-4a12-9515-509d7de5660f,different_values,531,date_1,2025-07-16,2025-07-17 00:00:00,2025-07-16,2025-07-17 00:00:00
0d398304-e274-4a12-9515-509d7de5660f,different_values,531,day,16,17,16,17
0d398304-e274-4a12-9515-509d7de5660f,different_values,531,quantity,100.0,79.0,1000,790
0d398304-e274-4a12-9515-509d7de5660f,different_values,531,modus_operandi/place_seizure,Air,Land,air,land
0d398304-e274-4a12-9515-509d7de5660f,different_values,531,region,Europe,North America,europe,north america
0d398304-e274-4a12-9515-509d7de5660f,different_values,531,country,Portugal,Mexico,portugal,mexico
0d398304-e274-4a12-9515-509d7de5660f,different_values,531,department/state,Porto,San Luis Potosí,porto,san luis potosí
0d398304-e274-4a12-9515-509d7de5660f,different_values,531,transit_1_region,South America,,south america,
0d398304-e274-4a12-9515-509d7de5660f,different_values,531,transit_1_country,Brazil,,brazil,
0d398304-e274-4a12-9515-509d7de5660f,different_values,531,transit_1_department/state,São Paulo,,são paulo,
0d398304-e274-4a12-9515-509d7de5660f,different_values,531,description,"seizure of 100 kilos of cocaine and the arrest of four people at Francisco Sá Carneiro Airport, in the city of Porto, Portugal. ",Man charged with carrying nearly 80 kilos of cocaine hidden under mango trees in San Luis Potosí ,seizure of 100 kilos of cocaine and the arrest of four people at francisco sá carneiro airport in the city of porto portugal,man charged with carrying nearly 80 kilos of cocaine hidden under mango trees in san luis potosí
0d398304-e274-4a12-9515-509d7de5660f,different_values,531,criminal_group_1,PCC,,pcc,
0d398304-e274-4a12-9515-509d7de5660f,different_values,531,source_link,https://oglobo.globo.com/brasil/noticia/2025/07/17/policia-apreende-100-kg-de-cocaina-do-brasil-em-rota-usada-pelo-pcc-e-prende-quatro-suspeitos-no-aeroporto-do-porto.ghtml,https://www.infobae.com/mexico/2025/07/17/procesan-a-hombre-que-llevaba-casi-80-kilos-de-cocaina-escondidos-debajo-de-mangos-en-san-luis-potosi/,https://ogloboglobocom/brasil/noticia/2025/07/17/policia-apreende-100-kg-de-cocaina-do-brasil-em-rota-usada-pelo-pcc-e-prende-quatro-suspeitos-no-aeroporto-do-portoghtml,https://wwwinfobaecom/mexico/2025/07/17/procesan-a-hombre-que-llevaba-casi-80-kilos-de-cocaina-escondidos-debajo-de-mangos-en-san-luis-potosi/
0d398304-e274-4a12-9515-509d7de5660f,different_values,531,archived_link,Archived Link - Portugal,Archived Link - Mexico,archived link - portugal,archived link - mexico
5c03f922-6fe6-4b5d-b731-ff75ec758d75,different_values,532,date_1,2025-07-16,2025-07-16 00:00:00,2025-07-16,2025-07-16 00:00:00
5c03f922-6fe6-4b5d-b731-ff75ec758d75,different_values,532,quantity,200.0,100.0,2000,1000
5c03f922-6fe6-4b5d-b731-ff75ec758d75,different_values,532,modus_operandi/place_seizure,Container,Air,container,air
5c03f922-6fe6-4b5d-b731-ff75ec758d75,different_values,532,department/state,Oeste,Porto,oeste,porto
5c03f922-6fe6-4b5d-b731-ff75ec758d75,different_values,532,municipality/port,Bombarral,,bombarral,
5c03f922-6fe6-4b5d-b731-ff75ec758d75,different_values,532,transit_1_region,Europe,South America,europe,south america
5c03f922-6fe6-4b5d-b731-ff75ec758d75,different_values,532,transit_1_country,Spain,Brazil,spain,brazil
5c03f922-6fe6-4b5d-b731-ff75ec758d75,different_values,532,transit_1_department/state,Vigo,São Paulo,vigo,são paulo
5c03f922-6fe6-4b5d-b731-ff75ec758d75,different_values,532,destination_1_region,Europe,,europe,
5c03f922-6fe6-4b5d-b731-ff75ec758d75,different_values,532,destination_1_country,Portugal,,portugal,
5c03f922-6fe6-4b5d-b731-ff75ec758d75,different_values,532,description,"An investigation by the Judicial Police (PJ), in collaboration with Spanish customs authorities, resulted in the seizure of more than 200 kilos of cocaine mixed with cat litter imported from Brazil by a company based in Gondomar.","seizure of 100 kilos of cocaine and the arrest of four people at Francisco Sá Carneiro Airport, in the city of Porto, Portugal. ",an investigation by the judicial police (pj) in collaboration with spanish customs authorities resulted in the seizure of more than 200 kilos of cocaine mixed with cat litter imported from brazil by a company based in gondomar,seizure of 100 kilos of cocaine and the arrest of four people at francisco sá carneiro airport in the city of porto portugal
5c03f922-6fe6-4b5d-b731-ff75ec758d75,different_values,532,criminal_group_1,,PCC,,pcc
f660f9b9-f491-467f-a8ee-80f25b319e70,different_values,533,date_1,2025-07-17,2025-07-16 00:00:00,2025-07-17,2025-07-16 00:00:00
f660f9b9-f491-467f-a8ee-80f25b319e70,different_values,533,day,17,16,17,16
f660f9b9-f491-467f-a8ee-80f25b319e70,different_values,533,quantity,1500.0,200.0,15000,2000
f660f9b9-f491-467f-a8ee-80f25b319e70,different_values,533,modus_operandi/place_seizure,Maritime vessel,Container,maritime vessel,container
f660f9b9-f491-467f-a8ee-80f25b319e70,different_values,533,region,Central America,Europe,central america,europe
f660f9b9-f491-467f-a8ee-80f25b319e70,different_values,533,country,Guatemala,Portugal,guatemala,portugal
f660f9b9-f491-467f-a8ee-80f25b319e70,different_values,533,department/state,,Oeste,,oeste
f660f9b9-f491-467f-a8ee-80f25b319e70,different_values,533,municipality/port,,Bombarral,,bombarral
f660f9b9-f491-467f-a8ee-80f25b319e70,different_values,533,transit_1_region,,Europe,,europe
f660f9b9-f491-467f-a8ee-80f25b319e70,different_values,533,transit_1_country,,Spain,,spain
f660f9b9-f491-467f-a8ee-80f25b319e70,different_values,533,transit_1_department/state,,Vigo,,vigo
f660f9b9-f491-467f-a8ee-80f25b319e70,different_values,533,destination_1_region,,Europe,,europe
f660f9b9-f491-467f-a8ee-80f25b319e70,different_values,533,destination_1_country,,Portugal,,portugal
f660f9b9-f491-467f-a8ee-80f25b319e70,different_values,533,description,"anti-narcotics agents reported that they arrested three Ecuadorians for transporting 1,500 packages of cocaine. ","An investigation by the Judicial Police (PJ), in collaboration with Spanish customs authorities, resulted in the seizure of more than 200 kilos of cocaine mixed with cat litter imported from Brazil by a company based in Gondomar.",anti-narcotics agents reported that they arrested three ecuadorians for transporting 1500 packages of cocaine,an investigation by the judicial police (pj) in collaboration with spanish customs authorities resulted in the seizure of more than 200 kilos of cocaine mixed with cat litter imported from brazil by a company based in gondomar
f660f9b9-f491-467f-a8ee-80f25b319e70,different_values,533,source_link,https://www.prensalibre.com/guatemala/justicia/interceptan-en-costas-del-pacifico-embarcacion-con-mas-de-mil-paquetes-de-cocaina-y-capturan-a-tres-ecuatorianos-breaking/,https://oglobo.globo.com/brasil/noticia/2025/07/17/policia-apreende-100-kg-de-cocaina-do-brasil-em-rota-usada-pelo-pcc-e-prende-quatro-suspeitos-no-aeroporto-do-porto.ghtml,https://wwwprensalibrecom/guatemala/justicia/interceptan-en-costas-del-pacifico-embarcacion-con-mas-de-mil-paquetes-de-cocaina-y-capturan-a-tres-ecuatorianos-breaking/,https://ogloboglobocom/brasil/noticia/2025/07/17/policia-apreende-100-kg-de-cocaina-do-brasil-em-rota-usada-pelo-pcc-e-prende-quatro-suspeitos-no-aeroporto-do-portoghtml
f660f9b9-f491-467f-a8ee-80f25b319e70,different_values,533,archived_link,Archived Link - Guatemala,Archived Link - Portugal,archived link - guatemala,archived link - portugal
6930f25d-1b94-4df4-8042-b203a03f49d5,different_values,534,date_1,2025-07-17,2025-07-17 00:00:00,2025-07-17,2025-07-17 00:00:00
6930f25d-1b94-4df4-8042-b203a03f49d5,different_values,534,quantity,500.0,1500.0,5000,15000
6930f25d-1b94-4df4-8042-b203a03f49d5,different_values,534,modus_operandi/place_seizure,Land,Maritime vessel,land,maritime vessel
6930f25d-1b94-4df4-8042-b203a03f49d5,different_values,534,region,South America,Central America,south america,central america
6930f25d-1b94-4df4-8042-b203a03f49d5,different_values,534,country,Bolivia,Guatemala,bolivia,guatemala
6930f25d-1b94-4df4-8042-b203a03f49d5,different_values,534,department/state,Beni,,beni,
6930f25d-1b94-4df4-8042-b203a03f49d5,different_values,534,municipality/port,Santa Ana del Yacuma,,santa ana del yacuma,
6930f25d-1b94-4df4-8042-b203a03f49d5,different_values,534,description,"the discovery of more than half a ton of high-purity cocaine buried in clandestine caches in a rural area of the municipality of Santa Ana del Yacuma, in the department of Beni. ","anti-narcotics agents reported that they arrested three Ecuadorians for transporting 1,500 packages of cocaine. ",the discovery of more than half a ton of high-purity cocaine buried in clandestine caches in a rural area of the municipality of santa ana del yacuma in the department of beni,anti-narcotics agents reported that they arrested three ecuadorians for transporting 1500 packages of cocaine
6930f25d-1b94-4df4-8042-b203a03f49d5,different_values,534,source_link,https://eldeber.com.bo/pais/hallan-media-tonelada-de-cocaina-de-alta-pureza-enterrada-en-beni_523050/,https://www.prensalibre.com/guatemala/justicia/interceptan-en-costas-del-pacifico-embarcacion-con-mas-de-mil-paquetes-de-cocaina-y-capturan-a-tres-ecuatorianos-breaking/,https://eldebercombo/pais/hallan-media-tonelada-de-cocaina-de-alta-pureza-enterrada-en-beni_523050/,https://wwwprensalibrecom/guatemala/justicia/interceptan-en-costas-del-pacifico-embarcacion-con-mas-de-mil-paquetes-de-cocaina-y-capturan-a-tres-ecuatorianos-breaking/
6930f25d-1b94-4df4-8042-b203a03f49d5,different_values,534,archived_link,Archived Link - Bolivia,Archived Link - Guatemala,archived link - bolivia,archived link - guatemala
544f1659-5b65-4898-a567-c8a7ee4a8a5b,different_values,535,date_1,2025-07-20,2025-07-17 00:00:00,2025-07-20,2025-07-17 00:00:00
544f1659-5b65-4898-a567-c8a7ee4a8a5b,different_values,535,day,20,17,20,17
544f1659-5b65-4898-a567-c8a7ee4a8a5b,different_values,535,quantity,25.0,500.0,250,5000
544f1659-5b65-4898-a567-c8a7ee4a8a5b,different_values,535,modus_operandi/place_seizure,Container,Land,container,land
544f1659-5b65-4898-a567-c8a7ee4a8a5b,different_values,535,sub_modus_operandi,inside refrigeration,,inside refrigeration,
544f1659-5b65-4898-a567-c8a7ee4a8a5b,different_values,535,region,Africa,South America,africa,south america
544f1659-5b65-4898-a567-c8a7ee4a8a5b,different_values,535,country,Morocco,Bolivia,morocco,bolivia
544f1659-5b65-4898-a567-c8a7ee4a8a5b,different_values,535,department/state,Tanger‑Tétouan-Al Hoceima,Beni,tanger‑tétouan-al hoceima,beni
544f1659-5b65-4898-a567-c8a7ee4a8a5b,different_values,535,municipality/port,Tanger Med Port,Santa Ana del Yacuma,tanger med port,santa ana del yacuma
544f1659-5b65-4898-a567-c8a7ee4a8a5b,different_values,535,transit_1_region,South America,,south america,
544f1659-5b65-4898-a567-c8a7ee4a8a5b,different_values,535,transit_2_region,Europe,,europe,
544f1659-5b65-4898-a567-c8a7ee4a8a5b,different_values,535,transit_2_country,Netherlands,,netherlands,
544f1659-5b65-4898-a567-c8a7ee4a8a5b,different_values,535,description,Single seizure of 25 kg raw cocaine hidden in 23 bricks in a refrigerated container from South America to Netherlands; investigation opened by Tanger judicial police under DGSN; no info on origin groups,"the discovery of more than half a ton of high-purity cocaine buried in clandestine caches in a rural area of the municipality of Santa Ana del Yacuma, in the department of Beni. ",single seizure of 25 kg raw cocaine hidden in 23 bricks in a refrigerated container from south america to netherlands; investigation opened by tanger judicial police under dgsn; no info on origin groups,the discovery of more than half a ton of high-purity cocaine buried in clandestine caches in a rural area of the municipality of santa ana del yacuma in the department of beni
544f1659-5b65-4898-a567-c8a7ee4a8a5b,different_values,535,source_link,"https://www.barlamane.com/fr/une-cargaison-de-25-kilogrammes-de-cocaine-brute-saisie-au-port-de-tanger-med/ (afropages.fr, barlamane.com)",https://eldeber.com.bo/pais/hallan-media-tonelada-de-cocaina-de-alta-pureza-enterrada-en-beni_523050/,https://wwwbarlamanecom/fr/une-cargaison-de-25-kilogrammes-de-cocaine-brute-saisie-au-port-de-tanger-med/ (afropagesfr barlamanecom),https://eldebercombo/pais/hallan-media-tonelada-de-cocaina-de-alta-pureza-enterrada-en-beni_523050/
544f1659-5b65-4898-a567-c8a7ee4a8a5b,different_values,535,archived_link,Archived Link - Morocco,Archived Link - Bolivia,archived link - morocco,archived link - bolivia
544803d8-30fa-4761-8614-e50dcc42897e,different_values,536,date_1,2025-07-20,2025-07-20 00:00:00,2025-07-20,2025-07-20 00:00:00
544803d8-30fa-4761-8614-e50dcc42897e,different_values,536,quantity,206.0,25.0,2060,250
544803d8-30fa-4761-8614-e50dcc42897e,different_values,536,modus_operandi/place_seizure,Land,Container,land,container
544803d8-30fa-4761-8614-e50dcc42897e,different_values,536,sub_modus_operandi,,inside refrigeration,,inside refrigeration
544803d8-30fa-4761-8614-e50dcc42897e,different_values,536,region,Europe,Africa,europe,africa
544803d8-30fa-4761-8614-e50dcc42897e,different_values,536,country,Bulgaria,Morocco,bulgaria,morocco
544803d8-30fa-4761-8614-e50dcc42897e,different_values,536,department/state,Haskovo,Tanger‑Tétouan-Al Hoceima,haskovo,tanger‑tétouan-al hoceima
544803d8-30fa-4761-8614-e50dcc42897e,different_values,536,municipality/port,Kapitan Andreevo border,Tanger Med Port,kapitan andreevo border,tanger med port
544803d8-30fa-4761-8614-e50dcc42897e,different_values,536,transit_1_region,Europe,South America,europe,south america
544803d8-30fa-4761-8614-e50dcc42897e,different_values,536,transit_1_country,Bulgaria,,bulgaria,
544803d8-30fa-4761-8614-e50dcc42897e,different_values,536,transit_1_department/state,Haskovo,,haskovo,
544803d8-30fa-4761-8614-e50dcc42897e,different_values,536,transit_1_municipality/port,Kapitan Andreevo,,kapitan andreevo,
544803d8-30fa-4761-8614-e50dcc42897e,different_values,536,transit_2_country,Turkey,Netherlands,turkey,netherlands
544803d8-30fa-4761-8614-e50dcc42897e,different_values,536,description,"Seized nearly 206 kg of cocaine (worth ~€20 M / $22 M) hidden in a Belgian van heading to Turkey; three suspects detained, investigation initiated; Bulgaria identified as transit point on Balkan route supplying Western Europe.",Single seizure of 25 kg raw cocaine hidden in 23 bricks in a refrigerated container from South America to Netherlands; investigation opened by Tanger judicial police under DGSN; no info on origin groups,seized nearly 206 kg of cocaine (worth ~€20 m / $22 m) hidden in a belgian van heading to turkey; three suspects detained investigation initiated; bulgaria identified as transit point on balkan route supplying western europe,single seizure of 25 kg raw cocaine hidden in 23 bricks in a refrigerated container from south america to netherlands; investigation opened by tanger judicial police under dgsn; no info on origin groups
544803d8-30fa-4761-8614-e50dcc42897e,different_values,536,source_link,https://timesofindia.indiatimes.com/world/europe/bulgarian-authorities-seize-a-large-amount-of-cocaine-hidden-in-a-van/articleshow/122796449.cms,"https://www.barlamane.com/fr/une-cargaison-de-25-kilogrammes-de-cocaine-brute-saisie-au-port-de-tanger-med/ (afropages.fr, barlamane.com)",https://timesofindiaindiatimescom/world/europe/bulgarian-authorities-seize-a-large-amount-of-cocaine-hidden-in-a-van/articleshow/122796449cms,https://wwwbarlamanecom/fr/une-cargaison-de-25-kilogrammes-de-cocaine-brute-saisie-au-port-de-tanger-med/ (afropagesfr barlamanecom)
544803d8-30fa-4761-8614-e50dcc42897e,different_values,536,archived_link,Archived Link - Bulgaria,Archived Link - Morocco,archived link - bulgaria,archived link - morocco
9fb8212a-78c9-49f5-a9c8-5b7d138803f2,different_values,537,date_1,2025-07-21,2025-07-20 00:00:00,2025-07-21,2025-07-20 00:00:00
9fb8212a-78c9-49f5-a9c8-5b7d138803f2,different_values,537,day,21,20,21,20
9fb8212a-78c9-49f5-a9c8-5b7d138803f2,different_values,537,quantity,800.0,206.0,8000,2060
9fb8212a-78c9-49f5-a9c8-5b7d138803f2,different_values,537,modus_operandi/place_seizure,Air,Land,air,land
9fb8212a-78c9-49f5-a9c8-5b7d138803f2,different_values,537,sub_modus_operandi,Airport baggage & body stuffing by 30 “mulas”,,airport baggage & body stuffing by 30 “mulas”,
9fb8212a-78c9-49f5-a9c8-5b7d138803f2,different_values,537,country,Spain,Bulgaria,spain,bulgaria
9fb8212a-78c9-49f5-a9c8-5b7d138803f2,different_values,537,department/state,Madrid,Haskovo,madrid,haskovo
9fb8212a-78c9-49f5-a9c8-5b7d138803f2,different_values,537,municipality/port,Madrid–Barajas Airport,Kapitan Andreevo border,madrid–barajas airport,kapitan andreevo border
9fb8212a-78c9-49f5-a9c8-5b7d138803f2,different_values,537,transit_1_country,Spain,Bulgaria,spain,bulgaria
9fb8212a-78c9-49f5-a9c8-5b7d138803f2,different_values,537,transit_1_department/state,Madrid,Haskovo,madrid,haskovo
9fb8212a-78c9-49f5-a9c8-5b7d138803f2,different_values,537,transit_1_municipality/port,Madrid–Barajas Airport,Kapitan Andreevo,madrid–barajas airport,kapitan andreevo
9fb8212a-78c9-49f5-a9c8-5b7d138803f2,different_values,537,transit_2_region,,Europe,,europe
9fb8212a-78c9-49f5-a9c8-5b7d138803f2,different_values,537,transit_2_country,,Turkey,,turkey
9fb8212a-78c9-49f5-a9c8-5b7d138803f2,different_values,537,description,Police & Guardia Civil uncovered an “army” of 30 drug mules smuggling ~790 kg of cocaine since Sept 2024 via Madrid–Barajas airport by hiding in baggage and body-packing; total intercepted ~800 kg; all 30 arrested; operation “Sonseca‑Rice” spanned seven months.,"Seized nearly 206 kg of cocaine (worth ~€20 M / $22 M) hidden in a Belgian van heading to Turkey; three suspects detained, investigation initiated; Bulgaria identified as transit point on Balkan route supplying Western Europe.",police & guardia civil uncovered an “army” of 30 drug mules smuggling ~790 kg of cocaine since sept 2024 via madrid–barajas airport by hiding in baggage and body-packing; total intercepted ~800 kg; all 30 arrested; operation “sonseca‑rice” spanned seven months,seized nearly 206 kg of cocaine (worth ~€20 m / $22 m) hidden in a belgian van heading to turkey; three suspects detained investigation initiated; bulgaria identified as transit point on balkan route supplying western europe
9fb8212a-78c9-49f5-a9c8-5b7d138803f2,different_values,537,source_link,https://www.abc.es/espana/madrid/golpe-ejercito-mulas-droga-metio-800-kilos-20250721111221-nt.html,https://timesofindia.indiatimes.com/world/europe/bulgarian-authorities-seize-a-large-amount-of-cocaine-hidden-in-a-van/articleshow/122796449.cms,https://wwwabces/espana/madrid/golpe-ejercito-mulas-droga-metio-800-kilos-20250721111221-nthtml,https://timesofindiaindiatimescom/world/europe/bulgarian-authorities-seize-a-large-amount-of-cocaine-hidden-in-a-van/articleshow/122796449cms
9fb8212a-78c9-49f5-a9c8-5b7d138803f2,different_values,537,archived_link,Archived Link - Spain,Archived Link - Bulgaria,archived link - spain,archived link - bulgaria
ba24e80f-f85a-4acc-8695-429c490578f5,different_values,538,date_1,2025-07-20,2025-07-21 00:00:00,2025-07-20,2025-07-21 00:00:00
ba24e80f-f85a-4acc-8695-429c490578f5,different_values,538,day,20,21,20,21
ba24e80f-f85a-4acc-8695-429c490578f5,different_values,538,quantity,60.0,800.0,600,8000
ba24e80f-f85a-4acc-8695-429c490578f5,different_values,538,modus_operandi/place_seizure,Land,Air,land,air
ba24e80f-f85a-4acc-8695-429c490578f5,different_values,538,sub_modus_operandi,"Hidden in “caleteada” van, stash houses",Airport baggage & body stuffing by 30 “mulas”,hidden in “caleteada” van stash houses,airport baggage & body stuffing by 30 “mulas”
ba24e80f-f85a-4acc-8695-429c490578f5,different_values,538,department/state,Comunitat Valenciana,Madrid,comunitat valenciana,madrid
ba24e80f-f85a-4acc-8695-429c490578f5,different_values,538,municipality/port,,Madrid–Barajas Airport,,madrid–barajas airport
ba24e80f-f85a-4acc-8695-429c490578f5,different_values,538,transit_1_region,,Europe,,europe
ba24e80f-f85a-4acc-8695-429c490578f5,different_values,538,transit_1_country,,Spain,,spain
ba24e80f-f85a-4acc-8695-429c490578f5,different_values,538,transit_1_department/state,,Madrid,,madrid
ba24e80f-f85a-4acc-8695-429c490578f5,different_values,538,transit_1_municipality/port,,Madrid–Barajas Airport,,madrid–barajas airport
ba24e80f-f85a-4acc-8695-429c490578f5,different_values,538,destination_1_region,Europe,,europe,
ba24e80f-f85a-4acc-8695-429c490578f5,different_values,538,description,"Police dismantled a criminal organization distributing cocaine (~60 kg seized) across five phases from Dec 2024 to Jul 20 2025. 22 people arrested; operation included 17 searches in Valencia, Alcàsser, La Pobla de Vallbona and others; modus operandi involved stash houses (“guarderías”) and a “caleteada” van intercepted by GOES.",Police & Guardia Civil uncovered an “army” of 30 drug mules smuggling ~790 kg of cocaine since Sept 2024 via Madrid–Barajas airport by hiding in baggage and body-packing; total intercepted ~800 kg; all 30 arrested; operation “Sonseca‑Rice” spanned seven months.,police dismantled a criminal organization distributing cocaine (~60 kg seized) across five phases from dec 2024 to jul 20 2025 22 people arrested; operation included 17 searches in valencia alcàsser la pobla de vallbona and others; modus operandi involved stash houses (“guarderías”) and a “caleteada” van intercepted by goes,police & guardia civil uncovered an “army” of 30 drug mules smuggling ~790 kg of cocaine since sept 2024 via madrid–barajas airport by hiding in baggage and body-packing; total intercepted ~800 kg; all 30 arrested; operation “sonseca‑rice” spanned seven months
ba24e80f-f85a-4acc-8695-429c490578f5,different_values,538,source_link,https://www.infobae.com/america/agencias/2025/07/20/cae-una-banda-dedicada-a-distribuir-cocaina-en-la-comunitat-valenciana-con-22-detenidos-y-16-registros/,https://www.abc.es/espana/madrid/golpe-ejercito-mulas-droga-metio-800-kilos-20250721111221-nt.html,https://wwwinfobaecom/america/agencias/2025/07/20/cae-una-banda-dedicada-a-distribuir-cocaina-en-la-comunitat-valenciana-con-22-detenidos-y-16-registros/,https://wwwabces/espana/madrid/golpe-ejercito-mulas-droga-metio-800-kilos-20250721111221-nthtml
c22a4b93-51fc-430d-af6e-d6f4cccb78b9,different_values,539,date_1,2025-07-09,2025-07-20 00:00:00,2025-07-09,2025-07-20 00:00:00
c22a4b93-51fc-430d-af6e-d6f4cccb78b9,different_values,539,day,9,20,9,20
c22a4b93-51fc-430d-af6e-d6f4cccb78b9,different_values,539,quantity,115.0,60.0,1150,600
c22a4b93-51fc-430d-af6e-d6f4cccb78b9,different_values,539,modus_operandi/place_seizure,Container,Land,container,land
c22a4b93-51fc-430d-af6e-d6f4cccb78b9,different_values,539,sub_modus_operandi,,"Hidden in “caleteada” van, stash houses",,hidden in “caleteada” van stash houses
c22a4b93-51fc-430d-af6e-d6f4cccb78b9,different_values,539,country,Italy,Spain,italy,spain
c22a4b93-51fc-430d-af6e-d6f4cccb78b9,different_values,539,department/state,Lombardy,Comunitat Valenciana,lombardy,comunitat valenciana
c22a4b93-51fc-430d-af6e-d6f4cccb78b9,different_values,539,municipality/port,Varese ,,varese,
c22a4b93-51fc-430d-af6e-d6f4cccb78b9,different_values,539,origin_country,Peru,,peru,
c22a4b93-51fc-430d-af6e-d6f4cccb78b9,different_values,539,destination_1_country,Italy,,italy,
c22a4b93-51fc-430d-af6e-d6f4cccb78b9,different_values,539,description,"115 kg of 80% pure cocaine hidden inside wooden furniture from Peru, seized by Guardia di Finanza in Gaggiolo area (Varese province) near Swiss border; 9 Moroccan suspects arrested (including one courier), stash operation supplying local forest-based drug markets.","Police dismantled a criminal organization distributing cocaine (~60 kg seized) across five phases from Dec 2024 to Jul 20 2025. 22 people arrested; operation included 17 searches in Valencia, Alcàsser, La Pobla de Vallbona and others; modus operandi involved stash houses (“guarderías”) and a “caleteada” van intercepted by GOES.",115 kg of 80% pure cocaine hidden inside wooden furniture from peru seized by guardia di finanza in gaggiolo area (varese province) near swiss border; 9 moroccan suspects arrested (including one courier) stash operation supplying local forest-based drug markets,police dismantled a criminal organization distributing cocaine (~60 kg seized) across five phases from dec 2024 to jul 20 2025 22 people arrested; operation included 17 searches in valencia alcàsser la pobla de vallbona and others; modus operandi involved stash houses (“guarderías”) and a “caleteada” van intercepted by goes
c22a4b93-51fc-430d-af6e-d6f4cccb78b9,different_values,539,source_link,https://www.ilgiorno.it/varese/cronaca/droga-cocaina-boschi-peru-ubj1ihqn,https://www.infobae.com/america/agencias/2025/07/20/cae-una-banda-dedicada-a-distribuir-cocaina-en-la-comunitat-valenciana-con-22-detenidos-y-16-registros/,https://wwwilgiornoit/varese/cronaca/droga-cocaina-boschi-peru-ubj1ihqn,https://wwwinfobaecom/america/agencias/2025/07/20/cae-una-banda-dedicada-a-distribuir-cocaina-en-la-comunitat-valenciana-con-22-detenidos-y-16-registros/
c22a4b93-51fc-430d-af6e-d6f4cccb78b9,different_values,539,archived_link,Archived Link - Italy,Archived Link - Spain,archived link - italy,archived link - spain
411b1b5d-6513-4508-bd4c-c6c04c38e074,different_values,540,date_1,2025-07-08,2025-07-09 00:00:00,2025-07-08,2025-07-09 00:00:00
411b1b5d-6513-4508-bd4c-c6c04c38e074,different_values,540,day,8,9,8,9
411b1b5d-6513-4508-bd4c-c6c04c38e074,different_values,540,quantity,417.0,115.0,4170,1150
411b1b5d-6513-4508-bd4c-c6c04c38e074,different_values,540,department/state,Calabria,Lombardy,calabria,lombardy
411b1b5d-6513-4508-bd4c-c6c04c38e074,different_values,540,municipality/port,Gioia Tauro Port,Varese ,gioia tauro port,varese
411b1b5d-6513-4508-bd4c-c6c04c38e074,different_values,540,origin_country,,Peru,,peru
411b1b5d-6513-4508-bd4c-c6c04c38e074,different_values,540,destination_1_department/state,Calabria,,calabria,
411b1b5d-6513-4508-bd4c-c6c04c38e074,different_values,540,destination_1_municipality/port,Gioia Tauro Port,,gioia tauro port,
411b1b5d-6513-4508-bd4c-c6c04c38e074,different_values,540,description,Guardia di Finanza seized 417 kg of pure cocaine hidden in 385 bricks within a damaged container at Gioia Tauro port in a nighttime operation; estimated street value ~€67 M; seizure validated by Palmi Prosecutor; ongoing probe into criminal supply networks.,"115 kg of 80% pure cocaine hidden inside wooden furniture from Peru, seized by Guardia di Finanza in Gaggiolo area (Varese province) near Swiss border; 9 Moroccan suspects arrested (including one courier), stash operation supplying local forest-based drug markets.",guardia di finanza seized 417 kg of pure cocaine hidden in 385 bricks within a damaged container at gioia tauro port in a nighttime operation; estimated street value ~€67 m; seizure validated by palmi prosecutor; ongoing probe into criminal supply networks,115 kg of 80% pure cocaine hidden inside wooden furniture from peru seized by guardia di finanza in gaggiolo area (varese province) near swiss border; 9 moroccan suspects arrested (including one courier) stash operation supplying local forest-based drug markets
411b1b5d-6513-4508-bd4c-c6c04c38e074,different_values,540,source_link,https://www.trasportoeuropa.it/notizie/marittimo/intercettati-nel-porto-di-gioia-tauro-417-chili-di-cocaina/,https://www.ilgiorno.it/varese/cronaca/droga-cocaina-boschi-peru-ubj1ihqn,https://wwwtrasportoeuropait/notizie/marittimo/intercettati-nel-porto-di-gioia-tauro-417-chili-di-cocaina/,https://wwwilgiornoit/varese/cronaca/droga-cocaina-boschi-peru-ubj1ihqn
3e36b5ae-3ab5-4b49-9154-c7477b5033a5,different_values,541,date_1,2025-07-05,2025-07-08 00:00:00,2025-07-05,2025-07-08 00:00:00
3e36b5ae-3ab5-4b49-9154-c7477b5033a5,different_values,541,day,5,8,5,8
3e36b5ae-3ab5-4b49-9154-c7477b5033a5,different_values,541,quantity,513.0,417.0,5130,4170
3e36b5ae-3ab5-4b49-9154-c7477b5033a5,different_values,541,modus_operandi/place_seizure,Land,Container,land,container
3e36b5ae-3ab5-4b49-9154-c7477b5033a5,different_values,541,sub_modus_operandi,Truck double bottom ,,truck double bottom,
3e36b5ae-3ab5-4b49-9154-c7477b5033a5,different_values,541,region,South America,Europe,south america,europe
3e36b5ae-3ab5-4b49-9154-c7477b5033a5,different_values,541,country,Ecuador,Italy,ecuador,italy
3e36b5ae-3ab5-4b49-9154-c7477b5033a5,different_values,541,department/state,Pichincha,Calabria,pichincha,calabria
3e36b5ae-3ab5-4b49-9154-c7477b5033a5,different_values,541,municipality/port,Tandapi,Gioia Tauro Port,tandapi,gioia tauro port
3e36b5ae-3ab5-4b49-9154-c7477b5033a5,different_values,541,origin_country,Peru,,peru,
3e36b5ae-3ab5-4b49-9154-c7477b5033a5,different_values,541,destination_1_region,,Europe,,europe
3e36b5ae-3ab5-4b49-9154-c7477b5033a5,different_values,541,destination_1_country,,Italy,,italy
3e36b5ae-3ab5-4b49-9154-c7477b5033a5,different_values,541,destination_1_department/state,,Calabria,,calabria
3e36b5ae-3ab5-4b49-9154-c7477b5033a5,different_values,541,destination_1_municipality/port,,Gioia Tauro Port,,gioia tauro port
3e36b5ae-3ab5-4b49-9154-c7477b5033a5,different_values,541,description,"Seized 513 kg of cocaine in 513 sealed packages marked “Z71”, found in a modified double-bottom of a truck at a police control on the Alóag–Santo Domingo road on July 5 2025; suspect (Luis Marino Q.G.) arrested and prosecuted for large‑scale drug trafficking.",Guardia di Finanza seized 417 kg of pure cocaine hidden in 385 bricks within a damaged container at Gioia Tauro port in a nighttime operation; estimated street value ~€67 M; seizure validated by Palmi Prosecutor; ongoing probe into criminal supply networks.,seized 513 kg of cocaine in 513 sealed packages marked “z71” found in a modified double-bottom of a truck at a police control on the alóag–santo domingo road on july 5 2025; suspect (luis marino qg) arrested and prosecuted for large‑scale drug trafficking,guardia di finanza seized 417 kg of pure cocaine hidden in 385 bricks within a damaged container at gioia tauro port in a nighttime operation; estimated street value ~€67 m; seizure validated by palmi prosecutor; ongoing probe into criminal supply networks
3e36b5ae-3ab5-4b49-9154-c7477b5033a5,different_values,541,source_link,https://www.eldiario.ec/procesan-a-conductor-detenido-con-513-kilos-de-cocaina-en-control-en-tandapi-20250708/,https://www.trasportoeuropa.it/notizie/marittimo/intercettati-nel-porto-di-gioia-tauro-417-chili-di-cocaina/,https://wwweldiarioec/procesan-a-conductor-detenido-con-513-kilos-de-cocaina-en-control-en-tandapi-20250708/,https://wwwtrasportoeuropait/notizie/marittimo/intercettati-nel-porto-di-gioia-tauro-417-chili-di-cocaina/
3e36b5ae-3ab5-4b49-9154-c7477b5033a5,different_values,541,archived_link,Archived Link - Ecuador,Archived Link - Italy,archived link - ecuador,archived link - italy
1d0b2c4b-25a8-4f4a-a655-ecd7879d7f49,different_values,542,date_1,2025-07-08,2025-07-05 00:00:00,2025-07-08,2025-07-05 00:00:00
1d0b2c4b-25a8-4f4a-a655-ecd7879d7f49,different_values,542,day,8,5,8,5
1d0b2c4b-25a8-4f4a-a655-ecd7879d7f49,different_values,542,quantity,222.0,513.0,2220,5130
1d0b2c4b-25a8-4f4a-a655-ecd7879d7f49,different_values,542,modus_operandi/place_seizure,Container,Land,container,land
1d0b2c4b-25a8-4f4a-a655-ecd7879d7f49,different_values,542,sub_modus_operandi,,Truck double bottom ,,truck double bottom
1d0b2c4b-25a8-4f4a-a655-ecd7879d7f49,different_values,542,region,Europe,South America,europe,south america
1d0b2c4b-25a8-4f4a-a655-ecd7879d7f49,different_values,542,country,Belgium,Ecuador,belgium,ecuador
1d0b2c4b-25a8-4f4a-a655-ecd7879d7f49,different_values,542,department/state,Antwerp Province,Pichincha,antwerp province,pichincha
1d0b2c4b-25a8-4f4a-a655-ecd7879d7f49,different_values,542,municipality/port,Port of Antwerp,Tandapi,port of antwerp,tandapi
1d0b2c4b-25a8-4f4a-a655-ecd7879d7f49,different_values,542,origin_country,,Peru,,peru
1d0b2c4b-25a8-4f4a-a655-ecd7879d7f49,different_values,542,transit_1_region,South America,,south america,
1d0b2c4b-25a8-4f4a-a655-ecd7879d7f49,different_values,542,transit_1_country,Argentina,,argentina,
1d0b2c4b-25a8-4f4a-a655-ecd7879d7f49,different_values,542,destination_1_region,Europe,,europe,
1d0b2c4b-25a8-4f4a-a655-ecd7879d7f49,different_values,542,destination_1_country,Belgium,,belgium,
1d0b2c4b-25a8-4f4a-a655-ecd7879d7f49,different_values,542,destination_1_department/state,Antwerp,,antwerp,
1d0b2c4b-25a8-4f4a-a655-ecd7879d7f49,different_values,542,destination_1_municipality/port,Port of Antwerp,,port of antwerp,
1d0b2c4b-25a8-4f4a-a655-ecd7879d7f49,different_values,542,description,"222 kg of cocaine discovered hidden in rice shipment container from Argentina, seized at quay 1333 in the Port of Antwerp; second major seizure in two days following a 1.16 t discovery from Guyana; drugs scheduled for destruction and criminal investigation opened.","Seized 513 kg of cocaine in 513 sealed packages marked “Z71”, found in a modified double-bottom of a truck at a police control on the Alóag–Santo Domingo road on July 5 2025; suspect (Luis Marino Q.G.) arrested and prosecuted for large‑scale drug trafficking.",222 kg of cocaine discovered hidden in rice shipment container from argentina seized at quay 1333 in the port of antwerp; second major seizure in two days following a 116 t discovery from guyana; drugs scheduled for destruction and criminal investigation opened,seized 513 kg of cocaine in 513 sealed packages marked “z71” found in a modified double-bottom of a truck at a police control on the alóag–santo domingo road on july 5 2025; suspect (luis marino qg) arrested and prosecuted for large‑scale drug trafficking
1d0b2c4b-25a8-4f4a-a655-ecd7879d7f49,different_values,542,criminal_group_1,Mocro‑maffia,,mocro‑maffia,
1d0b2c4b-25a8-4f4a-a655-ecd7879d7f49,different_values,542,source_link,https://www.7sur7.be/belgique/222-kilos-de-cocaine-interceptes-dans-le-port-danvers~a34aa77b/,https://www.eldiario.ec/procesan-a-conductor-detenido-con-513-kilos-de-cocaina-en-control-en-tandapi-20250708/,https://www7sur7be/belgique/222-kilos-de-cocaine-interceptes-dans-le-port-danvers~a34aa77b/,https://wwweldiarioec/procesan-a-conductor-detenido-con-513-kilos-de-cocaina-en-control-en-tandapi-20250708/
1d0b2c4b-25a8-4f4a-a655-ecd7879d7f49,different_values,542,archived_link,Archived Link - Belgium,Archived Link - Ecuador,archived link - belgium,archived link - ecuador
b847f594-3546-4c2a-91b8-bd1aab727ae0,different_values,543,date_1,2025-07-08,2025-07-08 00:00:00,2025-07-08,2025-07-08 00:00:00
b847f594-3546-4c2a-91b8-bd1aab727ae0,different_values,543,quantity,70.0,222.0,700,2220
b847f594-3546-4c2a-91b8-bd1aab727ae0,different_values,543,modus_operandi/place_seizure,Land,Container,land,container
b847f594-3546-4c2a-91b8-bd1aab727ae0,different_values,543,sub_modus_operandi,Concealed boxes,,concealed boxes,
b847f594-3546-4c2a-91b8-bd1aab727ae0,different_values,543,country,United Kingdom,Belgium,united kingdom,belgium
b847f594-3546-4c2a-91b8-bd1aab727ae0,different_values,543,department/state,East Sussex,Antwerp Province,east sussex,antwerp province
b847f594-3546-4c2a-91b8-bd1aab727ae0,different_values,543,municipality/port,Maresfield,Port of Antwerp,maresfield,port of antwerp
b847f594-3546-4c2a-91b8-bd1aab727ae0,different_values,543,transit_1_region,,South America,,south america
b847f594-3546-4c2a-91b8-bd1aab727ae0,different_values,543,transit_1_country,,Argentina,,argentina
b847f594-3546-4c2a-91b8-bd1aab727ae0,different_values,543,destination_1_country,,Belgium,,belgium
b847f594-3546-4c2a-91b8-bd1aab727ae0,different_values,543,destination_1_department/state,,Antwerp,,antwerp
b847f594-3546-4c2a-91b8-bd1aab727ae0,different_values,543,destination_1_municipality/port,,Port of Antwerp,,port of antwerp
b847f594-3546-4c2a-91b8-bd1aab727ae0,different_values,543,description,Approx. 70 kg of cocaine (and 632 kg of ketamine) concealed in cardboard boxes inside two vans transported via Newhaven ferry/Dutch route; seized 26 July 2023 on A26; Arturas Jusas-led OCG sentenced on 8 July 2025.,"222 kg of cocaine discovered hidden in rice shipment container from Argentina, seized at quay 1333 in the Port of Antwerp; second major seizure in two days following a 1.16 t discovery from Guyana; drugs scheduled for destruction and criminal investigation opened.",approx 70 kg of cocaine (and 632 kg of ketamine) concealed in cardboard boxes inside two vans transported via newhaven ferry/dutch route; seized 26 july 2023 on a26; arturas jusas-led ocg sentenced on 8 july 2025,222 kg of cocaine discovered hidden in rice shipment container from argentina seized at quay 1333 in the port of antwerp; second major seizure in two days following a 116 t discovery from guyana; drugs scheduled for destruction and criminal investigation opened
b847f594-3546-4c2a-91b8-bd1aab727ae0,different_values,543,criminal_group_1,,Mocro‑maffia,,mocro‑maffia
b847f594-3546-4c2a-91b8-bd1aab727ae0,different_values,543,source_link,"(itv.com, sussex.police.uk, hellorayo.co.uk)",https://www.7sur7.be/belgique/222-kilos-de-cocaine-interceptes-dans-le-port-danvers~a34aa77b/,(itvcom sussexpoliceuk hellorayocouk),https://www7sur7be/belgique/222-kilos-de-cocaine-interceptes-dans-le-port-danvers~a34aa77b/
b847f594-3546-4c2a-91b8-bd1aab727ae0,different_values,543,archived_link,Archived Link - United Kingdom,Archived Link - Belgium,archived link - united kingdom,archived link - belgium
7a4dda9c-e2e3-4214-8fb9-d1b8c37194dd,different_values,544,date_1,2025-07-09,2025-07-08 00:00:00,2025-07-09,2025-07-08 00:00:00
7a4dda9c-e2e3-4214-8fb9-d1b8c37194dd,different_values,544,day,9,8,9,8
7a4dda9c-e2e3-4214-8fb9-d1b8c37194dd,different_values,544,quantity,80.0,70.0,800,700
7a4dda9c-e2e3-4214-8fb9-d1b8c37194dd,different_values,544,modus_operandi/place_seizure,Maritime vessel,Land,maritime vessel,land
7a4dda9c-e2e3-4214-8fb9-d1b8c37194dd,different_values,544,sub_modus_operandi,Hidden in gancho,Concealed boxes,hidden in gancho,concealed boxes
7a4dda9c-e2e3-4214-8fb9-d1b8c37194dd,different_values,544,region,Central America,Europe,central america,europe
7a4dda9c-e2e3-4214-8fb9-d1b8c37194dd,different_values,544,country,Panama,United Kingdom,panama,united kingdom
7a4dda9c-e2e3-4214-8fb9-d1b8c37194dd,different_values,544,department/state,Panama Canal,East Sussex,panama canal,east sussex
7a4dda9c-e2e3-4214-8fb9-d1b8c37194dd,different_values,544,municipality/port,,Maresfield,,maresfield
7a4dda9c-e2e3-4214-8fb9-d1b8c37194dd,different_values,544,transit_1_region,Central America,,central america,
7a4dda9c-e2e3-4214-8fb9-d1b8c37194dd,different_values,544,transit_1_country,Guatemala,,guatemala,
7a4dda9c-e2e3-4214-8fb9-d1b8c37194dd,different_values,544,transit_2_region,South America,,south america,
7a4dda9c-e2e3-4214-8fb9-d1b8c37194dd,different_values,544,transit_2_country,Ecuador,,ecuador,
7a4dda9c-e2e3-4214-8fb9-d1b8c37194dd,different_values,544,destination_1_country,Spain,,spain,
7a4dda9c-e2e3-4214-8fb9-d1b8c37194dd,different_values,544,destination_1_department/state,Galicia,,galicia,
7a4dda9c-e2e3-4214-8fb9-d1b8c37194dd,different_values,544,destination_1_municipality/port,Port of Vigo,,port of vigo,
7a4dda9c-e2e3-4214-8fb9-d1b8c37194dd,different_values,544,description,"80 kg of cocaine in two burlap bundles inside a container originally loaded in Guatemala, with possible contamination/load in Ecuador, transiting via Panama Canal, headed for the Rías Baixas region via Vigo port; seized by Panama’s SENAN before reaching Spain.",Approx. 70 kg of cocaine (and 632 kg of ketamine) concealed in cardboard boxes inside two vans transported via Newhaven ferry/Dutch route; seized 26 July 2023 on A26; Arturas Jusas-led OCG sentenced on 8 July 2025.,80 kg of cocaine in two burlap bundles inside a container originally loaded in guatemala with possible contamination/load in ecuador transiting via panama canal headed for the rías baixas region via vigo port; seized by panama’s senan before reaching spain,approx 70 kg of cocaine (and 632 kg of ketamine) concealed in cardboard boxes inside two vans transported via newhaven ferry/dutch route; seized 26 july 2023 on a26; arturas jusas-led ocg sentenced on 8 july 2025
7a4dda9c-e2e3-4214-8fb9-d1b8c37194dd,different_values,544,source_link,https://www.diariodepontevedra.es/articulo/narcotrafico/incautan-80-kilos-cocaina-que-dirigian-puerto-vigo/202507092229171399234.html,"(itv.com, sussex.police.uk, hellorayo.co.uk)",https://wwwdiariodepontevedraes/articulo/narcotrafico/incautan-80-kilos-cocaina-que-dirigian-puerto-vigo/202507092229171399234html,(itvcom sussexpoliceuk hellorayocouk)
7a4dda9c-e2e3-4214-8fb9-d1b8c37194dd,different_values,544,archived_link,Archived Link - Panama,Archived Link - United Kingdom,archived link - panama,archived link - united kingdom
771d9df7-83e0-4561-92fc-4c177118c7ef,different_values,545,date_1,2025-07-18,2025-07-09 00:00:00,2025-07-18,2025-07-09 00:00:00
771d9df7-83e0-4561-92fc-4c177118c7ef,different_values,545,day,18,9,18,9
771d9df7-83e0-4561-92fc-4c177118c7ef,different_values,545,quantity,245.0,80.0,2450,800
771d9df7-83e0-4561-92fc-4c177118c7ef,different_values,545,modus_operandi/place_seizure,Air,Maritime vessel,air,maritime vessel
771d9df7-83e0-4561-92fc-4c177118c7ef,different_values,545,sub_modus_operandi,Hidden in plastic drums,Hidden in gancho,hidden in plastic drums,hidden in gancho
771d9df7-83e0-4561-92fc-4c177118c7ef,different_values,545,region,Africa,Central America,africa,central america
771d9df7-83e0-4561-92fc-4c177118c7ef,different_values,545,country,Cameroon,Panama,cameroon,panama
771d9df7-83e0-4561-92fc-4c177118c7ef,different_values,545,department/state,Littoral,Panama Canal,littoral,panama canal
771d9df7-83e0-4561-92fc-4c177118c7ef,different_values,545,municipality/port,Douala Airport,,douala airport,
771d9df7-83e0-4561-92fc-4c177118c7ef,different_values,545,transit_1_region,Europe,Central America,europe,central america
771d9df7-83e0-4561-92fc-4c177118c7ef,different_values,545,transit_1_country,,Guatemala,,guatemala
771d9df7-83e0-4561-92fc-4c177118c7ef,different_values,545,transit_2_region,,South America,,south america
771d9df7-83e0-4561-92fc-4c177118c7ef,different_values,545,transit_2_country,,Ecuador,,ecuador
771d9df7-83e0-4561-92fc-4c177118c7ef,different_values,545,destination_1_region,,Europe,,europe
771d9df7-83e0-4561-92fc-4c177118c7ef,different_values,545,destination_1_country,,Spain,,spain
771d9df7-83e0-4561-92fc-4c177118c7ef,different_values,545,destination_1_department/state,,Galicia,,galicia
771d9df7-83e0-4561-92fc-4c177118c7ef,different_values,545,destination_1_municipality/port,,Port of Vigo,,port of vigo
771d9df7-83e0-4561-92fc-4c177118c7ef,different_values,545,description,"Intercepted ~245 kg gross (200 kg net) of cocaine hydrochloride hidden in plastic drums shipped from Europe, seized by Douala customs on 18 July 2025; estimated value ~15 M USD; judicial procedures underway.","80 kg of cocaine in two burlap bundles inside a container originally loaded in Guatemala, with possible contamination/load in Ecuador, transiting via Panama Canal, headed for the Rías Baixas region via Vigo port; seized by Panama’s SENAN before reaching Spain.",intercepted ~245 kg gross (200 kg net) of cocaine hydrochloride hidden in plastic drums shipped from europe seized by douala customs on 18 july 2025; estimated value ~15 m usd; judicial procedures underway,80 kg of cocaine in two burlap bundles inside a container originally loaded in guatemala with possible contamination/load in ecuador transiting via panama canal headed for the rías baixas region via vigo port; seized by panama’s senan before reaching spain
771d9df7-83e0-4561-92fc-4c177118c7ef,different_values,545,source_link,https://www.cameroon-concord.com/cameroon/cameroon-customs-seizes-record-245kg-of-cocaine-worth-15-million-at-douala-airport#google_vignette,https://www.diariodepontevedra.es/articulo/narcotrafico/incautan-80-kilos-cocaina-que-dirigian-puerto-vigo/202507092229171399234.html,https://wwwcameroon-concordcom/cameroon/cameroon-customs-seizes-record-245kg-of-cocaine-worth-15-million-at-douala-airport#google_vignette,https://wwwdiariodepontevedraes/articulo/narcotrafico/incautan-80-kilos-cocaina-que-dirigian-puerto-vigo/202507092229171399234html
771d9df7-83e0-4561-92fc-4c177118c7ef,different_values,545,archived_link,Archived Link - Cameroon,Archived Link - Panama,archived link - cameroon,archived link - panama
319f8b50-689a-4052-bd3a-946369047b72,different_values,546,date_1,2025-07-18,2025-07-18 00:00:00,2025-07-18,2025-07-18 00:00:00
319f8b50-689a-4052-bd3a-946369047b72,different_values,546,quantity,1680.0,245.0,16800,2450
319f8b50-689a-4052-bd3a-946369047b72,different_values,546,modus_operandi/place_seizure,Maritime vessel,Air,maritime vessel,air
319f8b50-689a-4052-bd3a-946369047b72,different_values,546,sub_modus_operandi,sailboats,Hidden in plastic drums,sailboats,hidden in plastic drums
319f8b50-689a-4052-bd3a-946369047b72,different_values,546,region,Europe,Africa,europe,africa
319f8b50-689a-4052-bd3a-946369047b72,different_values,546,country,Spain,Cameroon,spain,cameroon
319f8b50-689a-4052-bd3a-946369047b72,different_values,546,department/state,Andalucía,Littoral,andalucía,littoral
319f8b50-689a-4052-bd3a-946369047b72,different_values,546,municipality/port,Costa del Sol,Douala Airport,costa del sol,douala airport
319f8b50-689a-4052-bd3a-946369047b72,different_values,546,transit_1_region,Caribbean,Europe,caribbean,europe
319f8b50-689a-4052-bd3a-946369047b72,different_values,546,transit_1_country,Trinidad and Tobago,,trinidad and tobago,
319f8b50-689a-4052-bd3a-946369047b72,different_values,546,transit_2_region,Europe,,europe,
319f8b50-689a-4052-bd3a-946369047b72,different_values,546,transit_2_country,Portugal,,portugal,
319f8b50-689a-4052-bd3a-946369047b72,different_values,546,transit_2_department/state,Faro District,,faro district,
319f8b50-689a-4052-bd3a-946369047b72,different_values,546,transit_2_municipality/port,Portimão,,portimão,
319f8b50-689a-4052-bd3a-946369047b72,different_values,546,destination_1_region,Europe,,europe,
319f8b50-689a-4052-bd3a-946369047b72,different_values,546,destination_1_country,Spain,,spain,
319f8b50-689a-4052-bd3a-946369047b72,different_values,546,description,"Spanish and Portuguese police, with Europol support, intercepted a sailboat near the Azores carrying 1,680 kg of cocaine loaded in Trinidad & Tobago; 4 suspects detained, plus 300 kg in a Málaga safehouse; investigation linked networks in Torremolinos and Denmark; operation began March 2024.","Intercepted ~245 kg gross (200 kg net) of cocaine hydrochloride hidden in plastic drums shipped from Europe, seized by Douala customs on 18 July 2025; estimated value ~15 M USD; judicial procedures underway.",spanish and portuguese police with europol support intercepted a sailboat near the azores carrying 1680 kg of cocaine loaded in trinidad & tobago; 4 suspects detained plus 300 kg in a málaga safehouse; investigation linked networks in torremolinos and denmark; operation began march 2024,intercepted ~245 kg gross (200 kg net) of cocaine hydrochloride hidden in plastic drums shipped from europe seized by douala customs on 18 july 2025; estimated value ~15 m usd; judicial procedures underway
319f8b50-689a-4052-bd3a-946369047b72,different_values,546,source_link,https://cadenaser.com/andalucia/2025/07/18/cuatro-detenidos-en-la-costa-del-sol-tras-intervenirse-casi-1700-kilos-de-cocaina-en-un-barco-procedente-de-el-caribe-ser-malaga/,https://www.cameroon-concord.com/cameroon/cameroon-customs-seizes-record-245kg-of-cocaine-worth-15-million-at-douala-airport#google_vignette,https://cadenasercom/andalucia/2025/07/18/cuatro-detenidos-en-la-costa-del-sol-tras-intervenirse-casi-1700-kilos-de-cocaina-en-un-barco-procedente-de-el-caribe-ser-malaga/,https://wwwcameroon-concordcom/cameroon/cameroon-customs-seizes-record-245kg-of-cocaine-worth-15-million-at-douala-airport#google_vignette
319f8b50-689a-4052-bd3a-946369047b72,different_values,546,archived_link,Archived Link - Spain,Archived Link - Cameroon,archived link - spain,archived link - cameroon
0a16e089-6ace-4cc2-8dbd-f0454cb38d42,different_values,547,date_1,2025-07-18,2025-07-18 00:00:00,2025-07-18,2025-07-18 00:00:00
0a16e089-6ace-4cc2-8dbd-f0454cb38d42,different_values,547,quantity,4.0,1680.0,40,16800
0a16e089-6ace-4cc2-8dbd-f0454cb38d42,different_values,547,modus_operandi/place_seizure,Air,Maritime vessel,air,maritime vessel
0a16e089-6ace-4cc2-8dbd-f0454cb38d42,different_values,547,sub_modus_operandi,Hidden in books,sailboats,hidden in books,sailboats
0a16e089-6ace-4cc2-8dbd-f0454cb38d42,different_values,547,region,Asia,Europe,asia,europe
0a16e089-6ace-4cc2-8dbd-f0454cb38d42,different_values,547,country,India,Spain,india,spain
0a16e089-6ace-4cc2-8dbd-f0454cb38d42,different_values,547,department/state,Karnataka,Andalucía,karnataka,andalucía
0a16e089-6ace-4cc2-8dbd-f0454cb38d42,different_values,547,municipality/port,Bengaluru International Airport,Costa del Sol,bengaluru international airport,costa del sol
0a16e089-6ace-4cc2-8dbd-f0454cb38d42,different_values,547,transit_1_region,,Caribbean,,caribbean
0a16e089-6ace-4cc2-8dbd-f0454cb38d42,different_values,547,transit_1_country,,Trinidad and Tobago,,trinidad and tobago
0a16e089-6ace-4cc2-8dbd-f0454cb38d42,different_values,547,transit_2_region,Asia,Europe,asia,europe
0a16e089-6ace-4cc2-8dbd-f0454cb38d42,different_values,547,transit_2_country,Qatar,Portugal,qatar,portugal
0a16e089-6ace-4cc2-8dbd-f0454cb38d42,different_values,547,transit_2_department/state,Doha,Faro District,doha,faro district
0a16e089-6ace-4cc2-8dbd-f0454cb38d42,different_values,547,transit_2_municipality/port,,Portimão,,portimão
0a16e089-6ace-4cc2-8dbd-f0454cb38d42,different_values,547,destination_1_region,,Europe,,europe
0a16e089-6ace-4cc2-8dbd-f0454cb38d42,different_values,547,destination_1_country,,Spain,,spain
0a16e089-6ace-4cc2-8dbd-f0454cb38d42,different_values,547,description,DRI seized 4 kg of cocaine hidden in two superhero comic books arriving from Doha; one passenger arrested and remanded under NDPS Act.,"Spanish and Portuguese police, with Europol support, intercepted a sailboat near the Azores carrying 1,680 kg of cocaine loaded in Trinidad & Tobago; 4 suspects detained, plus 300 kg in a Málaga safehouse; investigation linked networks in Torremolinos and Denmark; operation began March 2024.",dri seized 4 kg of cocaine hidden in two superhero comic books arriving from doha; one passenger arrested and remanded under ndps act,spanish and portuguese police with europol support intercepted a sailboat near the azores carrying 1680 kg of cocaine loaded in trinidad & tobago; 4 suspects detained plus 300 kg in a málaga safehouse; investigation linked networks in torremolinos and denmark; operation began march 2024
0a16e089-6ace-4cc2-8dbd-f0454cb38d42,different_values,547,source_link,https://www.lokmattimes.com/national/dri-seizes-4-kg-cocaine-hidden-in-comic-books-at-bengaluru-airport-one-held/,https://cadenaser.com/andalucia/2025/07/18/cuatro-detenidos-en-la-costa-del-sol-tras-intervenirse-casi-1700-kilos-de-cocaina-en-un-barco-procedente-de-el-caribe-ser-malaga/,https://wwwlokmattimescom/national/dri-seizes-4-kg-cocaine-hidden-in-comic-books-at-bengaluru-airport-one-held/,https://cadenasercom/andalucia/2025/07/18/cuatro-detenidos-en-la-costa-del-sol-tras-intervenirse-casi-1700-kilos-de-cocaina-en-un-barco-procedente-de-el-caribe-ser-malaga/
0a16e089-6ace-4cc2-8dbd-f0454cb38d42,different_values,547,archived_link,Archived Link - India,Archived Link - Spain,archived link - india,archived link - spain
9156bfc8-b033-421d-ad04-8236ce22eeba,different_values,548,date_1,2025-07-18,2025-07-18 00:00:00,2025-07-18,2025-07-18 00:00:00
9156bfc8-b033-421d-ad04-8236ce22eeba,different_values,548,quantity,51.32,4.0,5132,40
9156bfc8-b033-421d-ad04-8236ce22eeba,different_values,548,modus_operandi/place_seizure,Land,Air,land,air
9156bfc8-b033-421d-ad04-8236ce22eeba,different_values,548,sub_modus_operandi,Hidden in vehicle,Hidden in books,hidden in vehicle,hidden in books
9156bfc8-b033-421d-ad04-8236ce22eeba,different_values,548,region,South America,Asia,south america,asia
9156bfc8-b033-421d-ad04-8236ce22eeba,different_values,548,country,Paraguay,India,paraguay,india
9156bfc8-b033-421d-ad04-8236ce22eeba,different_values,548,department/state,Alto Paraná ,Karnataka,alto paraná,karnataka
9156bfc8-b033-421d-ad04-8236ce22eeba,different_values,548,municipality/port,Minga Guazú,Bengaluru International Airport,minga guazú,bengaluru international airport
9156bfc8-b033-421d-ad04-8236ce22eeba,different_values,548,transit_2_region,,Asia,,asia
9156bfc8-b033-421d-ad04-8236ce22eeba,different_values,548,transit_2_country,,Qatar,,qatar
9156bfc8-b033-421d-ad04-8236ce22eeba,different_values,548,transit_2_department/state,,Doha,,doha
9156bfc8-b033-421d-ad04-8236ce22eeba,different_values,548,description,51.32 kg of cocaine concealed in 50 tablets hidden under a blanket and inside a suitcase in a Toyota Allion; driver abandoned vehicle after police pursuit on Route PY02 at Km 16 on July 18 2025; suspect fled into forest; value est. USD 250k; investigation ongoing.,DRI seized 4 kg of cocaine hidden in two superhero comic books arriving from Doha; one passenger arrested and remanded under NDPS Act.,5132 kg of cocaine concealed in 50 tablets hidden under a blanket and inside a suitcase in a toyota allion; driver abandoned vehicle after police pursuit on route py02 at km 16 on july 18 2025; suspect fled into forest; value est usd 250k; investigation ongoing,dri seized 4 kg of cocaine hidden in two superhero comic books arriving from doha; one passenger arrested and remanded under ndps act
9156bfc8-b033-421d-ad04-8236ce22eeba,different_values,548,source_link,https://www.lanacion.com.py/pais/2025/07/18/abandonan-51-kilos-de-cocaina-dentro-de-un-vehiculo-tras-persecucion-policial/,https://www.lokmattimes.com/national/dri-seizes-4-kg-cocaine-hidden-in-comic-books-at-bengaluru-airport-one-held/,https://wwwlanacioncompy/pais/2025/07/18/abandonan-51-kilos-de-cocaina-dentro-de-un-vehiculo-tras-persecucion-policial/,https://wwwlokmattimescom/national/dri-seizes-4-kg-cocaine-hidden-in-comic-books-at-bengaluru-airport-one-held/
9156bfc8-b033-421d-ad04-8236ce22eeba,different_values,548,archived_link,Archived Link - Paraguay,Archived Link - India,archived link - paraguay,archived link - india
186c1d34-9d58-4af3-86b4-082a195a1005,different_values,549,date_1,2025-07-21,2025-07-18 00:00:00,2025-07-21,2025-07-18 00:00:00
186c1d34-9d58-4af3-86b4-082a195a1005,different_values,549,day,21,18,21,18
186c1d34-9d58-4af3-86b4-082a195a1005,different_values,549,quantity,0.065,51.32,0065,5132
186c1d34-9d58-4af3-86b4-082a195a1005,different_values,549,sub_modus_operandi,Home search,Hidden in vehicle,home search,hidden in vehicle
186c1d34-9d58-4af3-86b4-082a195a1005,different_values,549,region,Europe,South America,europe,south america
186c1d34-9d58-4af3-86b4-082a195a1005,different_values,549,country,Italy,Paraguay,italy,paraguay
186c1d34-9d58-4af3-86b4-082a195a1005,different_values,549,department/state,Emilia-Romagna,Alto Paraná ,emilia-romagna,alto paraná
186c1d34-9d58-4af3-86b4-082a195a1005,different_values,549,municipality/port,Cesenatico,Minga Guazú,cesenatico,minga guazú
186c1d34-9d58-4af3-86b4-082a195a1005,different_values,549,description,"65 grams of cocaine found in home of woman in Gatteo Mare, Emilia-Romagna. Two rocks and four smaller packages seized along with scale and cutting agent. Arrest followed a related incident involving her partner in Ravenna.",51.32 kg of cocaine concealed in 50 tablets hidden under a blanket and inside a suitcase in a Toyota Allion; driver abandoned vehicle after police pursuit on Route PY02 at Km 16 on July 18 2025; suspect fled into forest; value est. USD 250k; investigation ongoing.,65 grams of cocaine found in home of woman in gatteo mare emilia-romagna two rocks and four smaller packages seized along with scale and cutting agent arrest followed a related incident involving her partner in ravenna,5132 kg of cocaine concealed in 50 tablets hidden under a blanket and inside a suitcase in a toyota allion; driver abandoned vehicle after police pursuit on route py02 at km 16 on july 18 2025; suspect fled into forest; value est usd 250k; investigation ongoing
186c1d34-9d58-4af3-86b4-082a195a1005,different_values,549,source_link,https://www.ravennatoday.it/cronaca/cocaina-donna--arresto-cesenatico.html,https://www.lanacion.com.py/pais/2025/07/18/abandonan-51-kilos-de-cocaina-dentro-de-un-vehiculo-tras-persecucion-policial/,https://wwwravennatodayit/cronaca/cocaina-donna--arresto-cesenaticohtml,https://wwwlanacioncompy/pais/2025/07/18/abandonan-51-kilos-de-cocaina-dentro-de-un-vehiculo-tras-persecucion-policial/
186c1d34-9d58-4af3-86b4-082a195a1005,different_values,549,archived_link,Archived Link - Italy,Archived Link - Paraguay,archived link - italy,archived link - paraguay
bb3717fa-bf37-44cc-88ee-098ca04f7ffb,different_values,550,date_1,2025-05-05,2025-07-21 00:00:00,2025-05-05,2025-07-21 00:00:00
bb3717fa-bf37-44cc-88ee-098ca04f7ffb,different_values,550,month,5,7,5,7
bb3717fa-bf37-44cc-88ee-098ca04f7ffb,different_values,550,day,5,21,5,21
bb3717fa-bf37-44cc-88ee-098ca04f7ffb,different_values,550,quantity,5.5,0.065,55,0065
bb3717fa-bf37-44cc-88ee-098ca04f7ffb,different_values,550,sub_modus_operandi,Vehicle ,Home search,vehicle,home search
bb3717fa-bf37-44cc-88ee-098ca04f7ffb,different_values,550,country,Switzerland,Italy,switzerland,italy
bb3717fa-bf37-44cc-88ee-098ca04f7ffb,different_values,550,department/state,Canton de Neuchâtel,Emilia-Romagna,canton de neuchâtel,emilia-romagna
bb3717fa-bf37-44cc-88ee-098ca04f7ffb,different_values,550,municipality/port,Col‑des‑Roches ,Cesenatico,col‑des‑roches,cesenatico
bb3717fa-bf37-44cc-88ee-098ca04f7ffb,different_values,550,destination_1_region,Europe,,europe,
bb3717fa-bf37-44cc-88ee-098ca04f7ffb,different_values,550,destination_1_country,Switzerland,,switzerland,
bb3717fa-bf37-44cc-88ee-098ca04f7ffb,different_values,550,description,Swiss customs uncovered 5.5 kg of cocaine in a Spanish‑registered vehicle at a control on the Col‑des‑Roches border crossing in the Neuchâtel mountains; two arrests.,"65 grams of cocaine found in home of woman in Gatteo Mare, Emilia-Romagna. Two rocks and four smaller packages seized along with scale and cutting agent. Arrest followed a related incident involving her partner in Ravenna.",swiss customs uncovered 55 kg of cocaine in a spanish‑registered vehicle at a control on the col‑des‑roches border crossing in the neuchâtel mountains; two arrests,65 grams of cocaine found in home of woman in gatteo mare emilia-romagna two rocks and four smaller packages seized along with scale and cutting agent arrest followed a related incident involving her partner in ravenna
bb3717fa-bf37-44cc-88ee-098ca04f7ffb,different_values,550,source_link,https://www.rhonefm.ch/suisse/grosse-saisie-de-cocaine-au-col-des-roches-ne-1069042,https://www.ravennatoday.it/cronaca/cocaina-donna--arresto-cesenatico.html,https://wwwrhonefmch/suisse/grosse-saisie-de-cocaine-au-col-des-roches-ne-1069042,https://wwwravennatodayit/cronaca/cocaina-donna--arresto-cesenaticohtml
bb3717fa-bf37-44cc-88ee-098ca04f7ffb,different_values,550,archived_link,Archived Link - Switzerland,Archived Link - Italy,archived link - switzerland,archived link - italy
e93296df-acb5-4adb-bbed-46794f5c6a6c,different_values,551,date_1,2025-07-18,2025-05-05 00:00:00,2025-07-18,2025-05-05 00:00:00
e93296df-acb5-4adb-bbed-46794f5c6a6c,different_values,551,month,7,5,7,5
e93296df-acb5-4adb-bbed-46794f5c6a6c,different_values,551,day,18,5,18,5
e93296df-acb5-4adb-bbed-46794f5c6a6c,different_values,551,quantity,205.94,5.5,20594,55
e93296df-acb5-4adb-bbed-46794f5c6a6c,different_values,551,sub_modus_operandi,Smuggled in suitcases,Vehicle ,smuggled in suitcases,vehicle
e93296df-acb5-4adb-bbed-46794f5c6a6c,different_values,551,country,Bulgaria,Switzerland,bulgaria,switzerland
e93296df-acb5-4adb-bbed-46794f5c6a6c,different_values,551,department/state,Haskovo ,Canton de Neuchâtel,haskovo,canton de neuchâtel
e93296df-acb5-4adb-bbed-46794f5c6a6c,different_values,551,municipality/port,Kapitan Andreevo ,Col‑des‑Roches ,kapitan andreevo,col‑des‑roches
e93296df-acb5-4adb-bbed-46794f5c6a6c,different_values,551,transit_1_region,Europe,,europe,
e93296df-acb5-4adb-bbed-46794f5c6a6c,different_values,551,transit_1_country,Turkey,,turkey,
e93296df-acb5-4adb-bbed-46794f5c6a6c,different_values,551,destination_1_country,Bulgaria,Switzerland,bulgaria,switzerland
e93296df-acb5-4adb-bbed-46794f5c6a6c,different_values,551,description,"205.94 kg of high‑purity cocaine (worth ~€20 M / USD 22 M), concealed in five suitcases among personal belongings in a Belgian‑plated diplomatic van entering from Turkey; 3 arrests including a Congolese diplomat accredited to Belgium, Belgian national, and Bulgarian driver.",Swiss customs uncovered 5.5 kg of cocaine in a Spanish‑registered vehicle at a control on the Col‑des‑Roches border crossing in the Neuchâtel mountains; two arrests.,20594 kg of high‑purity cocaine (worth ~€20 m / usd 22 m) concealed in five suitcases among personal belongings in a belgian‑plated diplomatic van entering from turkey; 3 arrests including a congolese diplomat accredited to belgium belgian national and bulgarian driver,swiss customs uncovered 55 kg of cocaine in a spanish‑registered vehicle at a control on the col‑des‑roches border crossing in the neuchâtel mountains; two arrests
e93296df-acb5-4adb-bbed-46794f5c6a6c,different_values,551,source_link,"https://theindianawaaz.com/bulgaria-makes-record-land-border-drug-bust-seizes-206-kg-cocaine/ (theindianawaaz.com, apnews.com)",https://www.rhonefm.ch/suisse/grosse-saisie-de-cocaine-au-col-des-roches-ne-1069042,https://theindianawaazcom/bulgaria-makes-record-land-border-drug-bust-seizes-206-kg-cocaine/ (theindianawaazcom apnewscom),https://wwwrhonefmch/suisse/grosse-saisie-de-cocaine-au-col-des-roches-ne-1069042
e93296df-acb5-4adb-bbed-46794f5c6a6c,different_values,551,archived_link,Archived Link - Bulgaria,Archived Link - Switzerland,archived link - bulgaria,archived link - switzerland
118a1ad4-cccd-4688-a949-be79ad18f616,different_values,552,date_1,2025-07-20,2025-07-18 00:00:00,2025-07-20,2025-07-18 00:00:00
118a1ad4-cccd-4688-a949-be79ad18f616,different_values,552,day,20,18,20,18
118a1ad4-cccd-4688-a949-be79ad18f616,different_values,552,quantity,1300.0,205.94,13000,20594
118a1ad4-cccd-4688-a949-be79ad18f616,different_values,552,modus_operandi/place_seizure,Maritime vessel,Land,maritime vessel,land
118a1ad4-cccd-4688-a949-be79ad18f616,different_values,552,sub_modus_operandi,LPV boat,Smuggled in suitcases,lpv boat,smuggled in suitcases
118a1ad4-cccd-4688-a949-be79ad18f616,different_values,552,region,Central America,Europe,central america,europe
118a1ad4-cccd-4688-a949-be79ad18f616,different_values,552,country,El Salvador,Bulgaria,el salvador,bulgaria
118a1ad4-cccd-4688-a949-be79ad18f616,different_values,552,department/state,,Haskovo ,,haskovo
118a1ad4-cccd-4688-a949-be79ad18f616,different_values,552,municipality/port,,Kapitan Andreevo ,,kapitan andreevo
118a1ad4-cccd-4688-a949-be79ad18f616,different_values,552,transit_1_region,,Europe,,europe
118a1ad4-cccd-4688-a949-be79ad18f616,different_values,552,transit_1_country,,Turkey,,turkey
118a1ad4-cccd-4688-a949-be79ad18f616,different_values,552,destination_1_region,,Europe,,europe
118a1ad4-cccd-4688-a949-be79ad18f616,different_values,552,destination_1_country,,Bulgaria,,bulgaria
118a1ad4-cccd-4688-a949-be79ad18f616,different_values,552,description,"Salvadoran naval unit “Tridente” intercepted a low-profile vessel southwest of Estero de Jaltepeque, seizing 1.3 t of cocaine (valued at USD 33 M); three nationals (2 Ecuadorians, 1 Colombian) arrested.","205.94 kg of high‑purity cocaine (worth ~€20 M / USD 22 M), concealed in five suitcases among personal belongings in a Belgian‑plated diplomatic van entering from Turkey; 3 arrests including a Congolese diplomat accredited to Belgium, Belgian national, and Bulgarian driver.",salvadoran naval unit “tridente” intercepted a low-profile vessel southwest of estero de jaltepeque seizing 13 t of cocaine (valued at usd 33 m); three nationals (2 ecuadorians 1 colombian) arrested,20594 kg of high‑purity cocaine (worth ~€20 m / usd 22 m) concealed in five suitcases among personal belongings in a belgian‑plated diplomatic van entering from turkey; 3 arrests including a congolese diplomat accredited to belgium belgian national and bulgarian driver
118a1ad4-cccd-4688-a949-be79ad18f616,different_values,552,source_link,https://www.laprensagrafica.com/elsalvador/Decomisan-1.3-toneladas-de-cocaina-valoradas-en-33-millones-cerca-del-Estero-de-Jaltepeque-20250720-0055.html,"https://theindianawaaz.com/bulgaria-makes-record-land-border-drug-bust-seizes-206-kg-cocaine/ (theindianawaaz.com, apnews.com)",https://wwwlaprensagraficacom/elsalvador/decomisan-13-toneladas-de-cocaina-valoradas-en-33-millones-cerca-del-estero-de-jaltepeque-20250720-0055html,https://theindianawaazcom/bulgaria-makes-record-land-border-drug-bust-seizes-206-kg-cocaine/ (theindianawaazcom apnewscom)
118a1ad4-cccd-4688-a949-be79ad18f616,different_values,552,archived_link,Archived Link - El Salvador,Archived Link - Bulgaria,archived link - el salvador,archived link - bulgaria
c32f9dc2-35a8-4bb0-a833-bfc5631d6e85,different_values,553,date_1,2025-07-09,2025-07-20 00:00:00,2025-07-09,2025-07-20 00:00:00
c32f9dc2-35a8-4bb0-a833-bfc5631d6e85,different_values,553,day,9,20,9,20
c32f9dc2-35a8-4bb0-a833-bfc5631d6e85,different_values,553,quantity,40.0,1300.0,400,13000
c32f9dc2-35a8-4bb0-a833-bfc5631d6e85,different_values,553,modus_operandi/place_seizure,Land ,Maritime vessel,land,maritime vessel
c32f9dc2-35a8-4bb0-a833-bfc5631d6e85,different_values,553,sub_modus_operandi,,LPV boat,,lpv boat
c32f9dc2-35a8-4bb0-a833-bfc5631d6e85,different_values,553,region,North America,Central America,north america,central america
c32f9dc2-35a8-4bb0-a833-bfc5631d6e85,different_values,553,country,Canada,El Salvador,canada,el salvador
c32f9dc2-35a8-4bb0-a833-bfc5631d6e85,different_values,553,department/state,Quebec,,quebec,
c32f9dc2-35a8-4bb0-a833-bfc5631d6e85,different_values,553,municipality/port,Gatineau/Ottawa,,gatineau/ottawa,
c32f9dc2-35a8-4bb0-a833-bfc5631d6e85,different_values,553,destination_1_country,Canada,,canada,
c32f9dc2-35a8-4bb0-a833-bfc5631d6e85,different_values,553,description,Gatineau police carried out record 40 kg seizure in Montreal on 9 July 2025 during a traffic stop; suspect Simon‑Didier Perron arrested; subsequent raids on 16 July in Gatineau & Masson‑Angers recovered additional meth and weapons.,"Salvadoran naval unit “Tridente” intercepted a low-profile vessel southwest of Estero de Jaltepeque, seizing 1.3 t of cocaine (valued at USD 33 M); three nationals (2 Ecuadorians, 1 Colombian) arrested.",gatineau police carried out record 40 kg seizure in montreal on 9 july 2025 during a traffic stop; suspect simon‑didier perron arrested; subsequent raids on 16 july in gatineau & masson‑angers recovered additional meth and weapons,salvadoran naval unit “tridente” intercepted a low-profile vessel southwest of estero de jaltepeque seizing 13 t of cocaine (valued at usd 33 m); three nationals (2 ecuadorians 1 colombian) arrested
c32f9dc2-35a8-4bb0-a833-bfc5631d6e85,different_values,553,source_link,"(tvanouvelles.ca, cp24.com)",https://www.laprensagrafica.com/elsalvador/Decomisan-1.3-toneladas-de-cocaina-valoradas-en-33-millones-cerca-del-Estero-de-Jaltepeque-20250720-0055.html,(tvanouvellesca cp24com),https://wwwlaprensagraficacom/elsalvador/decomisan-13-toneladas-de-cocaina-valoradas-en-33-millones-cerca-del-estero-de-jaltepeque-20250720-0055html
c32f9dc2-35a8-4bb0-a833-bfc5631d6e85,different_values,553,archived_link,Archived Link - Canada,Archived Link - El Salvador,archived link - canada,archived link - el salvador
d6a4d0f2-c246-40a4-a852-88e076c95fcf,different_values,554,date_1,2025-07-18,2025-07-09 00:00:00,2025-07-18,2025-07-09 00:00:00
d6a4d0f2-c246-40a4-a852-88e076c95fcf,different_values,554,day,18,9,18,9
d6a4d0f2-c246-40a4-a852-88e076c95fcf,different_values,554,quantity,4100.0,40.0,41000,400
d6a4d0f2-c246-40a4-a852-88e076c95fcf,different_values,554,modus_operandi/place_seizure,Container,Land ,container,land
d6a4d0f2-c246-40a4-a852-88e076c95fcf,different_values,554,sub_modus_operandi,Hidden in flour,,hidden in flour,
d6a4d0f2-c246-40a4-a852-88e076c95fcf,different_values,554,region,South America,North America,south america,north america
d6a4d0f2-c246-40a4-a852-88e076c95fcf,different_values,554,country,Colombia,Canada,colombia,canada
d6a4d0f2-c246-40a4-a852-88e076c95fcf,different_values,554,department/state,Magdalena,Quebec,magdalena,quebec
d6a4d0f2-c246-40a4-a852-88e076c95fcf,different_values,554,municipality/port,Port of Santa Marta,Gatineau/Ottawa,port of santa marta,gatineau/ottawa
d6a4d0f2-c246-40a4-a852-88e076c95fcf,different_values,554,origin_country,Colombia,,colombia,
d6a4d0f2-c246-40a4-a852-88e076c95fcf,different_values,554,destination_1_region,Europe,,europe,
d6a4d0f2-c246-40a4-a852-88e076c95fcf,different_values,554,destination_1_country,Belgium,Canada,belgium,canada
d6a4d0f2-c246-40a4-a852-88e076c95fcf,different_values,554,destination_1_department/state,Antwerp,,antwerp,
d6a4d0f2-c246-40a4-a852-88e076c95fcf,different_values,554,description,"4,100 kg of cocaine camouflaged in flour sacks aboard a maritime container destined for Antwerp, Belgium; seizure carried out in Santa Marta port by national police with canine support; valued at over €111 M; prevention of ~10 M doses.",Gatineau police carried out record 40 kg seizure in Montreal on 9 July 2025 during a traffic stop; suspect Simon‑Didier Perron arrested; subsequent raids on 16 July in Gatineau & Masson‑Angers recovered additional meth and weapons.,4100 kg of cocaine camouflaged in flour sacks aboard a maritime container destined for antwerp belgium; seizure carried out in santa marta port by national police with canine support; valued at over €111 m; prevention of ~10 m doses,gatineau police carried out record 40 kg seizure in montreal on 9 july 2025 during a traffic stop; suspect simon‑didier perron arrested; subsequent raids on 16 july in gatineau & masson‑angers recovered additional meth and weapons
d6a4d0f2-c246-40a4-a852-88e076c95fcf,different_values,554,source_link,https://caracol.com.co/2025/07/21/en-santa-marta-caen-41-toneladas-de-cocaina-camuflada-en-harina-un-golpe-al-narcotrafico/,"(tvanouvelles.ca, cp24.com)",https://caracolcomco/2025/07/21/en-santa-marta-caen-41-toneladas-de-cocaina-camuflada-en-harina-un-golpe-al-narcotrafico/,(tvanouvellesca cp24com)
d6a4d0f2-c246-40a4-a852-88e076c95fcf,different_values,554,archived_link,Archived Link - Colombia,Archived Link - Canada,archived link - colombia,archived link - canada
3acafaa7-2737-4d77-957c-1b471eefc6d8,different_values,555,date_1,2025-07-14,2025-07-18 00:00:00,2025-07-14,2025-07-18 00:00:00
3acafaa7-2737-4d77-957c-1b471eefc6d8,different_values,555,day,14,18,14,18
3acafaa7-2737-4d77-957c-1b471eefc6d8,different_values,555,quantity,0.5,4100.0,05,41000
3acafaa7-2737-4d77-957c-1b471eefc6d8,different_values,555,modus_operandi/place_seizure,Land ,Container,land,container
3acafaa7-2737-4d77-957c-1b471eefc6d8,different_values,555,sub_modus_operandi,Hidden in cheese,Hidden in flour,hidden in cheese,hidden in flour
3acafaa7-2737-4d77-957c-1b471eefc6d8,different_values,555,region,Central America,South America,central america,south america
3acafaa7-2737-4d77-957c-1b471eefc6d8,different_values,555,country,Honduras,Colombia,honduras,colombia
3acafaa7-2737-4d77-957c-1b471eefc6d8,different_values,555,department/state,Cortés,Magdalena,cortés,magdalena
3acafaa7-2737-4d77-957c-1b471eefc6d8,different_values,555,municipality/port,La Lima ,Port of Santa Marta,la lima,port of santa marta
3acafaa7-2737-4d77-957c-1b471eefc6d8,different_values,555,origin_country,,Colombia,,colombia
3acafaa7-2737-4d77-957c-1b471eefc6d8,different_values,555,transit_2_department/state,Georgia,,georgia,
3acafaa7-2737-4d77-957c-1b471eefc6d8,different_values,555,destination_1_region,,Europe,,europe
3acafaa7-2737-4d77-957c-1b471eefc6d8,different_values,555,destination_1_country,United States,Belgium,united states,belgium
3acafaa7-2737-4d77-957c-1b471eefc6d8,different_values,555,destination_1_department/state,,Antwerp,,antwerp
3acafaa7-2737-4d77-957c-1b471eefc6d8,different_values,555,description,"Approximately 0.5 kg of cocaine concealed inside a cheese block within export cargo at La Mesa customs checkpoint in Honduras; destined for Cumming, Georgia, USA.","4,100 kg of cocaine camouflaged in flour sacks aboard a maritime container destined for Antwerp, Belgium; seizure carried out in Santa Marta port by national police with canine support; valued at over €111 M; prevention of ~10 M doses.",approximately 05 kg of cocaine concealed inside a cheese block within export cargo at la mesa customs checkpoint in honduras; destined for cumming georgia usa,4100 kg of cocaine camouflaged in flour sacks aboard a maritime container destined for antwerp belgium; seizure carried out in santa marta port by national police with canine support; valued at over €111 m; prevention of ~10 m doses
3acafaa7-2737-4d77-957c-1b471eefc6d8,different_values,555,source_link,https://www.elheraldo.hn/honduras/supuesta-cocaina-iba-camuflada-queso-destino-georgia-estados-unidos-AC26711212,https://caracol.com.co/2025/07/21/en-santa-marta-caen-41-toneladas-de-cocaina-camuflada-en-harina-un-golpe-al-narcotrafico/,https://wwwelheraldohn/honduras/supuesta-cocaina-iba-camuflada-queso-destino-georgia-estados-unidos-ac26711212,https://caracolcomco/2025/07/21/en-santa-marta-caen-41-toneladas-de-cocaina-camuflada-en-harina-un-golpe-al-narcotrafico/
3acafaa7-2737-4d77-957c-1b471eefc6d8,different_values,555,archived_link,Archived Link - Honduras,Archived Link - Colombia,archived link - honduras,archived link - colombia
bc77b1ef-61b9-4e60-a6bd-69d55af4ca66,different_values,556,date_1,2025-07-22,2025-07-14 00:00:00,2025-07-22,2025-07-14 00:00:00
bc77b1ef-61b9-4e60-a6bd-69d55af4ca66,different_values,556,day,22,14,22,14
bc77b1ef-61b9-4e60-a6bd-69d55af4ca66,different_values,556,quantity,320.0,0.5,3200,05
bc77b1ef-61b9-4e60-a6bd-69d55af4ca66,different_values,556,sub_modus_operandi,Double bottom,Hidden in cheese,double bottom,hidden in cheese
bc77b1ef-61b9-4e60-a6bd-69d55af4ca66,different_values,556,region,South America,Central America,south america,central america
bc77b1ef-61b9-4e60-a6bd-69d55af4ca66,different_values,556,country,Colombia,Honduras,colombia,honduras
bc77b1ef-61b9-4e60-a6bd-69d55af4ca66,different_values,556,department/state,Santander,Cortés,santander,cortés
bc77b1ef-61b9-4e60-a6bd-69d55af4ca66,different_values,556,municipality/port,Magdalena Medio,La Lima ,magdalena medio,la lima
bc77b1ef-61b9-4e60-a6bd-69d55af4ca66,different_values,556,origin_country,Colombia,,colombia,
bc77b1ef-61b9-4e60-a6bd-69d55af4ca66,different_values,556,origin_area,Cauca,,cauca,
bc77b1ef-61b9-4e60-a6bd-69d55af4ca66,different_values,556,transit_1_region,South America,,south america,
bc77b1ef-61b9-4e60-a6bd-69d55af4ca66,different_values,556,transit_1_country,Colombia,,colombia,
bc77b1ef-61b9-4e60-a6bd-69d55af4ca66,different_values,556,transit_1_department/state,Santa Marta,,santa marta,
bc77b1ef-61b9-4e60-a6bd-69d55af4ca66,different_values,556,transit_1_municipality/port,Santa Marta Port,,santa marta port,
bc77b1ef-61b9-4e60-a6bd-69d55af4ca66,different_values,556,transit_2_department/state,,Georgia,,georgia
bc77b1ef-61b9-4e60-a6bd-69d55af4ca66,different_values,556,destination_1_region,Europe,,europe,
bc77b1ef-61b9-4e60-a6bd-69d55af4ca66,different_values,556,destination_1_country,,United States,,united states
bc77b1ef-61b9-4e60-a6bd-69d55af4ca66,different_values,556,description,Truck with 320 kg of cocaine disguised in food products (pasta) found in a wooden double-bottom cache on the La Lizama road—from Cauca via Magdalena Medio—intended for Santa Marta port then shipped to Europe; driver detained.,"Approximately 0.5 kg of cocaine concealed inside a cheese block within export cargo at La Mesa customs checkpoint in Honduras; destined for Cumming, Georgia, USA.",truck with 320 kg of cocaine disguised in food products (pasta) found in a wooden double-bottom cache on the la lizama road—from cauca via magdalena medio—intended for santa marta port then shipped to europe; driver detained,approximately 05 kg of cocaine concealed inside a cheese block within export cargo at la mesa customs checkpoint in honduras; destined for cumming georgia usa
bc77b1ef-61b9-4e60-a6bd-69d55af4ca66,different_values,556,source_link,https://caracol.com.co/2025/07/22/incautan-caleta-de-cocaina-en-via-del-magdalena-medio-su-destino-final-seria-europa/,https://www.elheraldo.hn/honduras/supuesta-cocaina-iba-camuflada-queso-destino-georgia-estados-unidos-AC26711212,https://caracolcomco/2025/07/22/incautan-caleta-de-cocaina-en-via-del-magdalena-medio-su-destino-final-seria-europa/,https://wwwelheraldohn/honduras/supuesta-cocaina-iba-camuflada-queso-destino-georgia-estados-unidos-ac26711212
bc77b1ef-61b9-4e60-a6bd-69d55af4ca66,different_values,556,archived_link,Archived Link - Colombia,Archived Link - Honduras,archived link - colombia,archived link - honduras
06bb7ddd-6c1f-471b-8946-f7a60bb35f68,different_values,557,date_1,2025-07-21,2025-07-22 00:00:00,2025-07-21,2025-07-22 00:00:00
06bb7ddd-6c1f-471b-8946-f7a60bb35f68,different_values,557,day,21,22,21,22
06bb7ddd-6c1f-471b-8946-f7a60bb35f68,different_values,557,quantity,1300.0,320.0,13000,3200
06bb7ddd-6c1f-471b-8946-f7a60bb35f68,different_values,557,sub_modus_operandi,,Double bottom,,double bottom
06bb7ddd-6c1f-471b-8946-f7a60bb35f68,different_values,557,country,Ecuador,Colombia,ecuador,colombia
06bb7ddd-6c1f-471b-8946-f7a60bb35f68,different_values,557,department/state,Manabí,Santander,manabí,santander
06bb7ddd-6c1f-471b-8946-f7a60bb35f68,different_values,557,municipality/port,San Lorenzo,Magdalena Medio,san lorenzo,magdalena medio
06bb7ddd-6c1f-471b-8946-f7a60bb35f68,different_values,557,origin_country,,Colombia,,colombia
06bb7ddd-6c1f-471b-8946-f7a60bb35f68,different_values,557,origin_area,,Cauca,,cauca
06bb7ddd-6c1f-471b-8946-f7a60bb35f68,different_values,557,transit_1_region,,South America,,south america
06bb7ddd-6c1f-471b-8946-f7a60bb35f68,different_values,557,transit_1_country,,Colombia,,colombia
06bb7ddd-6c1f-471b-8946-f7a60bb35f68,different_values,557,transit_1_department/state,,Santa Marta,,santa marta
06bb7ddd-6c1f-471b-8946-f7a60bb35f68,different_values,557,transit_1_municipality/port,,Santa Marta Port,,santa marta port
06bb7ddd-6c1f-471b-8946-f7a60bb35f68,different_values,557,destination_1_region,,Europe,,europe
06bb7ddd-6c1f-471b-8946-f7a60bb35f68,different_values,557,description,"1.3 t of cocaine (1,340 blocks, worth USD 2.9 M) found in a vegetation-covered cache of 38 bultos in San Lorenzo.",Truck with 320 kg of cocaine disguised in food products (pasta) found in a wooden double-bottom cache on the La Lizama road—from Cauca via Magdalena Medio—intended for Santa Marta port then shipped to Europe; driver detained.,13 t of cocaine (1340 blocks worth usd 29 m) found in a vegetation-covered cache of 38 bultos in san lorenzo,truck with 320 kg of cocaine disguised in food products (pasta) found in a wooden double-bottom cache on the la lizama road—from cauca via magdalena medio—intended for santa marta port then shipped to europe; driver detained
06bb7ddd-6c1f-471b-8946-f7a60bb35f68,different_values,557,source_link,https://www.ecuavisa.com/noticias/seguridad/droga-decomiso-san-lorenzo-manta-FN9807531,https://caracol.com.co/2025/07/22/incautan-caleta-de-cocaina-en-via-del-magdalena-medio-su-destino-final-seria-europa/,https://wwwecuavisacom/noticias/seguridad/droga-decomiso-san-lorenzo-manta-fn9807531,https://caracolcomco/2025/07/22/incautan-caleta-de-cocaina-en-via-del-magdalena-medio-su-destino-final-seria-europa/
06bb7ddd-6c1f-471b-8946-f7a60bb35f68,different_values,557,archived_link,Archived Link - Ecuador,Archived Link - Colombia,archived link - ecuador,archived link - colombia
89dc85c7-3ed6-4446-8624-262d474121e9,different_values,558,date_1,2025-07-21,2025-07-21 00:00:00,2025-07-21,2025-07-21 00:00:00
89dc85c7-3ed6-4446-8624-262d474121e9,different_values,558,drug_type,Coca Crops,Cocaine,coca crops,cocaine
89dc85c7-3ed6-4446-8624-262d474121e9,different_values,558,quantity,450.0,1300.0,4500,13000
89dc85c7-3ed6-4446-8624-262d474121e9,different_values,558,country,Argentina,Ecuador,argentina,ecuador
89dc85c7-3ed6-4446-8624-262d474121e9,different_values,558,department/state,Catamarca,Manabí,catamarca,manabí
89dc85c7-3ed6-4446-8624-262d474121e9,different_values,558,municipality/port,,San Lorenzo,,san lorenzo
89dc85c7-3ed6-4446-8624-262d474121e9,different_values,558,description,Gendarmería stopped a vehicle near Catamarca; found 450 kg of coca leaves in 16 bultos transported without proper authorization.,"1.3 t of cocaine (1,340 blocks, worth USD 2.9 M) found in a vegetation-covered cache of 38 bultos in San Lorenzo.",gendarmería stopped a vehicle near catamarca; found 450 kg of coca leaves in 16 bultos transported without proper authorization,13 t of cocaine (1340 blocks worth usd 29 m) found in a vegetation-covered cache of 38 bultos in san lorenzo
89dc85c7-3ed6-4446-8624-262d474121e9,different_values,558,source_link,https://www.argentina.gob.ar/noticias/catamarca-trasladan-hojas-de-coca-cubiertas-y-mercaderia-de-diferentes-rubros,https://www.ecuavisa.com/noticias/seguridad/droga-decomiso-san-lorenzo-manta-FN9807531,https://wwwargentinagobar/noticias/catamarca-trasladan-hojas-de-coca-cubiertas-y-mercaderia-de-diferentes-rubros,https://wwwecuavisacom/noticias/seguridad/droga-decomiso-san-lorenzo-manta-fn9807531
89dc85c7-3ed6-4446-8624-262d474121e9,different_values,558,archived_link,Archived Link - Argentina,Archived Link - Ecuador,archived link - argentina,archived link - ecuador
c4fc1606-c0f5-4e99-8a84-32cf51d0d431,different_values,559,date_1,2025-07-22,2025-07-21 00:00:00,2025-07-22,2025-07-21 00:00:00
c4fc1606-c0f5-4e99-8a84-32cf51d0d431,different_values,559,day,22,21,22,21
c4fc1606-c0f5-4e99-8a84-32cf51d0d431,different_values,559,drug_type,Cocaine,Coca Crops,cocaine,coca crops
c4fc1606-c0f5-4e99-8a84-32cf51d0d431,different_values,559,quantity,100.0,450.0,1000,4500
c4fc1606-c0f5-4e99-8a84-32cf51d0d431,different_values,559,sub_modus_operandi,Double‑bottom ,,double‑bottom,
c4fc1606-c0f5-4e99-8a84-32cf51d0d431,different_values,559,country,Ecuador,Argentina,ecuador,argentina
c4fc1606-c0f5-4e99-8a84-32cf51d0d431,different_values,559,department/state,Napo,Catamarca,napo,catamarca
c4fc1606-c0f5-4e99-8a84-32cf51d0d431,different_values,559,municipality/port,Tena,,tena,
c4fc1606-c0f5-4e99-8a84-32cf51d0d431,different_values,559,description,100 kg of cocaine found concealed in a double‑bottom compartment inside a vehicle during a police inspection near Tena.,Gendarmería stopped a vehicle near Catamarca; found 450 kg of coca leaves in 16 bultos transported without proper authorization.,100 kg of cocaine found concealed in a double‑bottom compartment inside a vehicle during a police inspection near tena,gendarmería stopped a vehicle near catamarca; found 450 kg of coca leaves in 16 bultos transported without proper authorization
c4fc1606-c0f5-4e99-8a84-32cf51d0d431,different_values,559,source_link,https://www.ecuavisa.com/noticias/seguridad/hombre-auto-100-kilos-cocaina-tena-EL9805116 ,https://www.argentina.gob.ar/noticias/catamarca-trasladan-hojas-de-coca-cubiertas-y-mercaderia-de-diferentes-rubros,https://wwwecuavisacom/noticias/seguridad/hombre-auto-100-kilos-cocaina-tena-el9805116,https://wwwargentinagobar/noticias/catamarca-trasladan-hojas-de-coca-cubiertas-y-mercaderia-de-diferentes-rubros
c4fc1606-c0f5-4e99-8a84-32cf51d0d431,different_values,559,archived_link,Archived Link - Ecuador,Archived Link - Argentina,archived link - ecuador,archived link - argentina
228fd01f-08ae-4a22-be69-8c104b053fe4,different_values,560,date_1,2025-07-22,2025-07-22 00:00:00,2025-07-22,2025-07-22 00:00:00
228fd01f-08ae-4a22-be69-8c104b053fe4,different_values,560,quantity,258.0,100.0,2580,1000
228fd01f-08ae-4a22-be69-8c104b053fe4,different_values,560,modus_operandi/place_seizure,Container,Land,container,land
228fd01f-08ae-4a22-be69-8c104b053fe4,different_values,560,sub_modus_operandi,Hidden in solar panel batteries,Double‑bottom ,hidden in solar panel batteries,double‑bottom
228fd01f-08ae-4a22-be69-8c104b053fe4,different_values,560,country,Peru,Ecuador,peru,ecuador
228fd01f-08ae-4a22-be69-8c104b053fe4,different_values,560,department/state,Piura,Napo,piura,napo
228fd01f-08ae-4a22-be69-8c104b053fe4,different_values,560,municipality/port,Port of Paita,Tena,port of paita,tena
228fd01f-08ae-4a22-be69-8c104b053fe4,different_values,560,origin_country,Colombia,,colombia,
228fd01f-08ae-4a22-be69-8c104b053fe4,different_values,560,destination_1_region,Europe,,europe,
228fd01f-08ae-4a22-be69-8c104b053fe4,different_values,560,destination_1_country,Spain,,spain,
228fd01f-08ae-4a22-be69-8c104b053fe4,different_values,560,description,"258 kg of cocaine found camouflaged inside solar panel batteries, impregnated with coffee, during an export inspection at the port of Paita; shipment bound for Spain, valued over USD 15 M.",100 kg of cocaine found concealed in a double‑bottom compartment inside a vehicle during a police inspection near Tena.,258 kg of cocaine found camouflaged inside solar panel batteries impregnated with coffee during an export inspection at the port of paita; shipment bound for spain valued over usd 15 m,100 kg of cocaine found concealed in a double‑bottom compartment inside a vehicle during a police inspection near tena
228fd01f-08ae-4a22-be69-8c104b053fe4,different_values,560,source_link,https://peru21.pe/policiales/incautan-258-kilos-de-cocaina-camuflados-en-paneles-solares-en-puerto-de-paita/,https://www.ecuavisa.com/noticias/seguridad/hombre-auto-100-kilos-cocaina-tena-EL9805116 ,https://peru21pe/policiales/incautan-258-kilos-de-cocaina-camuflados-en-paneles-solares-en-puerto-de-paita/,https://wwwecuavisacom/noticias/seguridad/hombre-auto-100-kilos-cocaina-tena-el9805116
228fd01f-08ae-4a22-be69-8c104b053fe4,different_values,560,archived_link,Archived Link - Peru,Archived Link - Ecuador,archived link - peru,archived link - ecuador
964a6be8-e302-4b75-bb2d-5efcd0ab9ccf,different_values,561,date_1,2025-07-21,2025-07-22 00:00:00,2025-07-21,2025-07-22 00:00:00
964a6be8-e302-4b75-bb2d-5efcd0ab9ccf,different_values,561,day,21,22,21,22
964a6be8-e302-4b75-bb2d-5efcd0ab9ccf,different_values,561,quantity,309.6,258.0,3096,2580
964a6be8-e302-4b75-bb2d-5efcd0ab9ccf,different_values,561,modus_operandi/place_seizure,Land,Container,land,container
964a6be8-e302-4b75-bb2d-5efcd0ab9ccf,different_values,561,sub_modus_operandi,in fuel tanks,Hidden in solar panel batteries,in fuel tanks,hidden in solar panel batteries
964a6be8-e302-4b75-bb2d-5efcd0ab9ccf,different_values,561,country,Argentina,Peru,argentina,peru
964a6be8-e302-4b75-bb2d-5efcd0ab9ccf,different_values,561,department/state,Catamarca,Piura,catamarca,piura
964a6be8-e302-4b75-bb2d-5efcd0ab9ccf,different_values,561,municipality/port,Belén,Port of Paita,belén,port of paita
964a6be8-e302-4b75-bb2d-5efcd0ab9ccf,different_values,561,origin_country,Bolivia,Colombia,bolivia,colombia
964a6be8-e302-4b75-bb2d-5efcd0ab9ccf,different_values,561,destination_1_region,,Europe,,europe
964a6be8-e302-4b75-bb2d-5efcd0ab9ccf,different_values,561,destination_1_country,,Spain,,spain
964a6be8-e302-4b75-bb2d-5efcd0ab9ccf,different_values,561,description,"309.565 kg of cocaine found in metal boxes inside fuel tanks during a raid in Belén, Catamarca. Tools and Bolivian license plates were also seized.","258 kg of cocaine found camouflaged inside solar panel batteries, impregnated with coffee, during an export inspection at the port of Paita; shipment bound for Spain, valued over USD 15 M.",309565 kg of cocaine found in metal boxes inside fuel tanks during a raid in belén catamarca tools and bolivian license plates were also seized,258 kg of cocaine found camouflaged inside solar panel batteries impregnated with coffee during an export inspection at the port of paita; shipment bound for spain valued over usd 15 m
964a6be8-e302-4b75-bb2d-5efcd0ab9ccf,different_values,561,source_link,https://www.argentina.gob.ar/noticias/descubren-cofres-metalicos-con-309-kilos-de-cocaina-dentro-de-tres-tanques-de-combustible,https://peru21.pe/policiales/incautan-258-kilos-de-cocaina-camuflados-en-paneles-solares-en-puerto-de-paita/,https://wwwargentinagobar/noticias/descubren-cofres-metalicos-con-309-kilos-de-cocaina-dentro-de-tres-tanques-de-combustible,https://peru21pe/policiales/incautan-258-kilos-de-cocaina-camuflados-en-paneles-solares-en-puerto-de-paita/
964a6be8-e302-4b75-bb2d-5efcd0ab9ccf,different_values,561,archived_link,Archived Link - Argentina,Archived Link - Peru,archived link - argentina,archived link - peru
ab54ce6d-7c95-4927-81af-f50d291bbf3d,different_values,562,date_1,2025-07-19,2025-07-21 00:00:00,2025-07-19,2025-07-21 00:00:00
ab54ce6d-7c95-4927-81af-f50d291bbf3d,different_values,562,day,19,21,19,21
ab54ce6d-7c95-4927-81af-f50d291bbf3d,different_values,562,quantity,345.2,309.6,3452,3096
ab54ce6d-7c95-4927-81af-f50d291bbf3d,different_values,562,modus_operandi/place_seizure,Air,Land,air,land
ab54ce6d-7c95-4927-81af-f50d291bbf3d,different_values,562,sub_modus_operandi,clandestine air drop,in fuel tanks,clandestine air drop,in fuel tanks
ab54ce6d-7c95-4927-81af-f50d291bbf3d,different_values,562,country,Bolivia,Argentina,bolivia,argentina
ab54ce6d-7c95-4927-81af-f50d291bbf3d,different_values,562,department/state,Cochabamba,Catamarca,cochabamba,catamarca
ab54ce6d-7c95-4927-81af-f50d291bbf3d,different_values,562,municipality/port,Chapare,Belén,chapare,belén
ab54ce6d-7c95-4927-81af-f50d291bbf3d,different_values,562,origin_country,,Bolivia,,bolivia
ab54ce6d-7c95-4927-81af-f50d291bbf3d,different_values,562,description,"During an aerial patrol on July 19, 2025, FELCN agents observed a clandestine aircraft dropping sacks of cocaine on a remote landing strip in Bolivia’s Chapare region; the pilot fled before capture.","309.565 kg of cocaine found in metal boxes inside fuel tanks during a raid in Belén, Catamarca. Tools and Bolivian license plates were also seized.",during an aerial patrol on july 19 2025 felcn agents observed a clandestine aircraft dropping sacks of cocaine on a remote landing strip in bolivia’s chapare region; the pilot fled before capture,309565 kg of cocaine found in metal boxes inside fuel tanks during a raid in belén catamarca tools and bolivian license plates were also seized
ab54ce6d-7c95-4927-81af-f50d291bbf3d,different_values,562,source_link,https://www.opinion.com.bo/articulo/policial/patrullaje-aereo-halla-cocaina-piloto-huye/20250722000004976841.html,https://www.argentina.gob.ar/noticias/descubren-cofres-metalicos-con-309-kilos-de-cocaina-dentro-de-tres-tanques-de-combustible,https://wwwopinioncombo/articulo/policial/patrullaje-aereo-halla-cocaina-piloto-huye/20250722000004976841html,https://wwwargentinagobar/noticias/descubren-cofres-metalicos-con-309-kilos-de-cocaina-dentro-de-tres-tanques-de-combustible
ab54ce6d-7c95-4927-81af-f50d291bbf3d,different_values,562,archived_link,Archived Link - Bolivia,Archived Link - Argentina,archived link - bolivia,archived link - argentina
5f3bf951-7010-4c3c-bc94-69ea3175ffad,different_values,563,date_1,2025-07-21,2025-07-19 00:00:00,2025-07-21,2025-07-19 00:00:00
5f3bf951-7010-4c3c-bc94-69ea3175ffad,different_values,563,day,21,19,21,19
5f3bf951-7010-4c3c-bc94-69ea3175ffad,different_values,563,quantity,800.0,345.2,8000,3452
5f3bf951-7010-4c3c-bc94-69ea3175ffad,different_values,563,modus_operandi/place_seizure,Land,Air,land,air
5f3bf951-7010-4c3c-bc94-69ea3175ffad,different_values,563,sub_modus_operandi,Hidden in caletas,clandestine air drop,hidden in caletas,clandestine air drop
5f3bf951-7010-4c3c-bc94-69ea3175ffad,different_values,563,department/state,Beni,Cochabamba,beni,cochabamba
5f3bf951-7010-4c3c-bc94-69ea3175ffad,different_values,563,municipality/port,Rurrenabaque,Chapare,rurrenabaque,chapare
5f3bf951-7010-4c3c-bc94-69ea3175ffad,different_values,563,description,800 kg of cocaine were discovered in hidden caletas at a rural property near Rurrenabaque during a search operation tied to ongoing investigations from Santa Cruz initiated in June.,"During an aerial patrol on July 19, 2025, FELCN agents observed a clandestine aircraft dropping sacks of cocaine on a remote landing strip in Bolivia’s Chapare region; the pilot fled before capture.",800 kg of cocaine were discovered in hidden caletas at a rural property near rurrenabaque during a search operation tied to ongoing investigations from santa cruz initiated in june,during an aerial patrol on july 19 2025 felcn agents observed a clandestine aircraft dropping sacks of cocaine on a remote landing strip in bolivia’s chapare region; the pilot fled before capture
5f3bf951-7010-4c3c-bc94-69ea3175ffad,different_values,563,source_link,https://www.eldeber.com.bo/pais/hallan-800-kilos-de-droga-en-una-propiedad-de-rurrenabaque_523407/ (eldeber.com.bo),https://www.opinion.com.bo/articulo/policial/patrullaje-aereo-halla-cocaina-piloto-huye/20250722000004976841.html,https://wwweldebercombo/pais/hallan-800-kilos-de-droga-en-una-propiedad-de-rurrenabaque_523407/ (eldebercombo),https://wwwopinioncombo/articulo/policial/patrullaje-aereo-halla-cocaina-piloto-huye/20250722000004976841html
86e3e04a-ea7a-44dd-80f7-d24c0231bb49,different_values,564,date_1,2025-07-21,2025-07-21 00:00:00,2025-07-21,2025-07-21 00:00:00
86e3e04a-ea7a-44dd-80f7-d24c0231bb49,different_values,564,quantity,342.0,800.0,3420,8000
86e3e04a-ea7a-44dd-80f7-d24c0231bb49,different_values,564,modus_operandi/place_seizure,Maritime vessel,Land,maritime vessel,land
86e3e04a-ea7a-44dd-80f7-d24c0231bb49,different_values,564,sub_modus_operandi,,Hidden in caletas,,hidden in caletas
86e3e04a-ea7a-44dd-80f7-d24c0231bb49,different_values,564,country,Colombia,Bolivia,colombia,bolivia
86e3e04a-ea7a-44dd-80f7-d24c0231bb49,different_values,564,department/state,Bolívar,Beni,bolívar,beni
86e3e04a-ea7a-44dd-80f7-d24c0231bb49,different_values,564,municipality/port,Cartagena ,Rurrenabaque,cartagena,rurrenabaque
86e3e04a-ea7a-44dd-80f7-d24c0231bb49,different_values,564,description,"342 kg of cocaine found in bultos concealed in an unmanned coastal vessel moored at the industrial dock in Cartagena during a fast-reaction and canine-assisted patrol; valued at over USD 16 million. Intended for ""international"" markets.",800 kg of cocaine were discovered in hidden caletas at a rural property near Rurrenabaque during a search operation tied to ongoing investigations from Santa Cruz initiated in June.,"342 kg of cocaine found in bultos concealed in an unmanned coastal vessel moored at the industrial dock in cartagena during a fast-reaction and canine-assisted patrol; valued at over usd 16 million intended for ""international"" markets",800 kg of cocaine were discovered in hidden caletas at a rural property near rurrenabaque during a search operation tied to ongoing investigations from santa cruz initiated in june
86e3e04a-ea7a-44dd-80f7-d24c0231bb49,different_values,564,source_link,https://www.eltiempo.com/justicia/conflicto-y-narcotrafico/incautan-mas-de-340-kilos-de-cocaina-en-muelle-del-sector-industrial-de-cartagena-3474109,https://www.eldeber.com.bo/pais/hallan-800-kilos-de-droga-en-una-propiedad-de-rurrenabaque_523407/ (eldeber.com.bo),https://wwweltiempocom/justicia/conflicto-y-narcotrafico/incautan-mas-de-340-kilos-de-cocaina-en-muelle-del-sector-industrial-de-cartagena-3474109,https://wwweldebercombo/pais/hallan-800-kilos-de-droga-en-una-propiedad-de-rurrenabaque_523407/ (eldebercombo)
86e3e04a-ea7a-44dd-80f7-d24c0231bb49,different_values,564,archived_link,Archived Link - Colombia,Archived Link - Bolivia,archived link - colombia,archived link - bolivia
8861fd28-03be-4b5c-b42b-cb33c02743d4,different_values,565,date_1,2025-07-20,2025-07-21 00:00:00,2025-07-20,2025-07-21 00:00:00
8861fd28-03be-4b5c-b42b-cb33c02743d4,different_values,565,day,20,21,20,21
8861fd28-03be-4b5c-b42b-cb33c02743d4,different_values,565,quantity,20.0,342.0,200,3420
8861fd28-03be-4b5c-b42b-cb33c02743d4,different_values,565,modus_operandi/place_seizure,Land,Maritime vessel,land,maritime vessel
8861fd28-03be-4b5c-b42b-cb33c02743d4,different_values,565,region,North America,South America,north america,south america
8861fd28-03be-4b5c-b42b-cb33c02743d4,different_values,565,country,United States,Colombia,united states,colombia
8861fd28-03be-4b5c-b42b-cb33c02743d4,different_values,565,department/state,Texas,Bolívar,texas,bolívar
8861fd28-03be-4b5c-b42b-cb33c02743d4,different_values,565,municipality/port,Ysleta Port of Entry,Cartagena ,ysleta port of entry,cartagena
8861fd28-03be-4b5c-b42b-cb33c02743d4,different_values,565,transit_1_region,North America,,north america,
8861fd28-03be-4b5c-b42b-cb33c02743d4,different_values,565,transit_1_country,Mexico,,mexico,
8861fd28-03be-4b5c-b42b-cb33c02743d4,different_values,565,destination_1_country,United States,,united states,
8861fd28-03be-4b5c-b42b-cb33c02743d4,different_values,565,description,20 kg of cocaine found hidden in a secret compartment under the rear seat of a Ford Explorer during a canine inspection at the Ysleta Port of Entry at the US‑Mexico border.,"342 kg of cocaine found in bultos concealed in an unmanned coastal vessel moored at the industrial dock in Cartagena during a fast-reaction and canine-assisted patrol; valued at over USD 16 million. Intended for ""international"" markets.",20 kg of cocaine found hidden in a secret compartment under the rear seat of a ford explorer during a canine inspection at the ysleta port of entry at the us‑mexico border,"342 kg of cocaine found in bultos concealed in an unmanned coastal vessel moored at the industrial dock in cartagena during a fast-reaction and canine-assisted patrol; valued at over usd 16 million intended for ""international"" markets"
8861fd28-03be-4b5c-b42b-cb33c02743d4,different_values,565,source_link,https://www.infobae.com/mexico/2025/07/23/mujer-estadounidense-es-detenida-por-agentes-cbp-con-cargamento-de-cocaina-que-provenia-desde-mexico/,https://www.eltiempo.com/justicia/conflicto-y-narcotrafico/incautan-mas-de-340-kilos-de-cocaina-en-muelle-del-sector-industrial-de-cartagena-3474109,https://wwwinfobaecom/mexico/2025/07/23/mujer-estadounidense-es-detenida-por-agentes-cbp-con-cargamento-de-cocaina-que-provenia-desde-mexico/,https://wwweltiempocom/justicia/conflicto-y-narcotrafico/incautan-mas-de-340-kilos-de-cocaina-en-muelle-del-sector-industrial-de-cartagena-3474109
8861fd28-03be-4b5c-b42b-cb33c02743d4,different_values,565,archived_link,Archived Link - United States,Archived Link - Colombia,archived link - united states,archived link - colombia
afa17e77-a26c-4f41-8a20-a41c107d85c1,different_values,566,date_1,2025-07-22,2025-07-20 00:00:00,2025-07-22,2025-07-20 00:00:00
afa17e77-a26c-4f41-8a20-a41c107d85c1,different_values,566,day,22,20,22,20
afa17e77-a26c-4f41-8a20-a41c107d85c1,different_values,566,quantity,1300.0,20.0,13000,200
afa17e77-a26c-4f41-8a20-a41c107d85c1,different_values,566,modus_operandi/place_seizure,Maritime vessel,Land,maritime vessel,land
afa17e77-a26c-4f41-8a20-a41c107d85c1,different_values,566,sub_modus_operandi,Low-profile vessel,,low-profile vessel,
afa17e77-a26c-4f41-8a20-a41c107d85c1,different_values,566,region,South America,North America,south america,north america
afa17e77-a26c-4f41-8a20-a41c107d85c1,different_values,566,country,El Salvador,United States,el salvador,united states
afa17e77-a26c-4f41-8a20-a41c107d85c1,different_values,566,department/state,Pacific maritime zone,Texas,pacific maritime zone,texas
afa17e77-a26c-4f41-8a20-a41c107d85c1,different_values,566,municipality/port,,Ysleta Port of Entry,,ysleta port of entry
afa17e77-a26c-4f41-8a20-a41c107d85c1,different_values,566,transit_1_region,,North America,,north america
afa17e77-a26c-4f41-8a20-a41c107d85c1,different_values,566,transit_1_country,,Mexico,,mexico
afa17e77-a26c-4f41-8a20-a41c107d85c1,different_values,566,destination_1_country,,United States,,united states
afa17e77-a26c-4f41-8a20-a41c107d85c1,different_values,566,description,1.3 t of cocaine seized by Salvadoran Navy from a low‑profile vessel intercepted ~600 nm southwest of Bocana El Cordoncillo near Estero de Jaltepeque; valued at USD 33 million.,20 kg of cocaine found hidden in a secret compartment under the rear seat of a Ford Explorer during a canine inspection at the Ysleta Port of Entry at the US‑Mexico border.,13 t of cocaine seized by salvadoran navy from a low‑profile vessel intercepted ~600 nm southwest of bocana el cordoncillo near estero de jaltepeque; valued at usd 33 million,20 kg of cocaine found hidden in a secret compartment under the rear seat of a ford explorer during a canine inspection at the ysleta port of entry at the us‑mexico border
afa17e77-a26c-4f41-8a20-a41c107d85c1,different_values,566,source_link,https://www.gazetaexpress.com/es/kapet-ne-mes-te-detit-kokaine-me-vlere-33-milione-dollare/,https://www.infobae.com/mexico/2025/07/23/mujer-estadounidense-es-detenida-por-agentes-cbp-con-cargamento-de-cocaina-que-provenia-desde-mexico/,https://wwwgazetaexpresscom/es/kapet-ne-mes-te-detit-kokaine-me-vlere-33-milione-dollare/,https://wwwinfobaecom/mexico/2025/07/23/mujer-estadounidense-es-detenida-por-agentes-cbp-con-cargamento-de-cocaina-que-provenia-desde-mexico/
afa17e77-a26c-4f41-8a20-a41c107d85c1,different_values,566,archived_link,Archived Link - El Salvador,Archived Link - United States,archived link - el salvador,archived link - united states
efdbd0d7-8cb4-404a-bbca-e549e609feff,different_values,567,date_1,2025-07-23,2025-07-22 00:00:00,2025-07-23,2025-07-22 00:00:00
efdbd0d7-8cb4-404a-bbca-e549e609feff,different_values,567,day,23,22,23,22
efdbd0d7-8cb4-404a-bbca-e549e609feff,different_values,567,quantity,200.0,1300.0,2000,13000
efdbd0d7-8cb4-404a-bbca-e549e609feff,different_values,567,modus_operandi/place_seizure,Land,Maritime vessel,land,maritime vessel
efdbd0d7-8cb4-404a-bbca-e549e609feff,different_values,567,sub_modus_operandi,,Low-profile vessel,,low-profile vessel
efdbd0d7-8cb4-404a-bbca-e549e609feff,different_values,567,region,Europe,South America,europe,south america
efdbd0d7-8cb4-404a-bbca-e549e609feff,different_values,567,country,Germany,El Salvador,germany,el salvador
efdbd0d7-8cb4-404a-bbca-e549e609feff,different_values,567,department/state,Bavaria,Pacific maritime zone,bavaria,pacific maritime zone
efdbd0d7-8cb4-404a-bbca-e549e609feff,different_values,567,municipality/port,Kitzingen,,kitzingen,
efdbd0d7-8cb4-404a-bbca-e549e609feff,different_values,567,description,"200 kg of cocaine discovered by police in Bavaria in a remote hangar, thanks to a tip from a local farmer. The suspects—one Swiss and two French nationals—were arrested, and the drugs were stored in unusual metallic containers. Vehicles with French plates were also seized. Authorities estimate the street value at approximately €10 million. Investigation ongoing with possible additional suspects.",1.3 t of cocaine seized by Salvadoran Navy from a low‑profile vessel intercepted ~600 nm southwest of Bocana El Cordoncillo near Estero de Jaltepeque; valued at USD 33 million.,200 kg of cocaine discovered by police in bavaria in a remote hangar thanks to a tip from a local farmer the suspects—one swiss and two french nationals—were arrested and the drugs were stored in unusual metallic containers vehicles with french plates were also seized authorities estimate the street value at approximately €10 million investigation ongoing with possible additional suspects,13 t of cocaine seized by salvadoran navy from a low‑profile vessel intercepted ~600 nm southwest of bocana el cordoncillo near estero de jaltepeque; valued at usd 33 million
efdbd0d7-8cb4-404a-bbca-e549e609feff,different_values,567,source_link,https://www.blick.ch/fr/monde/un-suisse-et-deux-francais-arretes-avec-200-kilos-de-coca-ne-id21077513.html,https://www.gazetaexpress.com/es/kapet-ne-mes-te-detit-kokaine-me-vlere-33-milione-dollare/,https://wwwblickch/fr/monde/un-suisse-et-deux-francais-arretes-avec-200-kilos-de-coca-ne-id21077513html,https://wwwgazetaexpresscom/es/kapet-ne-mes-te-detit-kokaine-me-vlere-33-milione-dollare/
efdbd0d7-8cb4-404a-bbca-e549e609feff,different_values,567,archived_link,Archived Link - Germany,Archived Link - El Salvador,archived link - germany,archived link - el salvador
c509e33b-7dcd-44ea-b00d-e5aa60c60665,different_values,568,date_1,2025-07-24,2025-07-23 00:00:00,2025-07-24,2025-07-23 00:00:00
c509e33b-7dcd-44ea-b00d-e5aa60c60665,different_values,568,day,24,23,24,23
c509e33b-7dcd-44ea-b00d-e5aa60c60665,different_values,568,quantity,24.0,200.0,240,2000
c509e33b-7dcd-44ea-b00d-e5aa60c60665,different_values,568,country,Italy,Germany,italy,germany
c509e33b-7dcd-44ea-b00d-e5aa60c60665,different_values,568,department/state,Sicily,Bavaria,sicily,bavaria
c509e33b-7dcd-44ea-b00d-e5aa60c60665,different_values,568,municipality/port,Catania,Kitzingen,catania,kitzingen
c509e33b-7dcd-44ea-b00d-e5aa60c60665,different_values,568,transit_1_region,Europe,,europe,
c509e33b-7dcd-44ea-b00d-e5aa60c60665,different_values,568,transit_1_country,Spain,,spain,
c509e33b-7dcd-44ea-b00d-e5aa60c60665,different_values,568,description,24 kg of cocaine discovered in two suspicious packages shipped from Spain and carried in a courier van around Catania; driver arrested after erratic route triggered intervention; valued at over €5 M.,"200 kg of cocaine discovered by police in Bavaria in a remote hangar, thanks to a tip from a local farmer. The suspects—one Swiss and two French nationals—were arrested, and the drugs were stored in unusual metallic containers. Vehicles with French plates were also seized. Authorities estimate the street value at approximately €10 million. Investigation ongoing with possible additional suspects.",24 kg of cocaine discovered in two suspicious packages shipped from spain and carried in a courier van around catania; driver arrested after erratic route triggered intervention; valued at over €5 m,200 kg of cocaine discovered by police in bavaria in a remote hangar thanks to a tip from a local farmer the suspects—one swiss and two french nationals—were arrested and the drugs were stored in unusual metallic containers vehicles with french plates were also seized authorities estimate the street value at approximately €10 million investigation ongoing with possible additional suspects
c509e33b-7dcd-44ea-b00d-e5aa60c60665,different_values,568,source_link,https://siracusapress.it/cronache-siciliane/catania-sequestrati-24-chili-di-cocaina-arrestato-corriere-di-societa-di-spedizioni/,https://www.blick.ch/fr/monde/un-suisse-et-deux-francais-arretes-avec-200-kilos-de-coca-ne-id21077513.html,https://siracusapressit/cronache-siciliane/catania-sequestrati-24-chili-di-cocaina-arrestato-corriere-di-societa-di-spedizioni/,https://wwwblickch/fr/monde/un-suisse-et-deux-francais-arretes-avec-200-kilos-de-coca-ne-id21077513html
c509e33b-7dcd-44ea-b00d-e5aa60c60665,different_values,568,archived_link,Archived Link - Italy,Archived Link - Germany,archived link - italy,archived link - germany
453897f3-4502-481a-a73d-6466320d2ef4,different_values,569,date_1,2025-07-19,2025-07-24 00:00:00,2025-07-19,2025-07-24 00:00:00
453897f3-4502-481a-a73d-6466320d2ef4,different_values,569,day,19,24,19,24
453897f3-4502-481a-a73d-6466320d2ef4,different_values,569,quantity,3.694,24.0,3694,240
453897f3-4502-481a-a73d-6466320d2ef4,different_values,569,department/state,Brescia,Sicily,brescia,sicily
453897f3-4502-481a-a73d-6466320d2ef4,different_values,569,municipality/port,Serle,Catania,serle,catania
453897f3-4502-481a-a73d-6466320d2ef4,different_values,569,transit_1_region,,Europe,,europe
453897f3-4502-481a-a73d-6466320d2ef4,different_values,569,transit_1_country,,Spain,,spain
453897f3-4502-481a-a73d-6466320d2ef4,different_values,569,description,"26-year-old Albanian arrested in Serle (BS) after routine vehicle stop revealed 7.8 g cocaine and €2,180; house search led to 3.694 kg cocaine, marijuana, cash and packaging materials.",24 kg of cocaine discovered in two suspicious packages shipped from Spain and carried in a courier van around Catania; driver arrested after erratic route triggered intervention; valued at over €5 M.,26-year-old albanian arrested in serle (bs) after routine vehicle stop revealed 78 g cocaine and €2180; house search led to 3694 kg cocaine marijuana cash and packaging materials,24 kg of cocaine discovered in two suspicious packages shipped from spain and carried in a courier van around catania; driver arrested after erratic route triggered intervention; valued at over €5 m
453897f3-4502-481a-a73d-6466320d2ef4,different_values,569,source_link,https://www.bresciatoday.it/cronaca/prevalle-cocaina-arresto-ragazzo.html,https://siracusapress.it/cronache-siciliane/catania-sequestrati-24-chili-di-cocaina-arrestato-corriere-di-societa-di-spedizioni/,https://wwwbresciatodayit/cronaca/prevalle-cocaina-arresto-ragazzohtml,https://siracusapressit/cronache-siciliane/catania-sequestrati-24-chili-di-cocaina-arrestato-corriere-di-societa-di-spedizioni/
a595ec73-b885-4252-9780-b89ff19e3403,different_values,570,date_1,2025-07-12,2025-07-19 00:00:00,2025-07-12,2025-07-19 00:00:00
a595ec73-b885-4252-9780-b89ff19e3403,different_values,570,day,12,19,12,19
a595ec73-b885-4252-9780-b89ff19e3403,different_values,570,quantity,1009.0,3.694,10090,3694
a595ec73-b885-4252-9780-b89ff19e3403,different_values,570,weight_unit,Pounds (lbs),Kilogram,pounds (lbs),kilogram
a595ec73-b885-4252-9780-b89ff19e3403,different_values,570,modus_operandi/place_seizure,Maritime vessel,Land,maritime vessel,land
a595ec73-b885-4252-9780-b89ff19e3403,different_values,570,sub_modus_operandi,Yola-type vessel,,yola-type vessel,
a595ec73-b885-4252-9780-b89ff19e3403,different_values,570,region,North America,Europe,north america,europe
a595ec73-b885-4252-9780-b89ff19e3403,different_values,570,country,Puerto Rico,Italy,puerto rico,italy
a595ec73-b885-4252-9780-b89ff19e3403,different_values,570,department/state,,Brescia,,brescia
a595ec73-b885-4252-9780-b89ff19e3403,different_values,570,municipality/port,,Serle,,serle
a595ec73-b885-4252-9780-b89ff19e3403,different_values,570,transit_1_region,South America,,south america,
a595ec73-b885-4252-9780-b89ff19e3403,different_values,570,transit_1_country,Venezuela,,venezuela,
a595ec73-b885-4252-9780-b89ff19e3403,different_values,570,destination_1_country,United States,,united states,
a595ec73-b885-4252-9780-b89ff19e3403,different_values,570,destination_2_country,"CBP AMO agents intercepted a yola‑type vessel in Caribbean waters ~6 nm south of Punta Tuna, Puerto Rico; seized 1,009 lbs (≈457.8 kg) cocaine and arrested three Venezuelan nationals. Estimated value: US $8.2 M.",,cbp amo agents intercepted a yola‑type vessel in caribbean waters ~6 nm south of punta tuna puerto rico; seized 1009 lbs (≈4578 kg) cocaine and arrested three venezuelan nationals estimated value: us $82 m,
a595ec73-b885-4252-9780-b89ff19e3403,different_values,570,description,"CBP AMO agents intercepted a yola‑type vessel in Caribbean waters ~6 nm south of Punta Tuna, Puerto Rico; seized 1,009 lbs (≈457.8 kg) cocaine and arrested three Venezuelan nationals. Estimated value: US $8.2 M.","26-year-old Albanian arrested in Serle (BS) after routine vehicle stop revealed 7.8 g cocaine and €2,180; house search led to 3.694 kg cocaine, marijuana, cash and packaging materials.",cbp amo agents intercepted a yola‑type vessel in caribbean waters ~6 nm south of punta tuna puerto rico; seized 1009 lbs (≈4578 kg) cocaine and arrested three venezuelan nationals estimated value: us $82 m,26-year-old albanian arrested in serle (bs) after routine vehicle stop revealed 78 g cocaine and €2180; house search led to 3694 kg cocaine marijuana cash and packaging materials
a595ec73-b885-4252-9780-b89ff19e3403,different_values,570,source_link,https://www.caribbeannationalweekly.com/news/us-border-agents-seize-over-1000-pounds-of-cocaine-arrest-venezuelan-nationals/,https://www.bresciatoday.it/cronaca/prevalle-cocaina-arresto-ragazzo.html,https://wwwcaribbeannationalweeklycom/news/us-border-agents-seize-over-1000-pounds-of-cocaine-arrest-venezuelan-nationals/,https://wwwbresciatodayit/cronaca/prevalle-cocaina-arresto-ragazzohtml
a595ec73-b885-4252-9780-b89ff19e3403,different_values,570,archived_link,Archived Link - Puerto Rico,Archived Link - Italy,archived link - puerto rico,archived link - italy
f91ffd85-ff0c-4c19-82a6-ec240790f1b7,different_values,571,date_1,2025-07-24,2025-07-12 00:00:00,2025-07-24,2025-07-12 00:00:00
f91ffd85-ff0c-4c19-82a6-ec240790f1b7,different_values,571,day,24,12,24,12
f91ffd85-ff0c-4c19-82a6-ec240790f1b7,different_values,571,quantity,190.0,1009.0,1900,10090
f91ffd85-ff0c-4c19-82a6-ec240790f1b7,different_values,571,weight_unit,Kilogram,Pounds (lbs),kilogram,pounds (lbs)
f91ffd85-ff0c-4c19-82a6-ec240790f1b7,different_values,571,modus_operandi/place_seizure,Land,Maritime vessel,land,maritime vessel
f91ffd85-ff0c-4c19-82a6-ec240790f1b7,different_values,571,sub_modus_operandi,burried,Yola-type vessel,burried,yola-type vessel
f91ffd85-ff0c-4c19-82a6-ec240790f1b7,different_values,571,region,South America,North America,south america,north america
f91ffd85-ff0c-4c19-82a6-ec240790f1b7,different_values,571,country,Brazil,United States,brazil,united states
f91ffd85-ff0c-4c19-82a6-ec240790f1b7,different_values,571,department/state,Piauí,Puerto Rico,piauí,puerto rico
f91ffd85-ff0c-4c19-82a6-ec240790f1b7,different_values,571,municipality/port,Teresina ,,teresina,
f91ffd85-ff0c-4c19-82a6-ec240790f1b7,different_values,571,transit_1_region,,South America,,south america
f91ffd85-ff0c-4c19-82a6-ec240790f1b7,different_values,571,transit_1_country,,Venezuela,,venezuela
f91ffd85-ff0c-4c19-82a6-ec240790f1b7,different_values,571,destination_1_country,,United States,,united states
f91ffd85-ff0c-4c19-82a6-ec240790f1b7,different_values,571,destination_2_country,,"CBP AMO agents intercepted a yola‑type vessel in Caribbean waters ~6 nm south of Punta Tuna, Puerto Rico; seized 1,009 lbs (≈457.8 kg) cocaine and arrested three Venezuelan nationals. Estimated value: US $8.2 M.",,cbp amo agents intercepted a yola‑type vessel in caribbean waters ~6 nm south of punta tuna puerto rico; seized 1009 lbs (≈4578 kg) cocaine and arrested three venezuelan nationals estimated value: us $82 m
f91ffd85-ff0c-4c19-82a6-ec240790f1b7,different_values,571,description," About 190 kg of cocaine found buried in a barrel at a rural property (sítio Verde Cap, Teresina) during Operação Boca Fechada; drugs valued at ~R$ 11 M (~USD 2 M); couple arrested.","CBP AMO agents intercepted a yola‑type vessel in Caribbean waters ~6 nm south of Punta Tuna, Puerto Rico; seized 1,009 lbs (≈457.8 kg) cocaine and arrested three Venezuelan nationals. Estimated value: US $8.2 M.",about 190 kg of cocaine found buried in a barrel at a rural property (sítio verde cap teresina) during operação boca fechada; drugs valued at ~r$ 11 m (~usd 2 m); couple arrested,cbp amo agents intercepted a yola‑type vessel in caribbean waters ~6 nm south of punta tuna puerto rico; seized 1009 lbs (≈4578 kg) cocaine and arrested three venezuelan nationals estimated value: us $82 m
f91ffd85-ff0c-4c19-82a6-ec240790f1b7,different_values,571,source_link,https://g1.globo.com/pi/piaui/noticia/2025/07/24/mais-de-170-kg-de-cocaina-encontrados-enterrados-em-sitio-durante-operacao-boca-fechada-em-teresina-um-casal-foi-preso-na-operacao.ghtml,https://www.caribbeannationalweekly.com/news/us-border-agents-seize-over-1000-pounds-of-cocaine-arrest-venezuelan-nationals/,https://g1globocom/pi/piaui/noticia/2025/07/24/mais-de-170-kg-de-cocaina-encontrados-enterrados-em-sitio-durante-operacao-boca-fechada-em-teresina-um-casal-foi-preso-na-operacaoghtml,https://wwwcaribbeannationalweeklycom/news/us-border-agents-seize-over-1000-pounds-of-cocaine-arrest-venezuelan-nationals/
f91ffd85-ff0c-4c19-82a6-ec240790f1b7,different_values,571,archived_link,Archived Link - Brazil,Archived Link - United States,archived link - brazil,archived link - united states
a913ef0b-00ca-4a14-b19d-a28e6ec91ab0,different_values,572,date_1,2025-07-23,2025-07-24 00:00:00,2025-07-23,2025-07-24 00:00:00
a913ef0b-00ca-4a14-b19d-a28e6ec91ab0,different_values,572,day,23,24,23,24
a913ef0b-00ca-4a14-b19d-a28e6ec91ab0,different_values,572,quantity,1300.0,190.0,13000,1900
a913ef0b-00ca-4a14-b19d-a28e6ec91ab0,different_values,572,modus_operandi/place_seizure,Maritime vessel,Land,maritime vessel,land
a913ef0b-00ca-4a14-b19d-a28e6ec91ab0,different_values,572,sub_modus_operandi,"Launch, drug jettison",burried,launch drug jettison,burried
a913ef0b-00ca-4a14-b19d-a28e6ec91ab0,different_values,572,country,Ecuador,Brazil,ecuador,brazil
a913ef0b-00ca-4a14-b19d-a28e6ec91ab0,different_values,572,department/state,Manabí,Piauí,manabí,piauí
a913ef0b-00ca-4a14-b19d-a28e6ec91ab0,different_values,572,municipality/port, Manta,Teresina ,manta,teresina
a913ef0b-00ca-4a14-b19d-a28e6ec91ab0,different_values,572,destination_1_country,United States,,united states,
a913ef0b-00ca-4a14-b19d-a28e6ec91ab0,different_values,572,description,A joint operation by Ecuador’s Navy and National Police intercepted a small vessel approximately 100 nautical miles off the coast of Manta; the occupants abandoned the craft and jettisoned 37 jute sacks of cocaine weighing about 1.3 tonnes (USD 45 million recoverable). No arrests made.," About 190 kg of cocaine found buried in a barrel at a rural property (sítio Verde Cap, Teresina) during Operação Boca Fechada; drugs valued at ~R$ 11 M (~USD 2 M); couple arrested.",a joint operation by ecuador’s navy and national police intercepted a small vessel approximately 100 nautical miles off the coast of manta; the occupants abandoned the craft and jettisoned 37 jute sacks of cocaine weighing about 13 tonnes (usd 45 million recoverable) no arrests made,about 190 kg of cocaine found buried in a barrel at a rural property (sítio verde cap teresina) during operação boca fechada; drugs valued at ~r$ 11 m (~usd 2 m); couple arrested
a913ef0b-00ca-4a14-b19d-a28e6ec91ab0,different_values,572,source_link,https://www.eluniverso.com/noticias/seguridad/ecuador-manta-armada-y-policia-confiscan-13-toneladas-de-droga-en-operativo-en-manta-nota/,https://g1.globo.com/pi/piaui/noticia/2025/07/24/mais-de-170-kg-de-cocaina-encontrados-enterrados-em-sitio-durante-operacao-boca-fechada-em-teresina-um-casal-foi-preso-na-operacao.ghtml,https://wwweluniversocom/noticias/seguridad/ecuador-manta-armada-y-policia-confiscan-13-toneladas-de-droga-en-operativo-en-manta-nota/,https://g1globocom/pi/piaui/noticia/2025/07/24/mais-de-170-kg-de-cocaina-encontrados-enterrados-em-sitio-durante-operacao-boca-fechada-em-teresina-um-casal-foi-preso-na-operacaoghtml
a913ef0b-00ca-4a14-b19d-a28e6ec91ab0,different_values,572,archived_link,Archived Link - Ecuador,Archived Link - Brazil,archived link - ecuador,archived link - brazil
5f02f118-e567-4201-b11a-0261953c281a,different_values,573,date_1,2025-07-24,2025-07-23 00:00:00,2025-07-24,2025-07-23 00:00:00
5f02f118-e567-4201-b11a-0261953c281a,different_values,573,day,24,23,24,23
5f02f118-e567-4201-b11a-0261953c281a,different_values,573,quantity,32.0,1300.0,320,13000
5f02f118-e567-4201-b11a-0261953c281a,different_values,573,modus_operandi/place_seizure,Land,Maritime vessel,land,maritime vessel
5f02f118-e567-4201-b11a-0261953c281a,different_values,573,sub_modus_operandi,,"Launch, drug jettison",,launch drug jettison
5f02f118-e567-4201-b11a-0261953c281a,different_values,573,country,Peru,Ecuador,peru,ecuador
5f02f118-e567-4201-b11a-0261953c281a,different_values,573,department/state,Puno,Manabí,puno,manabí
5f02f118-e567-4201-b11a-0261953c281a,different_values,573,municipality/port,Ayaviri , Manta,ayaviri,manta
5f02f118-e567-4201-b11a-0261953c281a,different_values,573,destination_1_country,,United States,,united states
5f02f118-e567-4201-b11a-0261953c281a,different_values,573,description,"32 kg of cocaine discovered in three backpacks disguised as construction bricks inside a vehicle intercepted at the Ayaviri toll plaza, Puno, near the Bolivia border; six members of “Los Nachos del Valle” arrested; approx. S/170,000 market value.",A joint operation by Ecuador’s Navy and National Police intercepted a small vessel approximately 100 nautical miles off the coast of Manta; the occupants abandoned the craft and jettisoned 37 jute sacks of cocaine weighing about 1.3 tonnes (USD 45 million recoverable). No arrests made.,32 kg of cocaine discovered in three backpacks disguised as construction bricks inside a vehicle intercepted at the ayaviri toll plaza puno near the bolivia border; six members of “los nachos del valle” arrested; approx s/170000 market value,a joint operation by ecuador’s navy and national police intercepted a small vessel approximately 100 nautical miles off the coast of manta; the occupants abandoned the craft and jettisoned 37 jute sacks of cocaine weighing about 13 tonnes (usd 45 million recoverable) no arrests made
5f02f118-e567-4201-b11a-0261953c281a,different_values,573,criminal_group_1,Los Nachos del Valle,,los nachos del valle,
5f02f118-e567-4201-b11a-0261953c281a,different_values,573,source_link,https://peru21.pe/policiales/cae-banda-los-nachos-del-valle-con-32-kilos-de-cocaina-en-frontera-peru-bolivia/,https://www.eluniverso.com/noticias/seguridad/ecuador-manta-armada-y-policia-confiscan-13-toneladas-de-droga-en-operativo-en-manta-nota/,https://peru21pe/policiales/cae-banda-los-nachos-del-valle-con-32-kilos-de-cocaina-en-frontera-peru-bolivia/,https://wwweluniversocom/noticias/seguridad/ecuador-manta-armada-y-policia-confiscan-13-toneladas-de-droga-en-operativo-en-manta-nota/
5f02f118-e567-4201-b11a-0261953c281a,different_values,573,archived_link,Archived Link - Peru,Archived Link - Ecuador,archived link - peru,archived link - ecuador
cf0d07a5-f80a-4528-b55c-4f921be9128a,different_values,574,date_1,2025-07-19,2025-07-24 00:00:00,2025-07-19,2025-07-24 00:00:00
cf0d07a5-f80a-4528-b55c-4f921be9128a,different_values,574,day,19,24,19,24
cf0d07a5-f80a-4528-b55c-4f921be9128a,different_values,574,quantity,720.0,32.0,7200,320
cf0d07a5-f80a-4528-b55c-4f921be9128a,different_values,574,sub_modus_operandi,Double‑bottom concealment of tractor-trailer,,double‑bottom concealment of tractor-trailer,
cf0d07a5-f80a-4528-b55c-4f921be9128a,different_values,574,country,Colombia,Peru,colombia,peru
cf0d07a5-f80a-4528-b55c-4f921be9128a,different_values,574,department/state,Antioquia,Puno,antioquia,puno
cf0d07a5-f80a-4528-b55c-4f921be9128a,different_values,574,municipality/port,La Pintada,Ayaviri ,la pintada,ayaviri
cf0d07a5-f80a-4528-b55c-4f921be9128a,different_values,574,origin_country,Colombia,,colombia,
cf0d07a5-f80a-4528-b55c-4f921be9128a,different_values,574,destination_1_country,United States,,united states,
cf0d07a5-f80a-4528-b55c-4f921be9128a,different_values,574,description,"720 kg of cocaine found hidden in a double‑bottom truck on a highway in La Pintada; drug origin was Cauca, intended to go via La Guajira to Central America and the United States. Affiliated with Jaime Martínez residual group; valued at COP 4.320 M+.","32 kg of cocaine discovered in three backpacks disguised as construction bricks inside a vehicle intercepted at the Ayaviri toll plaza, Puno, near the Bolivia border; six members of “Los Nachos del Valle” arrested; approx. S/170,000 market value.",720 kg of cocaine found hidden in a double‑bottom truck on a highway in la pintada; drug origin was cauca intended to go via la guajira to central america and the united states affiliated with jaime martínez residual group; valued at cop 4320 m+,32 kg of cocaine discovered in three backpacks disguised as construction bricks inside a vehicle intercepted at the ayaviri toll plaza puno near the bolivia border; six members of “los nachos del valle” arrested; approx s/170000 market value
cf0d07a5-f80a-4528-b55c-4f921be9128a,different_values,574,criminal_group_1,,Los Nachos del Valle,,los nachos del valle
cf0d07a5-f80a-4528-b55c-4f921be9128a,different_values,574,source_link,https://www.elcolombiano.com/antioquia/en-la-pintada-cayo-cargamento-de-cocaina-avaluado-en-mas-de-4320-millones-que-pretendia-salir-hacia-ee-uu-GO28266202 ,https://peru21.pe/policiales/cae-banda-los-nachos-del-valle-con-32-kilos-de-cocaina-en-frontera-peru-bolivia/,https://wwwelcolombianocom/antioquia/en-la-pintada-cayo-cargamento-de-cocaina-avaluado-en-mas-de-4320-millones-que-pretendia-salir-hacia-ee-uu-go28266202,https://peru21pe/policiales/cae-banda-los-nachos-del-valle-con-32-kilos-de-cocaina-en-frontera-peru-bolivia/
cf0d07a5-f80a-4528-b55c-4f921be9128a,different_values,574,archived_link,Archived Link - Colombia,Archived Link - Peru,archived link - colombia,archived link - peru
e9389621-f7bd-41b8-88c0-16f6ea89f5a4,different_values,575,date_1,2025-07-23,2025-07-19 00:00:00,2025-07-23,2025-07-19 00:00:00
e9389621-f7bd-41b8-88c0-16f6ea89f5a4,different_values,575,day,23,19,23,19
e9389621-f7bd-41b8-88c0-16f6ea89f5a4,different_values,575,quantity,2000.0,720.0,20000,7200
e9389621-f7bd-41b8-88c0-16f6ea89f5a4,different_values,575,modus_operandi/place_seizure,Maritime vessel,Land,maritime vessel,land
e9389621-f7bd-41b8-88c0-16f6ea89f5a4,different_values,575,sub_modus_operandi,lancha,Double‑bottom concealment of tractor-trailer,lancha,double‑bottom concealment of tractor-trailer
e9389621-f7bd-41b8-88c0-16f6ea89f5a4,different_values,575,country,Ecuador,Colombia,ecuador,colombia
e9389621-f7bd-41b8-88c0-16f6ea89f5a4,different_values,575,department/state,Manabí,Antioquia,manabí,antioquia
e9389621-f7bd-41b8-88c0-16f6ea89f5a4,different_values,575,municipality/port,,La Pintada,,la pintada
e9389621-f7bd-41b8-88c0-16f6ea89f5a4,different_values,575,origin_country,,Colombia,,colombia
e9389621-f7bd-41b8-88c0-16f6ea89f5a4,different_values,575,destination_1_country,,United States,,united states
e9389621-f7bd-41b8-88c0-16f6ea89f5a4,different_values,575,description,Dos toneladas de droga incautadas en altamar en las costas de Manabí,"720 kg of cocaine found hidden in a double‑bottom truck on a highway in La Pintada; drug origin was Cauca, intended to go via La Guajira to Central America and the United States. Affiliated with Jaime Martínez residual group; valued at COP 4.320 M+.",dos toneladas de droga incautadas en altamar en las costas de manabí,720 kg of cocaine found hidden in a double‑bottom truck on a highway in la pintada; drug origin was cauca intended to go via la guajira to central america and the united states affiliated with jaime martínez residual group; valued at cop 4320 m+
e9389621-f7bd-41b8-88c0-16f6ea89f5a4,different_values,575,source_link,https://www.eltelegrafo.com.ec/noticias/nacionales/44/bloque-seguridad-droga-altamar-manabi,https://www.elcolombiano.com/antioquia/en-la-pintada-cayo-cargamento-de-cocaina-avaluado-en-mas-de-4320-millones-que-pretendia-salir-hacia-ee-uu-GO28266202 ,https://wwweltelegrafocomec/noticias/nacionales/44/bloque-seguridad-droga-altamar-manabi,https://wwwelcolombianocom/antioquia/en-la-pintada-cayo-cargamento-de-cocaina-avaluado-en-mas-de-4320-millones-que-pretendia-salir-hacia-ee-uu-go28266202
e9389621-f7bd-41b8-88c0-16f6ea89f5a4,different_values,575,archived_link,Archived Link - Ecuador,Archived Link - Colombia,archived link - ecuador,archived link - colombia
59b94d58-885a-4883-9813-70226555dadc,different_values,576,event_type,,Seizure,,seizure
59b94d58-885a-4883-9813-70226555dadc,different_values,576,time_unit,,Individual,,individual
59b94d58-885a-4883-9813-70226555dadc,different_values,576,date_1,,2025-07-23 00:00:00,,2025-07-23 00:00:00
59b94d58-885a-4883-9813-70226555dadc,different_values,576,year,,2025,,2025
59b94d58-885a-4883-9813-70226555dadc,different_values,576,month,,7,,7
59b94d58-885a-4883-9813-70226555dadc,different_values,576,day,,23,,23
59b94d58-885a-4883-9813-70226555dadc,different_values,576,drug_type,,Cocaine,,cocaine
59b94d58-885a-4883-9813-70226555dadc,different_values,576,quantity,,2000.0,,20000
59b94d58-885a-4883-9813-70226555dadc,different_values,576,weight_unit,,Kilogram,,kilogram
59b94d58-885a-4883-9813-70226555dadc,different_values,576,modus_operandi/place_seizure,,Maritime vessel,,maritime vessel
59b94d58-885a-4883-9813-70226555dadc,different_values,576,sub_modus_operandi,,lancha,,lancha
59b94d58-885a-4883-9813-70226555dadc,different_values,576,region,,South America,,south america
59b94d58-885a-4883-9813-70226555dadc,different_values,576,country,,Ecuador,,ecuador
59b94d58-885a-4883-9813-70226555dadc,different_values,576,department/state,,Manabí,,manabí
59b94d58-885a-4883-9813-70226555dadc,different_values,576,description,,Dos toneladas de droga incautadas en altamar en las costas de Manabí,,dos toneladas de droga incautadas en altamar en las costas de manabí
59b94d58-885a-4883-9813-70226555dadc,different_values,576,source_link,,https://www.eltelegrafo.com.ec/noticias/nacionales/44/bloque-seguridad-droga-altamar-manabi,,https://wwweltelegrafocomec/noticias/nacionales/44/bloque-seguridad-droga-altamar-manabi
59b94d58-885a-4883-9813-70226555dadc,different_values,576,archived_link,Archived Link - ,Archived Link - Ecuador,archived link -,archived link - ecuador
d1e7e0e9-71d3-44d5-b9be-cc790f1c4882,different_values,577,date_1,2025-07-24,2025-07-24 00:00:00,2025-07-24,2025-07-24 00:00:00
8f11e48e-3822-472f-8728-f80fb1088218,different_values,578,date_1,2025-07-26,2025-07-26 00:00:00,2025-07-26,2025-07-26 00:00:00
d8489169-8133-4d60-864d-b75693d7dbb4,different_values,579,date_1,2025-07-26,2025-07-26 00:00:00,2025-07-26,2025-07-26 00:00:00
e21e8ab7-c5d6-42b1-97fa-dcb9d4384106,different_values,580,date_1,2025-07-23,2025-07-23 00:00:00,2025-07-23,2025-07-23 00:00:00
1f3ecde1-3ad3-4ce0-bf73-cb07f7c4659b,different_values,581,date_1,2025-07-26,2025-07-26 00:00:00,2025-07-26,2025-07-26 00:00:00
2d2a4e68-ea6e-4ab4-99a0-0e75f8ac2f8a,different_values,582,date_1,2025-07-26,2025-07-26 00:00:00,2025-07-26,2025-07-26 00:00:00
9aea0cfe-5697-45d5-82c6-cf16abd739e8,different_values,583,date_1,2025-07-26,2025-07-26 00:00:00,2025-07-26,2025-07-26 00:00:00
ae2076f9-bb01-44df-9b43-b49544e7819f,different_values,584,date_1,2025-07-20,2025-07-20 00:00:00,2025-07-20,2025-07-20 00:00:00
ae2076f9-bb01-44df-9b43-b49544e7819f,different_values,584,country,Puerto Rico,United States,puerto rico,united states
ae2076f9-bb01-44df-9b43-b49544e7819f,different_values,584,department/state,,Puerto Rico,,puerto rico
ae2076f9-bb01-44df-9b43-b49544e7819f,different_values,584,archived_link,Archived Link - Puerto Rico,Archived Link - United States,archived link - puerto rico,archived link - united states
01c0d00e-5aa8-4ce9-a0f1-21054c8e0566,different_values,585,date_1,2025-07-27,2025-07-27 00:00:00,2025-07-27,2025-07-27 00:00:00
e2cec25c-fc2e-4d20-8cc3-733c215fc13b,different_values,586,date_1,2025-07-26,2025-07-26 00:00:00,2025-07-26,2025-07-26 00:00:00
2512fb54-1ae0-4cfb-95ae-1526f45da0be,different_values,587,date_1,2025-07-26,2025-07-26 00:00:00,2025-07-26,2025-07-26 00:00:00
568a2d2a-e30a-4f2c-90e8-1f68c36a21a4,different_values,588,date_1,2025-07-26,2025-07-26 00:00:00,2025-07-26,2025-07-26 00:00:00
4c195388-62cb-4903-b4fc-a417438b43a6,different_values,589,date_1,2025-07-26,2025-07-26 00:00:00,2025-07-26,2025-07-26 00:00:00
656f7d78-b6d4-4064-8218-9a56df9ca3d3,different_values,590,date_1,2025-07-27,2025-07-27 00:00:00,2025-07-27,2025-07-27 00:00:00
349146c2-26bd-4565-872f-6ed496484eb8,different_values,591,date_1,2025-07-26,2025-07-26 00:00:00,2025-07-26,2025-07-26 00:00:00
5106fac7-5ecc-47ec-b3fd-01125374f270,different_values,592,date_1,2025-07-21,2025-07-21 00:00:00,2025-07-21,2025-07-21 00:00:00
28c3187d-b388-4a35-9690-ce9423842383,different_values,593,date_1,2025-07-28,2025-07-28 00:00:00,2025-07-28,2025-07-28 00:00:00
f235b85b-0670-424b-b368-845324fcdc2d,different_values,594,date_1,2025-07-26,2025-07-26 00:00:00,2025-07-26,2025-07-26 00:00:00
34f51ba7-b8d5-402e-8cb2-05bca2852678,different_values,595,date_1,2025-07-26,2025-07-26 00:00:00,2025-07-26,2025-07-26 00:00:00
482860dc-e29d-47e9-877a-f6f1b9641038,different_values,596,date_1,2025-07-25,2025-07-25 00:00:00,2025-07-25,2025-07-25 00:00:00
b7862beb-ec71-4ca2-828f-bd6e6ebc9162,different_values,597,date_1,2025-07-27,2025-07-27 00:00:00,2025-07-27,2025-07-27 00:00:00
962e9bad-2c31-4d9b-bc59-05e841797d85,different_values,598,date_1,2025-07-26,2025-07-26 00:00:00,2025-07-26,2025-07-26 00:00:00
a5bea1aa-fd3f-4ae8-b797-6a9fc7413a89,different_values,599,date_1,2025-07-17,2025-07-17 00:00:00,2025-07-17,2025-07-17 00:00:00
814e4b32-42b3-4d57-abf3-b8969c047e0c,different_values,600,date_1,2025-07-25,2025-07-25 00:00:00,2025-07-25,2025-07-25 00:00:00
b3aedc67-8081-49c6-92df-2ae9a4cfb52c,different_values,601,date_1,2025-07-23,2025-07-23 00:00:00,2025-07-23,2025-07-23 00:00:00
4e6fade5-21f8-4167-a12d-cb6865b979d1,different_values,602,date_1,2025-07-28,2025-07-28 00:00:00,2025-07-28,2025-07-28 00:00:00
cb0cb41b-f97f-4af1-9307-39ffd9abab87,different_values,603,date_1,2025-07-27,2025-07-27 00:00:00,2025-07-27,2025-07-27 00:00:00
d616cb3b-abf9-4763-ab08-ad4485a0aeb7,different_values,604,date_1,2025-07-28,2025-07-28 00:00:00,2025-07-28,2025-07-28 00:00:00
3827a110-c22a-459b-8744-c9b1ef6d740b,different_values,605,date_1,2025-07-28,2025-07-28 00:00:00,2025-07-28,2025-07-28 00:00:00
e4bd0fcb-0f8a-4c6d-9676-8794c9874250,different_values,606,date_1,2025-07-29,2025-07-29 00:00:00,2025-07-29,2025-07-29 00:00:00
e6a597f7-6797-4eea-8bd3-98cdb5ddf6dc,different_values,607,date_1,2025-07-11,2025-07-11 00:00:00,2025-07-11,2025-07-11 00:00:00
6dbd77cc-bbac-4784-9f7f-17858595a6b4,different_values,608,date_1,2025-07-02,2025-07-02 00:00:00,2025-07-02,2025-07-02 00:00:00
6d584efb-893b-4d2a-917d-54dd7d925232,different_values,609,date_1,2025-07-29,2025-07-29 00:00:00,2025-07-29,2025-07-29 00:00:00
32fa6794-2a08-4f4e-abac-5f7442e1c9f4,different_values,610,date_1,2025-07-26,2025-07-26 00:00:00,2025-07-26,2025-07-26 00:00:00
693acbca-7f5a-4447-a0bb-46f500ec3634,different_values,611,date_1,2025-07-28,2025-07-28 00:00:00,2025-07-28,2025-07-28 00:00:00
3b68609a-3e29-4973-a950-a64bc22bd233,different_values,612,date_1,2025-07-27,2025-07-27 00:00:00,2025-07-27,2025-07-27 00:00:00
2093faac-51f2-47c8-927c-0620388a0988,different_values,613,date_1,2025-07-26,2025-07-26 00:00:00,2025-07-26,2025-07-26 00:00:00
d253245f-3f08-4457-916a-f595993e0321,different_values,614,date_1,2025-07-28,2025-07-28 00:00:00,2025-07-28,2025-07-28 00:00:00
bb6be3e8-cc09-40b9-8935-3617da2710a1,different_values,615,date_1,2025-07-30,2025-07-30 00:00:00,2025-07-30,2025-07-30 00:00:00
402a3ce6-edd3-44f9-a2a4-070554f2f577,different_values,616,date_1,2025-07-30,2025-07-30 00:00:00,2025-07-30,2025-07-30 00:00:00
96212e0f-9e65-46cd-a71b-ba36e6682df5,different_values,617,date_1,2025-07-29,2025-07-29 00:00:00,2025-07-29,2025-07-29 00:00:00
5f56ea5a-733b-49f9-9e23-b26f8d54eacd,different_values,618,date_1,2025-07-29,2025-07-29 00:00:00,2025-07-29,2025-07-29 00:00:00
a587144e-7471-4d05-b7d7-2527e87d5bd4,different_values,619,date_1,2025-07-26,2025-07-26 00:00:00,2025-07-26,2025-07-26 00:00:00
2db52df1-37b5-4300-ba00-00fe154c15ba,different_values,620,date_1,2025-07-26,2025-07-26 00:00:00,2025-07-26,2025-07-26 00:00:00
e7e4a09d-82f2-4035-9d82-75d968bb6071,different_values,621,date_1,2025-07-29,2025-07-29 00:00:00,2025-07-29,2025-07-29 00:00:00
aba67089-ab77-409b-b52d-a70888f8b0ac,different_values,622,date_1,2025-07-29,2025-07-29 00:00:00,2025-07-29,2025-07-29 00:00:00
dd052632-4888-437d-baca-afb2c2391f37,different_values,623,date_1,2025-07-29,2025-07-29 00:00:00,2025-07-29,2025-07-29 00:00:00
5f721bde-c96b-43f0-97b3-268b88c2de33,different_values,624,date_1,2025-08-01,2025-08-01 00:00:00,2025-08-01,2025-08-01 00:00:00
092e280a-482e-47c1-80f6-ace67a61c6d8,different_values,625,date_1,2025-07-30,2025-07-30 00:00:00,2025-07-30,2025-07-30 00:00:00
b340dc2f-7b56-4072-a2e7-f42def771b56,different_values,626,date_1,2025-07-15,2025-07-15 00:00:00,2025-07-15,2025-07-15 00:00:00
d2b48d92-5ec0-4819-b1e1-53d64a9af1a7,different_values,627,date_1,2025-06-24,2025-06-24 00:00:00,2025-06-24,2025-06-24 00:00:00
9bf24834-6c4c-4ad2-9bc6-b3826bac0f3c,different_values,628,date_1,2025-08-04,2025-08-04 00:00:00,2025-08-04,2025-08-04 00:00:00
a7ca427d-fe8c-41a6-8d1f-5f60fd964495,different_values,629,date_1,2025-08-04,2025-08-04 00:00:00,2025-08-04,2025-08-04 00:00:00
2f5980e5-64e6-418d-988e-f8bcb36e4beb,different_values,630,date_1,2025-08-04,2025-08-04 00:00:00,2025-08-04,2025-08-04 00:00:00
bc4befa4-d151-436f-96c6-a6f90cdbd873,different_values,631,date_1,2025-07-31,2025-07-31 00:00:00,2025-07-31,2025-07-31 00:00:00
9b21a27e-472c-43a1-bd93-9c5a62bbac58,different_values,632,date_1,2025-08-01,2025-08-01 00:00:00,2025-08-01,2025-08-01 00:00:00
863c2d68-1c82-4222-bf42-8c3adabd907a,different_values,633,date_1,2025-07-29,2025-07-29 00:00:00,2025-07-29,2025-07-29 00:00:00
2b426c9f-0ee7-4f90-9114-80e7c2775dd6,different_values,634,date_1,2025-08-04,2025-08-04 00:00:00,2025-08-04,2025-08-04 00:00:00
f9fcf00b-73a4-4ec2-8cb8-9c5fef11c9f2,different_values,635,date_1,2025-08-03,2025-08-03 00:00:00,2025-08-03,2025-08-03 00:00:00
c85dd770-93db-4928-9c5c-adcb8b126031,different_values,636,date_1,2025-08-05,2025-08-05 00:00:00,2025-08-05,2025-08-05 00:00:00
8f210c34-27cd-4f89-8c28-913ea11dd6e6,different_values,637,date_1,2025-08-04,2025-08-04 00:00:00,2025-08-04,2025-08-04 00:00:00
611a04c1-65a8-459d-8901-634b86b39b3f,different_values,638,date_1,2025-08-04,2025-08-04 00:00:00,2025-08-04,2025-08-04 00:00:00
3ca0824e-ca35-4235-b055-45643536cc82,different_values,639,date_1,2025-08-02,2025-08-02 00:00:00,2025-08-02,2025-08-02 00:00:00
64d0b894-886f-4bb6-9c09-a63b3524cec0,different_values,640,date_1,2025-08-04,2025-08-04 00:00:00,2025-08-04,2025-08-04 00:00:00
900bfdbb-68fa-4e39-b821-fd26bb6b5e9c,different_values,641,date_1,2025-08-02,2025-08-02 00:00:00,2025-08-02,2025-08-02 00:00:00
57fec00c-35b1-49d7-b5e6-4dd2e18856a1,different_values,642,date_1,2025-08-05,2025-08-05 00:00:00,2025-08-05,2025-08-05 00:00:00
c1f6e56e-9964-434d-ba40-56f8dee5d593,different_values,643,date_1,2025-08-04,2025-08-04 00:00:00,2025-08-04,2025-08-04 00:00:00
4d4403a7-6295-4030-86cf-c97b78e11be8,different_values,644,date_1,2025-08-05,2025-08-05 00:00:00,2025-08-05,2025-08-05 00:00:00
f370f993-1563-4f5b-a38e-39a946ea9897,different_values,645,date_1,2025-08-04,2025-08-04 00:00:00,2025-08-04,2025-08-04 00:00:00
18dfd321-dd99-4747-96a0-4a3f0ad4dc56,different_values,646,date_1,2025-05-10,2025-05-10 00:00:00,2025-05-10,2025-05-10 00:00:00
559ce704-9e90-40f2-897b-74bc15cb71cf,different_values,647,date_1,2025-08-06,2025-08-06 00:00:00,2025-08-06,2025-08-06 00:00:00
b7d6213a-69ea-4604-925b-0097f6ca2118,different_values,648,date_1,2025-08-02,2025-08-02 00:00:00,2025-08-02,2025-08-02 00:00:00
66b622f9-3185-4d9c-98d2-a160f4d796f6,different_values,649,date_1,2025-08-06,2025-08-06 00:00:00,2025-08-06,2025-08-06 00:00:00
329b028f-c6fd-4052-8bfb-4eeb676e2020,different_values,650,date_1,2025-08-06,2025-08-06 00:00:00,2025-08-06,2025-08-06 00:00:00
7d1152fe-6eb6-4552-aeca-bc8ba6bd7853,different_values,651,date_1,2025-08-07,2025-08-07 00:00:00,2025-08-07,2025-08-07 00:00:00
54940a6d-4e2b-4b9e-b20b-9d634ed3d42b,different_values,652,date_1,2025-08-06,2025-08-06 00:00:00,2025-08-06,2025-08-06 00:00:00
94762051-77f7-4d9e-bc0f-ea8dc3d70ac0,different_values,653,date_1,2025-08-06,2025-08-06 00:00:00,2025-08-06,2025-08-06 00:00:00
94762051-77f7-4d9e-bc0f-ea8dc3d70ac0,different_values,653,municipality/port,,Puerto Rico,,puerto rico
ff58a697-0fd9-4535-b44d-18214e3fbbb9,different_values,654,date_1,2025-08-06,2025-08-06 00:00:00,2025-08-06,2025-08-06 00:00:00
fd3cae64-146e-4b78-8ebf-787f7543bad6,different_values,655,date_1,2025-08-06,2025-08-06 00:00:00,2025-08-06,2025-08-06 00:00:00
d1bddee4-cc39-4f36-885e-3b41384f85c3,different_values,656,date_1,2025-08-07,2025-08-07 00:00:00,2025-08-07,2025-08-07 00:00:00
19210077-a859-404d-888e-d70d0a6e2e44,different_values,657,date_1,2025-07-23,2025-07-23 00:00:00,2025-07-23,2025-07-23 00:00:00
80734d87-32bc-4e2d-b917-0da09486a03c,different_values,658,date_1,2025-08-06,2025-08-06 00:00:00,2025-08-06,2025-08-06 00:00:00
8027cccb-de4c-472a-be85-9f1c99548bcf,different_values,659,date_1,2025-08-06,2025-08-06 00:00:00,2025-08-06,2025-08-06 00:00:00
e7b4c2ed-378e-4356-b2f2-2a1b60c9f890,different_values,660,date_1,2025-08-07,2025-08-07 00:00:00,2025-08-07,2025-08-07 00:00:00
5c02a857-9518-40fb-9f30-47d03e2049f8,different_values,661,date_1,2025-08-07,2025-08-07 00:00:00,2025-08-07,2025-08-07 00:00:00
d7f6dda2-e78e-4078-b444-7d1ada74f248,different_values,662,date_1,2025-08-08,2025-08-08 00:00:00,2025-08-08,2025-08-08 00:00:00
d1cbcbef-4c34-4480-a999-c1eb5c24b7f5,different_values,663,date_1,2025-07-08,2025-07-08 00:00:00,2025-07-08,2025-07-08 00:00:00
98c904ff-acd4-4992-b056-db6f9bbe61ac,different_values,664,date_1,2025-08-07,2025-08-07 00:00:00,2025-08-07,2025-08-07 00:00:00
522559c9-5177-457a-84af-78b3d87d46c6,different_values,665,date_1,2025-08-08,2025-08-08 00:00:00,2025-08-08,2025-08-08 00:00:00
fa27e0ae-e05e-4da4-a329-d22cbcd501ba,different_values,666,date_1,2025-08-07,2025-08-07 00:00:00,2025-08-07,2025-08-07 00:00:00
9cf782f3-1ca0-4ac1-bfd1-5026813c8e5b,different_values,667,date_1,2025-08-05,2025-08-05 00:00:00,2025-08-05,2025-08-05 00:00:00
3edc1f79-a0d5-4ca2-aa2b-949e4dc5e3fd,different_values,668,date_1,2025-08-05,2025-08-05 00:00:00,2025-08-05,2025-08-05 00:00:00
eca47e83-31bf-478c-bc0d-dc348d6dba7a,different_values,669,date_1,2025-07-29,2025-07-29 00:00:00,2025-07-29,2025-07-29 00:00:00
8df9a99f-01b9-42e3-8e3f-3ce9aca6ef8b,different_values,670,date_1,2025-08-10,2025-08-10 00:00:00,2025-08-10,2025-08-10 00:00:00
b6edf947-8a7e-4989-8719-789eddfa9207,different_values,671,date_1,2025-07-23,2025-07-23 00:00:00,2025-07-23,2025-07-23 00:00:00
0055a32d-7541-4ffd-a317-e2a8a5d3d5bf,different_values,672,date_1,2025-08-10,2025-08-10 00:00:00,2025-08-10,2025-08-10 00:00:00
6c742932-52e4-4313-875c-a4021a6ab07f,different_values,673,date_1,2025-08-04,2025-08-04 00:00:00,2025-08-04,2025-08-04 00:00:00
6c742932-52e4-4313-875c-a4021a6ab07f,different_values,673,date_2,2025-08-10,2025-08-10 00:00:00,2025-08-10,2025-08-10 00:00:00
96391d3e-672b-4870-a22a-a175ae647d7a,different_values,674,date_1,2025-07-30,2025-07-30 00:00:00,2025-07-30,2025-07-30 00:00:00
8dde1c8d-794b-4b7f-9f10-c9a60a44bd88,different_values,675,date_1,2025-08-12,2025-08-12 00:00:00,2025-08-12,2025-08-12 00:00:00
56024505-6404-4935-80ff-156d78f328a8,different_values,676,date_1,2025-08-12,2025-08-12 00:00:00,2025-08-12,2025-08-12 00:00:00
31c6b394-2416-429e-8a9b-9dc29a36f379,different_values,677,date_1,2025-08-11,2025-08-11 00:00:00,2025-08-11,2025-08-11 00:00:00
4edcf620-13c9-4034-bb3a-6b25813c8488,different_values,678,date_1,2025-08-12,2025-08-12 00:00:00,2025-08-12,2025-08-12 00:00:00
92ab05ab-4f82-4482-b22a-730a66cb0218,different_values,679,date_1,2025-08-08,2025-08-08 00:00:00,2025-08-08,2025-08-08 00:00:00
55d9b914-fb35-4f56-b1d5-912a3150d63a,different_values,680,date_1,2025-08-12,2025-08-12 00:00:00,2025-08-12,2025-08-12 00:00:00
9639a756-aab9-4d5f-814f-6aefd2ff5751,different_values,681,date_1,2025-08-09,2025-08-09 00:00:00,2025-08-09,2025-08-09 00:00:00
3dc8f68e-efa1-49c4-8cdc-e285de82de56,different_values,682,date_1,2025-08-11,2025-08-11 00:00:00,2025-08-11,2025-08-11 00:00:00
c2b4cef9-c021-4f13-b849-aa685cbfe6e7,different_values,683,date_1,2025-08-06,2025-08-06 00:00:00,2025-08-06,2025-08-06 00:00:00
d93a1c0f-5225-4cca-b0d4-15d75e05b4ae,different_values,684,date_1,2025-08-07,2025-08-07 00:00:00,2025-08-07,2025-08-07 00:00:00
68b09c69-08b7-4b76-a4d9-7a9f426bcc32,different_values,685,date_1,2025-08-11,2025-08-11 00:00:00,2025-08-11,2025-08-11 00:00:00
e0da1db2-0cfe-45c3-93a6-3f15031e710f,different_values,686,date_1,2025-08-09,2025-08-09 00:00:00,2025-08-09,2025-08-09 00:00:00
1c35d922-a6b4-41c6-a59d-e9d112076fa5,different_values,687,date_1,2025-08-11,2025-08-11 00:00:00,2025-08-11,2025-08-11 00:00:00
87f6cc78-ba15-4d5a-b8d6-578f9589494d,different_values,688,date_1,2025-08-10,2025-08-10 00:00:00,2025-08-10,2025-08-10 00:00:00
a165f5e2-1a0d-43f5-b753-9b9264e8a348,different_values,689,date_1,2025-08-09,2025-08-09 00:00:00,2025-08-09,2025-08-09 00:00:00
fdaa7e4c-72b3-48e9-a694-9a880ecfbc3e,different_values,690,date_1,2025-08-09,2025-08-09 00:00:00,2025-08-09,2025-08-09 00:00:00
808226a6-021c-445c-bff8-6ac1bbd7ed52,different_values,691,date_1,2025-08-08,2025-08-08 00:00:00,2025-08-08,2025-08-08 00:00:00
808226a6-021c-445c-bff8-6ac1bbd7ed52,different_values,691,weight_unit,Other (explain in Description),Tablets,other (explain in description),tablets
1b956682-7478-46e5-ac24-3e503e925347,different_values,692,date_1,2025-08-11,2025-08-11 00:00:00,2025-08-11,2025-08-11 00:00:00
edbc5908-a011-4d7c-9e92-02e383aaad65,different_values,693,date_1,2025-08-13,2025-08-13 00:00:00,2025-08-13,2025-08-13 00:00:00
daefb908-de59-45fd-84be-a7727d4a65cb,different_values,694,date_1,2025-08-12,2025-08-12 00:00:00,2025-08-12,2025-08-12 00:00:00
0a87400a-de87-4c1f-a71c-92087d8ceedb,different_values,695,date_1,2025-07-24,2025-07-24 00:00:00,2025-07-24,2025-07-24 00:00:00
46976865-54e0-4eec-a216-6feaadbcd054,different_values,696,date_1,2025-08-11,2025-08-11 00:00:00,2025-08-11,2025-08-11 00:00:00
567f4b15-8ee3-4fff-8898-557591f0bcb8,different_values,697,date_1,2025-08-11,2025-08-11 00:00:00,2025-08-11,2025-08-11 00:00:00
2a192347-8fcd-419d-a3a5-ff791e79c319,different_values,698,date_1,2025-08-11,2025-08-11 00:00:00,2025-08-11,2025-08-11 00:00:00
c12c945c-4eeb-43b3-8a24-7868b37b2ab1,different_values,699,date_1,2025-08-14,2025-08-14 00:00:00,2025-08-14,2025-08-14 00:00:00
f3dde7dc-d328-454b-a6e8-d5144ff8ae27,different_values,700,date_1,2025-08-13,2025-08-13 00:00:00,2025-08-13,2025-08-13 00:00:00
741360a3-c7b4-4775-add0-0850ddd06285,different_values,701,date_1,2025-08-14,2025-08-14 00:00:00,2025-08-14,2025-08-14 00:00:00
952c2414-2ff3-4c1e-b721-638abdab9898,different_values,702,date_1,2025-08-14,2025-08-14 00:00:00,2025-08-14,2025-08-14 00:00:00
d03ae9da-bca1-4180-b103-dbcda2c8107c,different_values,703,date_1,2025-08-13,2025-08-13 00:00:00,2025-08-13,2025-08-13 00:00:00
dbea5a93-efac-4cd7-ae52-fbf7f642d3a6,different_values,704,date_1,2025-08-13,2025-08-13 00:00:00,2025-08-13,2025-08-13 00:00:00
793b8dd0-992c-48dd-99f7-ccb1f74783fb,different_values,705,date_1,2025-08-13,2025-08-13 00:00:00,2025-08-13,2025-08-13 00:00:00
bf8e139a-5d74-44f7-8fc6-6bfce0d891eb,different_values,706,date_1,2025-08-13,2025-08-13 00:00:00,2025-08-13,2025-08-13 00:00:00
ecd83728-336b-439a-aad7-d118b5c94642,different_values,707,date_1,2025-08-13,2025-08-13 00:00:00,2025-08-13,2025-08-13 00:00:00
cef07dbc-ea3b-47ad-8e40-381b6506b5f5,different_values,708,date_1,2025-08-08,2025-08-08 00:00:00,2025-08-08,2025-08-08 00:00:00
0b7c995f-5803-4f91-9e4f-a1fdff1cbe38,different_values,709,date_1,2025-08-13,2025-08-13 00:00:00,2025-08-13,2025-08-13 00:00:00
7c12b94e-30f5-4e0c-b944-5a7534a0367e,different_values,710,date_1,2025-07-12,2025-07-12 00:00:00,2025-07-12,2025-07-12 00:00:00
802ae99c-b60d-4df4-8e22-2787210c638c,different_values,711,date_1,2025-08-14,2025-08-14 00:00:00,2025-08-14,2025-08-14 00:00:00
6840290e-ea07-4522-a78a-9d29bf2773a3,different_values,712,date_1,2025-08-14,2025-08-14 00:00:00,2025-08-14,2025-08-14 00:00:00
b17bd13f-ad66-4a62-974f-cf79e8cacd8c,different_values,713,date_1,2025-08-14,2025-08-14 00:00:00,2025-08-14,2025-08-14 00:00:00
a46c0fbd-042f-4b87-b098-684f240c3a3d,different_values,714,date_1,2025-08-14,2025-08-14 00:00:00,2025-08-14,2025-08-14 00:00:00
1ce0466c-7e82-414f-9211-0b97dba83976,different_values,715,date_1,2025-08-13,2025-08-13 00:00:00,2025-08-13,2025-08-13 00:00:00
9f48e38b-8b36-46f1-99e5-52b1972d154a,different_values,716,date_1,2025-08-14,2025-08-14 00:00:00,2025-08-14,2025-08-14 00:00:00
b85d3a22-9815-413d-9e31-1120cf43ea56,different_values,717,date_1,2025-07-12,2025-07-12 00:00:00,2025-07-12,2025-07-12 00:00:00
765d90ac-92b8-493e-9727-28315ba842a4,different_values,718,date_1,2025-08-10,2025-08-10 00:00:00,2025-08-10,2025-08-10 00:00:00
a6ad178e-76a1-4484-bc77-3f5cc8d7bb0d,different_values,719,date_1,2025-08-13,2025-08-13 00:00:00,2025-08-13,2025-08-13 00:00:00
c64258ee-e221-4639-b14c-a64732c24135,different_values,720,date_1,2025-08-14,2025-08-14 00:00:00,2025-08-14,2025-08-14 00:00:00
701dc3c3-c7c5-4331-8720-8c64b0c161f1,different_values,721,date_1,2025-08-13,2025-08-13 00:00:00,2025-08-13,2025-08-13 00:00:00
4a34a622-9364-49b3-b63a-108c4473bd45,different_values,722,date_1,2025-08-12,2025-08-12 00:00:00,2025-08-12,2025-08-12 00:00:00
6ea54595-6dc3-4238-9981-fb96e9f03bb7,different_values,723,date_1,2025-08-14,2025-08-14 00:00:00,2025-08-14,2025-08-14 00:00:00
ee2a54e1-32ef-4434-8ded-3f40999c1621,different_values,724,date_1,2025-08-17,2025-08-17 00:00:00,2025-08-17,2025-08-17 00:00:00
aab57b51-5a87-401f-b87a-99d47bb80c6e,different_values,725,date_1,2025-08-15,2025-08-15 00:00:00,2025-08-15,2025-08-15 00:00:00
2a91e2b4-6636-429b-919d-c4c748da631e,different_values,726,date_1,2025-08-15,2025-08-15 00:00:00,2025-08-15,2025-08-15 00:00:00
909b0f2d-42c0-4dc6-b931-66fc000a45fa,different_values,727,date_1,2025-08-14,2025-08-14 00:00:00,2025-08-14,2025-08-14 00:00:00
91da49c9-e55c-4615-a848-a47d7532878d,different_values,728,date_1,2025-08-15,2025-08-15 00:00:00,2025-08-15,2025-08-15 00:00:00
98b51de7-4551-46e0-9970-995ab5f07bf1,different_values,729,date_1,2025-08-13,2025-08-13 00:00:00,2025-08-13,2025-08-13 00:00:00
f71da1b6-e918-456a-a949-654fbbe9d675,different_values,730,date_1,2025-08-12,2025-08-12 00:00:00,2025-08-12,2025-08-12 00:00:00
4cbe75f8-d204-4ee1-9be9-3a3f2394a127,different_values,731,date_1,2025-08-16,2025-08-16 00:00:00,2025-08-16,2025-08-16 00:00:00
2b42fddf-4aa7-42a2-af62-6d676d2e3f74,different_values,732,date_1,2025-08-15,2025-08-15 00:00:00,2025-08-15,2025-08-15 00:00:00
5379d834-6b41-469c-abef-b537bf9068fb,different_values,733,date_1,2025-08-16,2025-08-16 00:00:00,2025-08-16,2025-08-16 00:00:00
5d0c41b5-6b97-4058-86a3-d980f1dd424b,different_values,734,date_1,2025-08-17,2025-08-17 00:00:00,2025-08-17,2025-08-17 00:00:00
f90ffebd-dd0e-4739-b473-a616099f13e9,different_values,735,date_1,2025-08-16,2025-08-16 00:00:00,2025-08-16,2025-08-16 00:00:00
4376c093-e398-492c-94a3-9796a0bebd19,different_values,736,date_1,2025-08-18,2025-08-18 00:00:00,2025-08-18,2025-08-18 00:00:00
663fcac6-c3c7-406f-a278-45f2c208e7ac,different_values,737,date_1,2025-08-18,2025-08-18 00:00:00,2025-08-18,2025-08-18 00:00:00
88533cc2-81a3-43ae-a8bd-efaaa5f2d94e,different_values,738,date_1,2025-08-18,2025-08-18 00:00:00,2025-08-18,2025-08-18 00:00:00
6275ecf6-11a4-41f1-84fc-21f810fc79f4,different_values,739,date_1,2025-08-17,2025-08-17 00:00:00,2025-08-17,2025-08-17 00:00:00
921e5e3c-483b-470c-bf35-6aafe30d2ca7,different_values,740,date_1,2025-08-17,2025-08-17 00:00:00,2025-08-17,2025-08-17 00:00:00
4070d027-546b-434d-9c3d-c1ac5e12fe26,different_values,741,date_1,2025-08-18,2025-08-18 00:00:00,2025-08-18,2025-08-18 00:00:00
2da16286-70d6-4096-8b75-6f09961dc023,different_values,742,date_1,2025-08-18,2025-08-18 00:00:00,2025-08-18,2025-08-18 00:00:00
5760100a-fe9a-4baa-8a3f-5b7c6e9c5126,different_values,743,date_1,2025-08-18,2025-08-18 00:00:00,2025-08-18,2025-08-18 00:00:00
5d916a99-5b96-45b2-a289-c41a19f8582b,different_values,744,date_1,2025-08-19,2025-08-19 00:00:00,2025-08-19,2025-08-19 00:00:00
21afbe55-ac91-42ea-be7f-b68136aeb379,different_values,745,date_1,2025-08-19,2025-08-19 00:00:00,2025-08-19,2025-08-19 00:00:00
cb52dc1b-18fb-4e90-847e-b9480d47b042,different_values,746,date_1,2025-08-19,2025-08-19 00:00:00,2025-08-19,2025-08-19 00:00:00
96e213de-56f0-44fc-985b-6a2146fb0586,different_values,747,date_1,2025-08-18,2025-08-18 00:00:00,2025-08-18,2025-08-18 00:00:00
de7d9210-f470-4b14-9303-aa2d816a697f,different_values,748,date_1,2025-08-18,2025-08-18 00:00:00,2025-08-18,2025-08-18 00:00:00
b5f30531-8d9d-4f7d-aae2-5121df2c4782,different_values,749,date_1,2025-08-18,2025-08-18 00:00:00,2025-08-18,2025-08-18 00:00:00
efa0b033-2f21-4186-b60a-fcf8727e675a,different_values,750,date_1,2025-08-19,2025-08-19 00:00:00,2025-08-19,2025-08-19 00:00:00
0a6585d9-d28c-42c9-9877-6beafe7442db,different_values,751,date_1,2025-08-20,2025-08-20 00:00:00,2025-08-20,2025-08-20 00:00:00
efc94a3d-93d0-426d-9be0-d37f293fc379,different_values,752,date_1,2025-08-19,2025-08-19 00:00:00,2025-08-19,2025-08-19 00:00:00
dc93d1b7-bd43-40ae-b0bb-2d870d5c7137,different_values,753,date_1,2025-08-20,2025-08-20 00:00:00,2025-08-20,2025-08-20 00:00:00
e5c2fe50-4ae0-416c-8c4d-87e627d38781,different_values,754,date_1,2025-08-20,2025-08-20 00:00:00,2025-08-20,2025-08-20 00:00:00
d9592889-fbf2-483a-ac78-dd27e6283e04,different_values,755,date_1,2025-08-18,2025-08-18 00:00:00,2025-08-18,2025-08-18 00:00:00
c9ad45ce-b24e-43bf-8d53-bf22f20b9c86,different_values,756,date_1,2025-08-20,2025-08-20 00:00:00,2025-08-20,2025-08-20 00:00:00
ea4419ac-9be4-45ba-89b7-44e7a3cf81d2,different_values,757,date_1,2025-08-20,2025-08-20 00:00:00,2025-08-20,2025-08-20 00:00:00
2a71f408-701a-4b5a-8b2e-dca14117b4f4,different_values,758,date_1,2025-08-20,2025-08-20 00:00:00,2025-08-20,2025-08-20 00:00:00
c3428ccc-5ab1-496c-aee5-7b650130a039,different_values,759,date_1,2025-08-20,2025-08-20 00:00:00,2025-08-20,2025-08-20 00:00:00
ee9bacac-1129-4484-ab28-7d842f33068c,different_values,760,date_1,2025-08-13,2025-08-13 00:00:00,2025-08-13,2025-08-13 00:00:00
387366f2-7685-4160-ba39-479f3d20b3e8,different_values,761,date_1,2025-08-10,2025-08-10 00:00:00,2025-08-10,2025-08-10 00:00:00
a69f72e0-8687-4962-b434-3364a7cf3f00,different_values,762,date_1,2025-08-18,2025-08-18 00:00:00,2025-08-18,2025-08-18 00:00:00
8d578797-560a-4e63-a2d2-8ab4728853ca,different_values,763,date_1,2025-08-17,2025-08-17 00:00:00,2025-08-17,2025-08-17 00:00:00
decaaf0b-ef75-458f-97a3-3a8be938eb84,different_values,764,date_1,2025-08-16,2025-08-16 00:00:00,2025-08-16,2025-08-16 00:00:00
12cbd1d7-6abc-480f-9e58-a489417d85f2,different_values,765,date_1,2025-08-12,2025-08-12 00:00:00,2025-08-12,2025-08-12 00:00:00
760d8071-80cb-4af6-94e1-a65d473074cc,different_values,766,date_1,2025-08-12,2025-08-12 00:00:00,2025-08-12,2025-08-12 00:00:00
4bf5a9a9-98be-49b2-8f48-10a44c2a90fe,different_values,767,date_1,2025-08-10,2025-08-10 00:00:00,2025-08-10,2025-08-10 00:00:00
b40078b9-281d-4f66-ba32-d4c2e2fb55f9,different_values,768,date_1,2025-08-23,2025-08-23 00:00:00,2025-08-23,2025-08-23 00:00:00
48f367a6-6bd9-45b1-ae10-fdee3386605a,different_values,769,date_1,2025-08-23,2025-08-23 00:00:00,2025-08-23,2025-08-23 00:00:00
a7bac6c1-d080-4483-bbce-29f7023ebac1,different_values,770,date_1,2025-08-23,2025-08-23 00:00:00,2025-08-23,2025-08-23 00:00:00
fac7d1f8-59be-4661-9bf9-25253584274f,different_values,771,date_1,2025-08-23,2025-08-23 00:00:00,2025-08-23,2025-08-23 00:00:00
1b6c2662-1e97-4c93-acd9-0e3fd1a09741,different_values,772,date_1,2025-08-23,2025-08-23 00:00:00,2025-08-23,2025-08-23 00:00:00
cb9f984d-9a96-4516-b401-f6f2867a307f,different_values,773,date_1,2025-08-23,2025-08-23 00:00:00,2025-08-23,2025-08-23 00:00:00
1339c0bc-aa31-4243-9168-8b64151aaa52,different_values,774,date_1,2025-08-24,2025-08-24 00:00:00,2025-08-24,2025-08-24 00:00:00
29ae3af3-8ef2-4a77-a05f-ab6cc1e670b4,different_values,775,date_1,2025-08-24,2025-08-24 00:00:00,2025-08-24,2025-08-24 00:00:00
2d4a64f9-ce42-4f75-a291-1ca729a2399a,different_values,776,date_1,2025-08-25,2025-08-25 00:00:00,2025-08-25,2025-08-25 00:00:00
bea382a4-0294-442a-bc0f-4c550a6ca19b,different_values,777,date_1,2025-08-18,2025-08-18 00:00:00,2025-08-18,2025-08-18 00:00:00
1959279f-0b44-4e8b-a7c0-74330d534022,different_values,778,date_1,2025-08-27,2025-08-27 00:00:00,2025-08-27,2025-08-27 00:00:00
691899fd-88d7-4f42-8c4f-5cc2fa5ebfdc,different_values,779,date_1,2025-08-27,2025-08-27 00:00:00,2025-08-27,2025-08-27 00:00:00
52960698-6cfa-4e21-a6a6-9d66148b6765,different_values,780,date_1,2025-08-26,2025-08-26 00:00:00,2025-08-26,2025-08-26 00:00:00
2b0e1ccd-9b06-4a83-84d9-60d798c3457c,different_values,781,date_1,2025-08-02,2025-08-02 00:00:00,2025-08-02,2025-08-02 00:00:00
2b0e1ccd-9b06-4a83-84d9-60d798c3457c,different_values,781,date_2,2025-08-22,2025-08-22 00:00:00,2025-08-22,2025-08-22 00:00:00
37820787-b49a-49a1-b709-e38c14d3e58f,different_values,782,date_1,2025-08-23,2025-08-23 00:00:00,2025-08-23,2025-08-23 00:00:00
04b5f7cd-1fef-4186-a68f-ede2ad208e78,different_values,783,date_1,2025-08-27,2025-08-27 00:00:00,2025-08-27,2025-08-27 00:00:00
66365107-0e08-4b80-bd0c-41a588a1a2fa,different_values,784,date_1,2025-08-27,2025-08-27 00:00:00,2025-08-27,2025-08-27 00:00:00
8da82107-cecf-4495-a526-f942362463c1,different_values,785,date_1,2025-08-28,2025-08-28 00:00:00,2025-08-28,2025-08-28 00:00:00
7807b802-1f3e-44c4-96b0-022157cb6a49,different_values,786,date_1,2025-08-28,2025-08-28 00:00:00,2025-08-28,2025-08-28 00:00:00
4819ad28-36d5-45cd-afe3-369e3f5f5de0,different_values,787,date_1,2025-08-28,2025-08-28 00:00:00,2025-08-28,2025-08-28 00:00:00
ff7f62ab-8b6a-4075-9e94-dd6d53004e98,different_values,788,date_1,2025-08-26,2025-08-26 00:00:00,2025-08-26,2025-08-26 00:00:00
025018a4-c864-435c-a010-344f838c7927,different_values,789,date_1,2025-08-22,2025-08-22 00:00:00,2025-08-22,2025-08-22 00:00:00
2006a2eb-35f4-4f1f-a0a6-1955975ed13e,different_values,790,date_1,2025-08-24,2025-08-24 00:00:00,2025-08-24,2025-08-24 00:00:00
0a7d1b73-a487-49b1-9766-afa89ee2d0f2,different_values,791,date_1,2025-08-23,2025-08-23 00:00:00,2025-08-23,2025-08-23 00:00:00
a9f81790-d598-4397-8edb-e0e13dc3d32c,different_values,792,date_1,2025-08-19,2025-08-19 00:00:00,2025-08-19,2025-08-19 00:00:00
5590215d-0472-4698-87e7-fce343edbbae,different_values,793,date_1,2025-08-26,2025-08-26 00:00:00,2025-08-26,2025-08-26 00:00:00
61864fa8-3e75-42c8-9614-d0b09147b54b,different_values,794,date_1,2025-08-29,2025-08-29 00:00:00,2025-08-29,2025-08-29 00:00:00
ee20fd69-8d4a-426c-9fe3-d649cb247b3e,different_values,795,date_1,2025-08-28,2025-08-28 00:00:00,2025-08-28,2025-08-28 00:00:00
d8a5f388-afb7-48f6-aef9-8947adaba279,different_values,796,date_1,2025-08-29,2025-08-29 00:00:00,2025-08-29,2025-08-29 00:00:00
132fe7fa-72c4-4215-ad2d-f4b40c830219,different_values,797,date_1,2025-08-29,2025-08-29 00:00:00,2025-08-29,2025-08-29 00:00:00
c5ee235a-169e-46a0-b01f-c00b5ec99f46,different_values,798,date_1,2025-08-28,2025-08-28 00:00:00,2025-08-28,2025-08-28 00:00:00
423d3413-1bea-42ab-b48e-e1d6af25811f,different_values,799,date_1,2025-08-21,2025-08-21 00:00:00,2025-08-21,2025-08-21 00:00:00
1e304f61-c85b-49c4-b380-3eba73358eb8,different_values,800,date_1,2025-08-25,2025-08-25 00:00:00,2025-08-25,2025-08-25 00:00:00
3a5d3109-1530-4f88-977c-26808608e1b3,different_values,801,date_1,2025-08-28,2025-08-28 00:00:00,2025-08-28,2025-08-28 00:00:00
e457373f-a59b-4fb5-82f3-a5d98b6f0d35,different_values,802,date_1,2025-08-26,2025-08-26 00:00:00,2025-08-26,2025-08-26 00:00:00
2e8b0d0e-1313-4cb6-a952-d57d63a00589,different_values,803,date_1,2025-08-29,2025-08-29 00:00:00,2025-08-29,2025-08-29 00:00:00
cfcd14fb-2b97-465d-ae7d-43f8fb2a038e,different_values,804,date_1,2025-08-28,2025-08-28 00:00:00,2025-08-28,2025-08-28 00:00:00
202e16e5-6308-4c9a-9f88-e604bc82d1df,different_values,805,date_1,2025-08-29,2025-08-29 00:00:00,2025-08-29,2025-08-29 00:00:00
83626a03-8bc6-49c9-aded-cf7322453d71,different_values,806,date_1,2025-08-26,2025-08-26 00:00:00,2025-08-26,2025-08-26 00:00:00
42657b40-6cf3-4461-a2f2-834b145336a3,different_values,807,date_1,2025-08-31,2025-08-31 00:00:00,2025-08-31,2025-08-31 00:00:00
262776cd-2c19-494d-a5ea-1b53cc931c33,different_values,808,date_1,2025-09-01,2025-09-01 00:00:00,2025-09-01,2025-09-01 00:00:00
218024be-cdb0-42ea-b12b-86bb1d8896da,different_values,809,date_1,2025-08-30,2025-08-30 00:00:00,2025-08-30,2025-08-30 00:00:00
c7df4580-a6d5-4645-a587-331fad612965,different_values,810,date_1,2025-08-30,2025-08-30 00:00:00,2025-08-30,2025-08-30 00:00:00
787133f3-391c-4e8b-b005-2119721803ef,different_values,811,date_1,2025-08-27,2025-08-27 00:00:00,2025-08-27,2025-08-27 00:00:00
2ca41306-39d6-4836-b21b-dd136f9720ea,different_values,812,date_1,2025-09-01,2025-09-01 00:00:00,2025-09-01,2025-09-01 00:00:00
30db774b-1c43-4c3b-aa55-7d34ba885d28,different_values,813,date_1,2025-09-01,2025-09-01 00:00:00,2025-09-01,2025-09-01 00:00:00
53212441-65eb-418c-8442-349db6d6fb51,different_values,814,date_1,2025-08-31,2025-08-31 00:00:00,2025-08-31,2025-08-31 00:00:00
c20de113-19f9-4203-94c8-f671884b128b,different_values,815,date_1,2025-08-30,2025-08-30 00:00:00,2025-08-30,2025-08-30 00:00:00
edb1dfdd-890a-41ac-ada4-ff5220adc911,different_values,816,date_1,2025-08-29,2025-08-29 00:00:00,2025-08-29,2025-08-29 00:00:00
98e17372-6e7c-4d62-a0db-08dabe1801c8,different_values,817,date_1,2025-09-07,2025-09-07 00:00:00,2025-09-07,2025-09-07 00:00:00
d56669de-7ce2-47be-b16f-45786e6b21e5,different_values,818,date_1,2025-09-06,2025-09-06 00:00:00,2025-09-06,2025-09-06 00:00:00
b6edd526-6fec-444b-afb8-8aac994d403c,different_values,819,date_1,2025-09-03,2025-09-03 00:00:00,2025-09-03,2025-09-03 00:00:00
20bf7513-5dee-44a8-b7d7-9ee434859b1f,different_values,820,date_1,2025-09-06,2025-09-06 00:00:00,2025-09-06,2025-09-06 00:00:00
8a688e8d-6bed-4993-aea2-c8ddc716b24d,different_values,821,date_1,2025-09-07,2025-09-07 00:00:00,2025-09-07,2025-09-07 00:00:00
b10cf36f-914c-4d63-b566-0dd27d6a2dd1,different_values,822,date_1,2025-09-05,2025-09-05 00:00:00,2025-09-05,2025-09-05 00:00:00
a7792f45-7f08-4197-8db6-f685ad4684fb,different_values,823,date_1,2025-09-06,2025-09-06 00:00:00,2025-09-06,2025-09-06 00:00:00
a47c3f2c-632d-4db5-9998-2dd84e9fe35b,different_values,824,date_1,2025-09-06,2025-09-06 00:00:00,2025-09-06,2025-09-06 00:00:00
f370e32d-f544-4bf8-a7e8-b790a4c6b538,different_values,825,date_1,2025-09-05,2025-09-05 00:00:00,2025-09-05,2025-09-05 00:00:00
87836c8b-0a92-4a24-9d3e-f074e20d25ad,different_values,826,date_1,2025-09-05,2025-09-05 00:00:00,2025-09-05,2025-09-05 00:00:00
3fc0c06f-f839-41f2-bbd0-649d11760c2f,different_values,827,date_1,2025-09-07,2025-09-07 00:00:00,2025-09-07,2025-09-07 00:00:00
dabc8cc7-b6e1-467d-9197-b0dc1a08a6f9,different_values,828,date_1,2025-09-08,2025-09-08 00:00:00,2025-09-08,2025-09-08 00:00:00
01729485-a483-42ba-afd4-e33befb55ef7,different_values,829,date_1,2025-09-08,2025-09-08 00:00:00,2025-09-08,2025-09-08 00:00:00
bd19299a-788d-40f7-a7ba-843148757153,different_values,830,date_1,2025-08-24,2025-08-24 00:00:00,2025-08-24,2025-08-24 00:00:00
84aa0778-d87e-471f-95f6-d878d369d354,different_values,831,date_1,2025-09-09,2025-09-09 00:00:00,2025-09-09,2025-09-09 00:00:00
fd2625e6-e2c5-4a9a-9710-af240e811e8f,different_values,832,date_1,2025-09-08,2025-09-08 00:00:00,2025-09-08,2025-09-08 00:00:00
38386124-383f-46b6-8f17-9b41bd52fbb8,different_values,833,date_1,2025-09-10,2025-09-10 00:00:00,2025-09-10,2025-09-10 00:00:00
47134845-3efc-464e-879f-42ea3bfe6343,different_values,834,date_1,2025-09-10,2025-09-10 00:00:00,2025-09-10,2025-09-10 00:00:00
98a63153-daae-42ff-b5e6-7ba9c2273702,different_values,835,date_1,2025-09-10,2025-09-10 00:00:00,2025-09-10,2025-09-10 00:00:00
bb015000-9064-4506-8759-b3d132ee37e3,different_values,836,date_1,2025-09-10,2025-09-10 00:00:00,2025-09-10,2025-09-10 00:00:00
81c72852-1cb1-4cc1-bdc4-9e790b338fd6,different_values,837,date_1,2025-09-11,2025-09-11 00:00:00,2025-09-11,2025-09-11 00:00:00
f3abce8b-c946-48bc-b416-9629c8fbef3b,different_values,838,date_1,2025-09-06,2025-09-06 00:00:00,2025-09-06,2025-09-06 00:00:00
1b9f32f5-0017-4ee7-a5e3-f5f8861a8ecc,different_values,839,date_1,2025-09-07,2025-09-07 00:00:00,2025-09-07,2025-09-07 00:00:00
f4166f7c-80cd-4117-8f12-5df74287bf41,different_values,840,date_1,2025-09-01,2025-09-01 00:00:00,2025-09-01,2025-09-01 00:00:00
08f31ecc-d1c2-4a40-949c-ff279e5f1e1c,different_values,841,date_1,2025-09-05,2025-09-05 00:00:00,2025-09-05,2025-09-05 00:00:00
56407923-5caa-426b-b8f4-fad7854126c0,different_values,842,date_1,2025-09-07,2025-09-07 00:00:00,2025-09-07,2025-09-07 00:00:00
8e24c4fa-9573-44a0-a015-6ccb0b3e8651,different_values,843,date_1,2025-09-14,2025-09-14 00:00:00,2025-09-14,2025-09-14 00:00:00
a4c34332-98e9-49e2-9911-f948ca21dc57,different_values,844,date_1,2025-09-15,2025-09-15 00:00:00,2025-09-15,2025-09-15 00:00:00
752e1b30-e6c2-4e5c-a665-076a6207736d,different_values,845,date_1,2025-09-14,2025-09-14 00:00:00,2025-09-14,2025-09-14 00:00:00
5682e606-af06-47ea-b3e8-ea306833e780,different_values,846,date_1,2025-09-14,2025-09-14 00:00:00,2025-09-14,2025-09-14 00:00:00
3e92d8ee-e0a6-49b6-9106-d8834636e3ae,different_values,847,date_1,2025-09-15,2025-09-15 00:00:00,2025-09-15,2025-09-15 00:00:00
423f1ee9-59eb-46bd-a948-35255e189b18,different_values,848,date_1,2025-09-16,2025-09-16 00:00:00,2025-09-16,2025-09-16 00:00:00
b78815fb-146d-4068-8801-d25fea9833d0,different_values,849,date_1,2025-09-15,2025-09-15 00:00:00,2025-09-15,2025-09-15 00:00:00
25e141d2-01d2-4751-b24d-0c8d003b49f1,different_values,850,date_1,2025-09-11,2025-09-11 00:00:00,2025-09-11,2025-09-11 00:00:00
47f9a5e4-866e-4d97-96e7-a27222bb2769,different_values,851,date_1,2025-09-14,2025-09-14 00:00:00,2025-09-14,2025-09-14 00:00:00
f416ead4-beb7-41b6-975e-427e3cda1c91,different_values,852,date_1,2025-09-12,2025-09-12 00:00:00,2025-09-12,2025-09-12 00:00:00
5e1659a3-688f-4c88-a824-d90c10fb80df,different_values,853,date_1,2025-09-12,2025-09-12 00:00:00,2025-09-12,2025-09-12 00:00:00
4ea635ee-7a50-44c2-9196-badfabcc0265,different_values,854,date_1,2025-09-12,2025-09-12 00:00:00,2025-09-12,2025-09-12 00:00:00
3e2481e2-607e-4edd-8a1d-e8e381fb8fe5,different_values,855,date_1,2025-09-14,2025-09-14 00:00:00,2025-09-14,2025-09-14 00:00:00
0c1eb51e-58b5-4c51-ba83-97856414a4ca,different_values,856,date_1,2025-09-09,2025-09-09 00:00:00,2025-09-09,2025-09-09 00:00:00
04de6525-7ade-491f-b9c2-d630fe3aa72d,different_values,857,date_1,2025-09-09,2025-09-09 00:00:00,2025-09-09,2025-09-09 00:00:00
78a1d76a-f318-4603-b229-76f1efeadcf7,different_values,858,date_1,2025-09-15,2025-09-15 00:00:00,2025-09-15,2025-09-15 00:00:00
64a71bc1-f199-42a6-a559-0eccc767f784,different_values,859,date_1,2025-09-15,2025-09-15 00:00:00,2025-09-15,2025-09-15 00:00:00
768f13d2-fd94-47c3-bb87-9e3bfa34e296,different_values,860,date_1,2025-09-15,2025-09-15 00:00:00,2025-09-15,2025-09-15 00:00:00
6983d363-13e8-45e9-827f-8a65ebc4b814,different_values,861,date_1,2025-09-16,2025-09-16 00:00:00,2025-09-16,2025-09-16 00:00:00
b0490a8a-a007-4ccb-8eee-f2122e163801,different_values,862,date_1,2025-09-16,2025-09-16 00:00:00,2025-09-16,2025-09-16 00:00:00
49743aa2-4104-45f1-a2e5-909ed4ac6dd8,different_values,863,date_1,2025-08-29,2025-08-29 00:00:00,2025-08-29,2025-08-29 00:00:00
fb610c55-9863-4490-a9b6-15d447e65aa9,different_values,864,date_1,2025-09-11,2025-09-11 00:00:00,2025-09-11,2025-09-11 00:00:00
8bda36c9-8174-4138-b08d-e818a52a7fe4,different_values,865,date_1,2025-09-16,2025-09-16 00:00:00,2025-09-16,2025-09-16 00:00:00
5a6aa731-52b9-4bab-a417-85c509081267,different_values,866,date_1,2025-09-17,2025-09-17 00:00:00,2025-09-17,2025-09-17 00:00:00
987be374-92d9-43b6-8541-f0abf6e9523b,different_values,867,date_1,2025-09-17,2025-09-17 00:00:00,2025-09-17,2025-09-17 00:00:00
1333debd-8e72-4fee-a268-da8c755f2d8b,different_values,868,date_1,2025-09-17,2025-09-17 00:00:00,2025-09-17,2025-09-17 00:00:00
af0d5973-7a85-4789-b030-31691f036953,different_values,869,date_1,2025-09-17,2025-09-17 00:00:00,2025-09-17,2025-09-17 00:00:00
ba79b29a-7c49-4c45-97b7-2967b5b30ad3,different_values,870,date_1,2025-09-17,2025-09-17 00:00:00,2025-09-17,2025-09-17 00:00:00
cb067733-aecf-44a8-9215-2603e8bc4f15,different_values,871,date_1,2025-09-17,2025-09-17 00:00:00,2025-09-17,2025-09-17 00:00:00
092f3554-093d-4192-8ca4-143ca4f25007,different_values,872,date_1,2025-09-17,2025-09-17 00:00:00,2025-09-17,2025-09-17 00:00:00
0bd6765a-bb45-4f75-b598-1bd88e748b28,different_values,873,date_1,2025-09-18,2025-09-18 00:00:00,2025-09-18,2025-09-18 00:00:00
81764bc9-fa61-459b-87e6-236a44cec6fc,different_values,874,date_1,2025-09-19,2025-09-19 00:00:00,2025-09-19,2025-09-19 00:00:00
b98247ee-61f7-4182-8184-57264e8b2051,different_values,875,date_1,2025-09-21,2025-09-21 00:00:00,2025-09-21,2025-09-21 00:00:00
e8431731-3197-4316-9810-9bbddd7ce5a0,different_values,876,date_1,2025-09-19,2025-09-19 00:00:00,2025-09-19,2025-09-19 00:00:00
e8431731-3197-4316-9810-9bbddd7ce5a0,different_values,876,quantity,22.0,89.0,220,890
e8431731-3197-4316-9810-9bbddd7ce5a0,different_values,876,modus_operandi/place_seizure,Land,Maritime vessel,land,maritime vessel
e8431731-3197-4316-9810-9bbddd7ce5a0,different_values,876,department/state,,Panama Oeste,,panama oeste
e8431731-3197-4316-9810-9bbddd7ce5a0,different_values,876,municipality/port,,San Vicente de Bique,,san vicente de bique
e8431731-3197-4316-9810-9bbddd7ce5a0,different_values,876,transit_1_department/state,,Panama Oeste,,panama oeste
e8431731-3197-4316-9810-9bbddd7ce5a0,different_values,876,transit_1_municipality/port,,San Vicente de Bique,,san vicente de bique
e8431731-3197-4316-9810-9bbddd7ce5a0,different_values,876,description,22 paquetes de cocaína fueron incautados en un puerto del Pacífico panameño en un bolso. Esta es una modalidad común en la cual ingresan bolsos o maletas con cocaína y posteriormente contaminan los contenedores.,89 kilos de presunta cocaína fueron incautados en una embarcación en la provincia panameña de Panamá Oeste.,22 paquetes de cocaína fueron incautados en un puerto del pacífico panameño en un bolso esta es una modalidad común en la cual ingresan bolsos o maletas con cocaína y posteriormente contaminan los contenedores,89 kilos de presunta cocaína fueron incautados en una embarcación en la provincia panameña de panamá oeste
f8631a49-bbb9-44ff-ab9e-bcfc9a979552,different_values,877,date_1,2025-09-19,2025-09-18 00:00:00,2025-09-19,2025-09-18 00:00:00
f8631a49-bbb9-44ff-ab9e-bcfc9a979552,different_values,877,day,19,18,19,18
f8631a49-bbb9-44ff-ab9e-bcfc9a979552,different_values,877,quantity,89.0,145.0,890,1450
f8631a49-bbb9-44ff-ab9e-bcfc9a979552,different_values,877,department/state,Panama Oeste,Guna Yala,panama oeste,guna yala
f8631a49-bbb9-44ff-ab9e-bcfc9a979552,different_values,877,municipality/port,San Vicente de Bique,,san vicente de bique,
f8631a49-bbb9-44ff-ab9e-bcfc9a979552,different_values,877,transit_1_department/state,Panama Oeste,Guna Yala,panama oeste,guna yala
f8631a49-bbb9-44ff-ab9e-bcfc9a979552,different_values,877,transit_1_municipality/port,San Vicente de Bique,,san vicente de bique,
f8631a49-bbb9-44ff-ab9e-bcfc9a979552,different_values,877,description,89 kilos de presunta cocaína fueron incautados en una embarcación en la provincia panameña de Panamá Oeste.," En operativo marítimo, el Senan decomisó 145 paquetes de presunta cocaína en Guna Yala; tres personas fueron detenidas. No se informó peso exacto de la droga.",89 kilos de presunta cocaína fueron incautados en una embarcación en la provincia panameña de panamá oeste,en operativo marítimo el senan decomisó 145 paquetes de presunta cocaína en guna yala; tres personas fueron detenidas no se informó peso exacto de la droga
f8631a49-bbb9-44ff-ab9e-bcfc9a979552,different_values,877,source_link,https://www.critica.com.pa/sucesos/duro-reves-al-narco-incautan-111-paquetes-de-droga-en-el-pais-497680,https://www.critica.com.pa/sucesos/golpe-al-narcotrafico-incautan-145-paquetes-de-droga-detienen-3-497637,https://wwwcriticacompa/sucesos/duro-reves-al-narco-incautan-111-paquetes-de-droga-en-el-pais-497680,https://wwwcriticacompa/sucesos/golpe-al-narcotrafico-incautan-145-paquetes-de-droga-detienen-3-497637
b8dab29d-7292-43f4-afbe-37cf85d90239,different_values,878,date_1,2025-09-18,2025-09-19 00:00:00,2025-09-18,2025-09-19 00:00:00
b8dab29d-7292-43f4-afbe-37cf85d90239,different_values,878,day,18,19,18,19
b8dab29d-7292-43f4-afbe-37cf85d90239,different_values,878,quantity,145.0,59.0,1450,590
b8dab29d-7292-43f4-afbe-37cf85d90239,different_values,878,department/state,Guna Yala,Panama Oeste,guna yala,panama oeste
b8dab29d-7292-43f4-afbe-37cf85d90239,different_values,878,municipality/port,,San Carlos,,san carlos
b8dab29d-7292-43f4-afbe-37cf85d90239,different_values,878,transit_1_department/state,Guna Yala,Panama Oeste,guna yala,panama oeste
b8dab29d-7292-43f4-afbe-37cf85d90239,different_values,878,transit_1_municipality/port,,San Carlos,,san carlos
b8dab29d-7292-43f4-afbe-37cf85d90239,different_values,878,description," En operativo marítimo, el Senan decomisó 145 paquetes de presunta cocaína en Guna Yala; tres personas fueron detenidas. No se informó peso exacto de la droga.","EnCosta Esmeralda, San Carlos (Panamá Oeste),  se incautaron 59 paquetes y se halló una embarcación destruida junto al cuerpo sin vida de un hombre",en operativo marítimo el senan decomisó 145 paquetes de presunta cocaína en guna yala; tres personas fueron detenidas no se informó peso exacto de la droga,encosta esmeralda san carlos (panamá oeste)  se incautaron 59 paquetes y se halló una embarcación destruida junto al cuerpo sin vida de un hombre
b8dab29d-7292-43f4-afbe-37cf85d90239,different_values,878,source_link,https://www.critica.com.pa/sucesos/golpe-al-narcotrafico-incautan-145-paquetes-de-droga-detienen-3-497637,https://www.prensa.com/judiciales/en-cuatro-operativos-decomisan-cerca-300-paquetes-de-droga-en-las-ultimas-horas/,https://wwwcriticacompa/sucesos/golpe-al-narcotrafico-incautan-145-paquetes-de-droga-detienen-3-497637,https://wwwprensacom/judiciales/en-cuatro-operativos-decomisan-cerca-300-paquetes-de-droga-en-las-ultimas-horas/
4e428fbb-c3bc-4595-8de6-849925813f72,different_values,879,date_1,2025-09-19,2025-09-21 00:00:00,2025-09-19,2025-09-21 00:00:00
4e428fbb-c3bc-4595-8de6-849925813f72,different_values,879,day,19,21,19,21
4e428fbb-c3bc-4595-8de6-849925813f72,different_values,879,quantity,59.0,96.0,590,960
4e428fbb-c3bc-4595-8de6-849925813f72,different_values,879,modus_operandi/place_seizure,Maritime vessel,Container,maritime vessel,container
4e428fbb-c3bc-4595-8de6-849925813f72,different_values,879,department/state,Panama Oeste,,panama oeste,
4e428fbb-c3bc-4595-8de6-849925813f72,different_values,879,municipality/port,San Carlos,,san carlos,
4e428fbb-c3bc-4595-8de6-849925813f72,different_values,879,transit_1_department/state,Panama Oeste,,panama oeste,
4e428fbb-c3bc-4595-8de6-849925813f72,different_values,879,transit_1_municipality/port,San Carlos,,san carlos,
4e428fbb-c3bc-4595-8de6-849925813f72,different_values,879,description,"EnCosta Esmeralda, San Carlos (Panamá Oeste),  se incautaron 59 paquetes y se halló una embarcación destruida junto al cuerpo sin vida de un hombre","El decomiso se realizó en un puerto del Pacífico, donde funcionarios del Ministerio Público, en conjunto con agentes del Servicio Nacional Aeronaval (Senan), ubicaron tres bultos dentro de un contenedor. Al revisar la carga, las autoridades determinaron que contenía 96 paquetes de presuntas sustancias ilícitas.",encosta esmeralda san carlos (panamá oeste)  se incautaron 59 paquetes y se halló una embarcación destruida junto al cuerpo sin vida de un hombre,el decomiso se realizó en un puerto del pacífico donde funcionarios del ministerio público en conjunto con agentes del servicio nacional aeronaval (senan) ubicaron tres bultos dentro de un contenedor al revisar la carga las autoridades determinaron que contenía 96 paquetes de presuntas sustancias ilícitas
4e428fbb-c3bc-4595-8de6-849925813f72,different_values,879,source_link,https://www.prensa.com/judiciales/en-cuatro-operativos-decomisan-cerca-300-paquetes-de-droga-en-las-ultimas-horas/,https://www.prensa.com/judiciales/senan-y-fiscalia-de-drogas-frenan-cargamento-de-140-paquetes-de-droga/,https://wwwprensacom/judiciales/en-cuatro-operativos-decomisan-cerca-300-paquetes-de-droga-en-las-ultimas-horas/,https://wwwprensacom/judiciales/senan-y-fiscalia-de-drogas-frenan-cargamento-de-140-paquetes-de-droga/
47172e4e-0b46-484d-8420-19632d480e34,different_values,880,date_1,2025-09-21,2025-09-21 00:00:00,2025-09-21,2025-09-21 00:00:00
47172e4e-0b46-484d-8420-19632d480e34,different_values,880,quantity,96.0,44.0,960,440
47172e4e-0b46-484d-8420-19632d480e34,different_values,880,transit_1_region,Central America,South America,central america,south america
47172e4e-0b46-484d-8420-19632d480e34,different_values,880,transit_1_country,Panama,Chile,panama,chile
47172e4e-0b46-484d-8420-19632d480e34,different_values,880,transit_2_region,,Central America,,central america
47172e4e-0b46-484d-8420-19632d480e34,different_values,880,transit_2_country,,Panama,,panama
47172e4e-0b46-484d-8420-19632d480e34,different_values,880,destination_1_region,,Australia,,australia
47172e4e-0b46-484d-8420-19632d480e34,different_values,880,destination_1_country,,Australia,,australia
47172e4e-0b46-484d-8420-19632d480e34,different_values,880,description,"El decomiso se realizó en un puerto del Pacífico, donde funcionarios del Ministerio Público, en conjunto con agentes del Servicio Nacional Aeronaval (Senan), ubicaron tres bultos dentro de un contenedor. Al revisar la carga, las autoridades determinaron que contenía 96 paquetes de presuntas sustancias ilícitas.","En un puerto del Pacífico, la Fiscalía de Drogas y estamentos de seguridad —Dirección Nacional Antidrogas (DNAD)— hallaron otros 44 paquetes de droga dentro de un contenedor. Según las investigaciones preliminares, la carga tenía origen en Chile, fue transbordada en Panamá y tenía como destino final Australia.",el decomiso se realizó en un puerto del pacífico donde funcionarios del ministerio público en conjunto con agentes del servicio nacional aeronaval (senan) ubicaron tres bultos dentro de un contenedor al revisar la carga las autoridades determinaron que contenía 96 paquetes de presuntas sustancias ilícitas,en un puerto del pacífico la fiscalía de drogas y estamentos de seguridad —dirección nacional antidrogas (dnad)— hallaron otros 44 paquetes de droga dentro de un contenedor según las investigaciones preliminares la carga tenía origen en chile fue transbordada en panamá y tenía como destino final australia
659af9a8-13e5-43e4-95d6-b17db5551699,different_values,881,date_1,2025-09-21,2025-09-12 00:00:00,2025-09-21,2025-09-12 00:00:00
659af9a8-13e5-43e4-95d6-b17db5551699,different_values,881,day,21,12,21,12
659af9a8-13e5-43e4-95d6-b17db5551699,different_values,881,quantity,44.0,3.0,440,30
659af9a8-13e5-43e4-95d6-b17db5551699,different_values,881,weight_unit,Package,Kilogram,package,kilogram
659af9a8-13e5-43e4-95d6-b17db5551699,different_values,881,modus_operandi/place_seizure,Container,Air,container,air
659af9a8-13e5-43e4-95d6-b17db5551699,different_values,881,sub_modus_operandi,,Hidden in fake plaster cast on left leg,,hidden in fake plaster cast on left leg
659af9a8-13e5-43e4-95d6-b17db5551699,different_values,881,region,Central America,Caribbean,central america,caribbean
659af9a8-13e5-43e4-95d6-b17db5551699,different_values,881,country,Panama,Martinique,panama,martinique
659af9a8-13e5-43e4-95d6-b17db5551699,different_values,881,department/state,,Fort-de-France,,fort-de-france
659af9a8-13e5-43e4-95d6-b17db5551699,different_values,881,transit_1_region,South America,Caribbean,south america,caribbean
659af9a8-13e5-43e4-95d6-b17db5551699,different_values,881,transit_1_country,Chile,Martinique,chile,martinique
659af9a8-13e5-43e4-95d6-b17db5551699,different_values,881,transit_1_department/state,,Fort-de-France,,fort-de-france
659af9a8-13e5-43e4-95d6-b17db5551699,different_values,881,transit_2_region,Central America,,central america,
659af9a8-13e5-43e4-95d6-b17db5551699,different_values,881,transit_2_country,Panama,,panama,
659af9a8-13e5-43e4-95d6-b17db5551699,different_values,881,destination_1_region,Australia,,australia,
659af9a8-13e5-43e4-95d6-b17db5551699,different_values,881,destination_1_country,Australia,,australia,
659af9a8-13e5-43e4-95d6-b17db5551699,different_values,881,description,"En un puerto del Pacífico, la Fiscalía de Drogas y estamentos de seguridad —Dirección Nacional Antidrogas (DNAD)— hallaron otros 44 paquetes de droga dentro de un contenedor. Según las investigaciones preliminares, la carga tenía origen en Chile, fue transbordada en Panamá y tenía como destino final Australia.",A man was caught at the airport in Martinique with 3 kilograms of cocaine hidden in a fake plaster cast on his left leg.,en un puerto del pacífico la fiscalía de drogas y estamentos de seguridad —dirección nacional antidrogas (dnad)— hallaron otros 44 paquetes de droga dentro de un contenedor según las investigaciones preliminares la carga tenía origen en chile fue transbordada en panamá y tenía como destino final australia,a man was caught at the airport in martinique with 3 kilograms of cocaine hidden in a fake plaster cast on his left leg
659af9a8-13e5-43e4-95d6-b17db5551699,different_values,881,source_link,https://www.prensa.com/judiciales/senan-y-fiscalia-de-drogas-frenan-cargamento-de-140-paquetes-de-droga/,https://www.waterkant.net/suriname/2025/09/22/man-met-cocaine-in-nep-gips-betrapt-op-luchthaven-martinique/,https://wwwprensacom/judiciales/senan-y-fiscalia-de-drogas-frenan-cargamento-de-140-paquetes-de-droga/,https://wwwwaterkantnet/suriname/2025/09/22/man-met-cocaine-in-nep-gips-betrapt-op-luchthaven-martinique/
659af9a8-13e5-43e4-95d6-b17db5551699,different_values,881,archived_link,Archived Link - Panama,Archived Link - Martinique,archived link - panama,archived link - martinique
34b542b4-90ac-4038-a736-d8dd8ac90eb2,different_values,882,date_1,2025-09-12,2025-09-18 00:00:00,2025-09-12,2025-09-18 00:00:00
34b542b4-90ac-4038-a736-d8dd8ac90eb2,different_values,882,day,12,18,12,18
34b542b4-90ac-4038-a736-d8dd8ac90eb2,different_values,882,quantity,3.0,230.0,30,2300
34b542b4-90ac-4038-a736-d8dd8ac90eb2,different_values,882,modus_operandi/place_seizure,Air,Maritime vessel,air,maritime vessel
34b542b4-90ac-4038-a736-d8dd8ac90eb2,different_values,882,sub_modus_operandi,Hidden in fake plaster cast on left leg,Suspected fishing boat intercepted south of Curaçao near Klein Curaçao,hidden in fake plaster cast on left leg,suspected fishing boat intercepted south of curaçao near klein curaçao
34b542b4-90ac-4038-a736-d8dd8ac90eb2,different_values,882,country,Martinique,Curaçao,martinique,curaçao
34b542b4-90ac-4038-a736-d8dd8ac90eb2,different_values,882,department/state,Fort-de-France,Klein,fort-de-france,klein
34b542b4-90ac-4038-a736-d8dd8ac90eb2,different_values,882,transit_1_country,Martinique,Curaçao,martinique,curaçao
34b542b4-90ac-4038-a736-d8dd8ac90eb2,different_values,882,transit_1_department/state,Fort-de-France,Klein,fort-de-france,klein
34b542b4-90ac-4038-a736-d8dd8ac90eb2,different_values,882,description,A man was caught at the airport in Martinique with 3 kilograms of cocaine hidden in a fake plaster cast on his left leg.,The Curaçao Coast Guard intercepted approximately 230 kg of cocaine aboard a local fishing vessel near Klein Curaçao; two persons arrested; drugs destroyed. ,a man was caught at the airport in martinique with 3 kilograms of cocaine hidden in a fake plaster cast on his left leg,the curaçao coast guard intercepted approximately 230 kg of cocaine aboard a local fishing vessel near klein curaçao; two persons arrested; drugs destroyed
34b542b4-90ac-4038-a736-d8dd8ac90eb2,different_values,882,source_link,https://www.waterkant.net/suriname/2025/09/22/man-met-cocaine-in-nep-gips-betrapt-op-luchthaven-martinique/,https://www.curacaochronicle.com/post/local/coast-guard-seizes-230-kilos-of-cocaine-near-klein-curacao/,https://wwwwaterkantnet/suriname/2025/09/22/man-met-cocaine-in-nep-gips-betrapt-op-luchthaven-martinique/,https://wwwcuracaochroniclecom/post/local/coast-guard-seizes-230-kilos-of-cocaine-near-klein-curacao/
34b542b4-90ac-4038-a736-d8dd8ac90eb2,different_values,882,archived_link,Archived Link - Martinique,Archived Link - Curaçao,archived link - martinique,archived link - curaçao
3d427551-4eac-4545-9b53-12a6449490f6,different_values,883,date_1,2025-09-18,2025-09-19 00:00:00,2025-09-18,2025-09-19 00:00:00
3d427551-4eac-4545-9b53-12a6449490f6,different_values,883,day,18,19,18,19
3d427551-4eac-4545-9b53-12a6449490f6,different_values,883,quantity,230.0,45.0,2300,450
3d427551-4eac-4545-9b53-12a6449490f6,different_values,883,modus_operandi/place_seizure,Maritime vessel,Land,maritime vessel,land
3d427551-4eac-4545-9b53-12a6449490f6,different_values,883,sub_modus_operandi,Suspected fishing boat intercepted south of Curaçao near Klein Curaçao,,suspected fishing boat intercepted south of curaçao near klein curaçao,
3d427551-4eac-4545-9b53-12a6449490f6,different_values,883,region,Caribbean,South America,caribbean,south america
3d427551-4eac-4545-9b53-12a6449490f6,different_values,883,country,Curaçao,Brazil,curaçao,brazil
3d427551-4eac-4545-9b53-12a6449490f6,different_values,883,department/state,Klein,Sao Paulo,klein,sao paulo
3d427551-4eac-4545-9b53-12a6449490f6,different_values,883,municipality/port,,Limeira,,limeira
3d427551-4eac-4545-9b53-12a6449490f6,different_values,883,transit_1_region,Caribbean,South America,caribbean,south america
3d427551-4eac-4545-9b53-12a6449490f6,different_values,883,transit_1_country,Curaçao,Brazil,curaçao,brazil
3d427551-4eac-4545-9b53-12a6449490f6,different_values,883,transit_1_department/state,Klein,Sao Paulo,klein,sao paulo
3d427551-4eac-4545-9b53-12a6449490f6,different_values,883,transit_1_municipality/port,,Limeira,,limeira
3d427551-4eac-4545-9b53-12a6449490f6,different_values,883,description,The Curaçao Coast Guard intercepted approximately 230 kg of cocaine aboard a local fishing vessel near Klein Curaçao; two persons arrested; drugs destroyed. ,PM (Military Police) seized 45 kg of cocaine in a house in Limeira connected to a man arrested in Itirapina,the curaçao coast guard intercepted approximately 230 kg of cocaine aboard a local fishing vessel near klein curaçao; two persons arrested; drugs destroyed,pm (military police) seized 45 kg of cocaine in a house in limeira connected to a man arrested in itirapina
3d427551-4eac-4545-9b53-12a6449490f6,different_values,883,source_link,https://www.curacaochronicle.com/post/local/coast-guard-seizes-230-kilos-of-cocaine-near-klein-curacao/,https://g1.globo.com/sp/piracicaba-regiao/noticia/2025/09/20/pm-apreende-45-quilos-de-cocaina-em-casa-de-limeira-ligada-a-homem-preso-em-itirapina.ghtml,https://wwwcuracaochroniclecom/post/local/coast-guard-seizes-230-kilos-of-cocaine-near-klein-curacao/,https://g1globocom/sp/piracicaba-regiao/noticia/2025/09/20/pm-apreende-45-quilos-de-cocaina-em-casa-de-limeira-ligada-a-homem-preso-em-itirapinaghtml
3d427551-4eac-4545-9b53-12a6449490f6,different_values,883,archived_link,Archived Link - Curaçao,Archived Link - Brazil,archived link - curaçao,archived link - brazil
988f3945-95be-4c57-90a4-d610dd36554d,different_values,884,date_1,2025-09-19,2025-09-19 00:00:00,2025-09-19,2025-09-19 00:00:00
988f3945-95be-4c57-90a4-d610dd36554d,different_values,884,quantity,45.0,2000.0,450,20000
988f3945-95be-4c57-90a4-d610dd36554d,different_values,884,modus_operandi/place_seizure,Land,Maritime vessel,land,maritime vessel
988f3945-95be-4c57-90a4-d610dd36554d,different_values,884,region,South America,Central America,south america,central america
988f3945-95be-4c57-90a4-d610dd36554d,different_values,884,country,Brazil,Costa Rica,brazil,costa rica
988f3945-95be-4c57-90a4-d610dd36554d,different_values,884,department/state,Sao Paulo,Puntarenas,sao paulo,puntarenas
988f3945-95be-4c57-90a4-d610dd36554d,different_values,884,municipality/port,Limeira,Golfito,limeira,golfito
988f3945-95be-4c57-90a4-d610dd36554d,different_values,884,transit_1_region,South America,Central America,south america,central america
988f3945-95be-4c57-90a4-d610dd36554d,different_values,884,transit_1_country,Brazil,Costa Rica,brazil,costa rica
988f3945-95be-4c57-90a4-d610dd36554d,different_values,884,transit_1_department/state,Sao Paulo,Puntarenas,sao paulo,puntarenas
988f3945-95be-4c57-90a4-d610dd36554d,different_values,884,transit_1_municipality/port,Limeira,Golfito,limeira,golfito
988f3945-95be-4c57-90a4-d610dd36554d,different_values,884,description,PM (Military Police) seized 45 kg of cocaine in a house in Limeira connected to a man arrested in Itirapina,Una operación antidrogas ejecutada con apoyo de la Administración para el Control de Drogas de Estados Unidos (DEA) terminó con la muerte de un ocupante de una embarcación y el decomiso de aproximadamente dos toneladas de cocaína en aguas del Pacífico Sur.,pm (military police) seized 45 kg of cocaine in a house in limeira connected to a man arrested in itirapina,una operación antidrogas ejecutada con apoyo de la administración para el control de drogas de estados unidos (dea) terminó con la muerte de un ocupante de una embarcación y el decomiso de aproximadamente dos toneladas de cocaína en aguas del pacífico sur
988f3945-95be-4c57-90a4-d610dd36554d,different_values,884,source_link,https://g1.globo.com/sp/piracicaba-regiao/noticia/2025/09/20/pm-apreende-45-quilos-de-cocaina-em-casa-de-limeira-ligada-a-homem-preso-em-itirapina.ghtml,https://www.nacion.com/sucesos/persecucion-en-mar-deja-un-muerto-y-decomiso-de/D7CU2GBKUZG6LMC4UQS6RHIT5U/story/,https://g1globocom/sp/piracicaba-regiao/noticia/2025/09/20/pm-apreende-45-quilos-de-cocaina-em-casa-de-limeira-ligada-a-homem-preso-em-itirapinaghtml,https://wwwnacioncom/sucesos/persecucion-en-mar-deja-un-muerto-y-decomiso-de/d7cu2gbkuzg6lmc4uqs6rhit5u/story/
988f3945-95be-4c57-90a4-d610dd36554d,different_values,884,archived_link,Archived Link - Brazil,Archived Link - Costa Rica,archived link - brazil,archived link - costa rica
2cd21f15-3900-4446-a475-757cb5f09cef,different_values,885,date_1,2025-09-19,2025-09-21 00:00:00,2025-09-19,2025-09-21 00:00:00
2cd21f15-3900-4446-a475-757cb5f09cef,different_values,885,day,19,21,19,21
2cd21f15-3900-4446-a475-757cb5f09cef,different_values,885,quantity,2000.0,377.0,20000,3770
2cd21f15-3900-4446-a475-757cb5f09cef,different_values,885,weight_unit,Kilogram,Package,kilogram,package
2cd21f15-3900-4446-a475-757cb5f09cef,different_values,885,region,Central America,Caribbean,central america,caribbean
2cd21f15-3900-4446-a475-757cb5f09cef,different_values,885,country,Costa Rica,Dominican Republic,costa rica,dominican republic
2cd21f15-3900-4446-a475-757cb5f09cef,different_values,885,department/state,Puntarenas,Pedernales,puntarenas,pedernales
2cd21f15-3900-4446-a475-757cb5f09cef,different_values,885,municipality/port,Golfito,,golfito,
2cd21f15-3900-4446-a475-757cb5f09cef,different_values,885,transit_1_region,Central America,Caribbean,central america,caribbean
2cd21f15-3900-4446-a475-757cb5f09cef,different_values,885,transit_1_country,Costa Rica,Dominican Republic,costa rica,dominican republic
2cd21f15-3900-4446-a475-757cb5f09cef,different_values,885,transit_1_department/state,Puntarenas,Pedernales,puntarenas,pedernales
2cd21f15-3900-4446-a475-757cb5f09cef,different_values,885,transit_1_municipality/port,Golfito,,golfito,
2cd21f15-3900-4446-a475-757cb5f09cef,different_values,885,description,Una operación antidrogas ejecutada con apoyo de la Administración para el Control de Drogas de Estados Unidos (DEA) terminó con la muerte de un ocupante de una embarcación y el decomiso de aproximadamente dos toneladas de cocaína en aguas del Pacífico Sur.,The Dominican Republic recovered 377 packages of cocaine from a speedboat destroyed by a U.S. Navy strike as part of a joint anti‑narco operation. ,una operación antidrogas ejecutada con apoyo de la administración para el control de drogas de estados unidos (dea) terminó con la muerte de un ocupante de una embarcación y el decomiso de aproximadamente dos toneladas de cocaína en aguas del pacífico sur,the dominican republic recovered 377 packages of cocaine from a speedboat destroyed by a us navy strike as part of a joint anti‑narco operation
2cd21f15-3900-4446-a475-757cb5f09cef,different_values,885,source_link,https://www.nacion.com/sucesos/persecucion-en-mar-deja-un-muerto-y-decomiso-de/D7CU2GBKUZG6LMC4UQS6RHIT5U/story/,https://apnews.com/article/cocaine-speedboat-trump-dominican-republic-e42c255ec0e8d5c2d85a7670d12adfdf,https://wwwnacioncom/sucesos/persecucion-en-mar-deja-un-muerto-y-decomiso-de/d7cu2gbkuzg6lmc4uqs6rhit5u/story/,https://apnewscom/article/cocaine-speedboat-trump-dominican-republic-e42c255ec0e8d5c2d85a7670d12adfdf
2cd21f15-3900-4446-a475-757cb5f09cef,different_values,885,archived_link,Archived Link - Costa Rica,Archived Link - Dominican Republic,archived link - costa rica,archived link - dominican republic
01505271-efdf-4c33-85a6-18f1e75c870b,different_values,886,date_1,2025-09-21,2025-09-22 00:00:00,2025-09-21,2025-09-22 00:00:00
01505271-efdf-4c33-85a6-18f1e75c870b,different_values,886,day,21,22,21,22
01505271-efdf-4c33-85a6-18f1e75c870b,different_values,886,quantity,377.0,61.2,3770,612
01505271-efdf-4c33-85a6-18f1e75c870b,different_values,886,weight_unit,Package,Kilogram,package,kilogram
01505271-efdf-4c33-85a6-18f1e75c870b,different_values,886,modus_operandi/place_seizure,Maritime vessel,Land,maritime vessel,land
01505271-efdf-4c33-85a6-18f1e75c870b,different_values,886,region,Caribbean,South America,caribbean,south america
01505271-efdf-4c33-85a6-18f1e75c870b,different_values,886,country,Dominican Republic,Argentina,dominican republic,argentina
01505271-efdf-4c33-85a6-18f1e75c870b,different_values,886,department/state,Pedernales,Jujuy,pedernales,jujuy
01505271-efdf-4c33-85a6-18f1e75c870b,different_values,886,transit_1_region,Caribbean,South America,caribbean,south america
01505271-efdf-4c33-85a6-18f1e75c870b,different_values,886,transit_1_country,Dominican Republic,Argentina,dominican republic,argentina
01505271-efdf-4c33-85a6-18f1e75c870b,different_values,886,transit_1_department/state,Pedernales,Jujuy,pedernales,jujuy
01505271-efdf-4c33-85a6-18f1e75c870b,different_values,886,description,The Dominican Republic recovered 377 packages of cocaine from a speedboat destroyed by a U.S. Navy strike as part of a joint anti‑narco operation. ,A Gendarmería National routine checkpoint with canine unit discovered over sixty kilos of cocaine (“59 bricks”) concealed in various parts of a utility vehicle at RN‑34 in Jujuy. ,the dominican republic recovered 377 packages of cocaine from a speedboat destroyed by a us navy strike as part of a joint anti‑narco operation,a gendarmería national routine checkpoint with canine unit discovered over sixty kilos of cocaine (“59 bricks”) concealed in various parts of a utility vehicle at rn‑34 in jujuy
01505271-efdf-4c33-85a6-18f1e75c870b,different_values,886,source_link,https://apnews.com/article/cocaine-speedboat-trump-dominican-republic-e42c255ec0e8d5c2d85a7670d12adfdf,https://www.eltribuno.com/policiales/2025-9-22-0-0-0-traficaba-60-kilos-de-cocaina-en-un-vehiculo-utilitario,https://apnewscom/article/cocaine-speedboat-trump-dominican-republic-e42c255ec0e8d5c2d85a7670d12adfdf,https://wwweltribunocom/policiales/2025-9-22-0-0-0-traficaba-60-kilos-de-cocaina-en-un-vehiculo-utilitario
01505271-efdf-4c33-85a6-18f1e75c870b,different_values,886,archived_link,Archived Link - Dominican Republic,Archived Link - Argentina,archived link - dominican republic,archived link - argentina
e1bd6cc8-f132-4fcf-8889-2c8286f6b5b6,different_values,887,date_1,2025-09-22,2025-09-20 00:00:00,2025-09-22,2025-09-20 00:00:00
e1bd6cc8-f132-4fcf-8889-2c8286f6b5b6,different_values,887,day,22,20,22,20
e1bd6cc8-f132-4fcf-8889-2c8286f6b5b6,different_values,887,quantity,61.2,800.0,612,8000
e1bd6cc8-f132-4fcf-8889-2c8286f6b5b6,different_values,887,country,Argentina,Ecuador,argentina,ecuador
e1bd6cc8-f132-4fcf-8889-2c8286f6b5b6,different_values,887,department/state,Jujuy,Esmeraldas,jujuy,esmeraldas
e1bd6cc8-f132-4fcf-8889-2c8286f6b5b6,different_values,887,municipality/port,,Muisne,,muisne
e1bd6cc8-f132-4fcf-8889-2c8286f6b5b6,different_values,887,transit_1_country,Argentina,Ecuador,argentina,ecuador
e1bd6cc8-f132-4fcf-8889-2c8286f6b5b6,different_values,887,transit_1_department/state,Jujuy,Esmeraldas,jujuy,esmeraldas
e1bd6cc8-f132-4fcf-8889-2c8286f6b5b6,different_values,887,transit_1_municipality/port,,Muisne,,muisne
e1bd6cc8-f132-4fcf-8889-2c8286f6b5b6,different_values,887,description,A Gendarmería National routine checkpoint with canine unit discovered over sixty kilos of cocaine (“59 bricks”) concealed in various parts of a utility vehicle at RN‑34 in Jujuy. ,"Authorities found 800 kg of cocaine hidden in a coastal stash near the beach in Muisne, Esmeraldas; believed to originate from Colombia; no arrests reported.",a gendarmería national routine checkpoint with canine unit discovered over sixty kilos of cocaine (“59 bricks”) concealed in various parts of a utility vehicle at rn‑34 in jujuy,authorities found 800 kg of cocaine hidden in a coastal stash near the beach in muisne esmeraldas; believed to originate from colombia; no arrests reported
e1bd6cc8-f132-4fcf-8889-2c8286f6b5b6,different_values,887,source_link,https://www.eltribuno.com/policiales/2025-9-22-0-0-0-traficaba-60-kilos-de-cocaina-en-un-vehiculo-utilitario,https://www.eluniverso.com/noticias/seguridad/en-muisne-en-el-sur-de-esmeraldas-decomisa-droga-valorada-en-35-millones-nota/,https://wwweltribunocom/policiales/2025-9-22-0-0-0-traficaba-60-kilos-de-cocaina-en-un-vehiculo-utilitario,https://wwweluniversocom/noticias/seguridad/en-muisne-en-el-sur-de-esmeraldas-decomisa-droga-valorada-en-35-millones-nota/
e1bd6cc8-f132-4fcf-8889-2c8286f6b5b6,different_values,887,archived_link,Archived Link - Argentina,Archived Link - Ecuador,archived link - argentina,archived link - ecuador
e634a713-233a-4f8d-aac3-5109e1296965,different_values,888,date_1,2025-09-20,2025-09-19 00:00:00,2025-09-20,2025-09-19 00:00:00
e634a713-233a-4f8d-aac3-5109e1296965,different_values,888,day,20,19,20,19
e634a713-233a-4f8d-aac3-5109e1296965,different_values,888,drug_type,Cocaine,Cocaine Base,cocaine,cocaine base
e634a713-233a-4f8d-aac3-5109e1296965,different_values,888,quantity,800.0,58.8,8000,588
e634a713-233a-4f8d-aac3-5109e1296965,different_values,888,sub_modus_operandi,, Hidden in spare‑tire compartment of a bus (estepe compartment),,hidden in spare‑tire compartment of a bus (estepe compartment)
e634a713-233a-4f8d-aac3-5109e1296965,different_values,888,country,Ecuador,Brazil,ecuador,brazil
e634a713-233a-4f8d-aac3-5109e1296965,different_values,888,department/state,Esmeraldas,Mato Grosso ,esmeraldas,mato grosso
e634a713-233a-4f8d-aac3-5109e1296965,different_values,888,municipality/port,Muisne,General Carneiro ,muisne,general carneiro
e634a713-233a-4f8d-aac3-5109e1296965,different_values,888,transit_1_country,Ecuador,Brazil,ecuador,brazil
e634a713-233a-4f8d-aac3-5109e1296965,different_values,888,transit_1_department/state,Esmeraldas,Mato Grosso ,esmeraldas,mato grosso
e634a713-233a-4f8d-aac3-5109e1296965,different_values,888,transit_1_municipality/port,Muisne,General Carneiro ,muisne,general carneiro
e634a713-233a-4f8d-aac3-5109e1296965,different_values,888,description,"Authorities found 800 kg of cocaine hidden in a coastal stash near the beach in Muisne, Esmeraldas; believed to originate from Colombia; no arrests reported.","A joint operation by the Military Police of Mato Grosso and Goiás intercepted a bus on MT‑110 between General Carneiro and Novo São Joaquim, finding 58.8 kg of cocaine base paste + 36.2 kg of cocaine hydrochloride in the spare tire compartment. Driver arrested, vehicle seized; drugs valued at approx R$ 15 million. ",authorities found 800 kg of cocaine hidden in a coastal stash near the beach in muisne esmeraldas; believed to originate from colombia; no arrests reported,a joint operation by the military police of mato grosso and goiás intercepted a bus on mt‑110 between general carneiro and novo são joaquim finding 588 kg of cocaine base paste + 362 kg of cocaine hydrochloride in the spare tire compartment driver arrested vehicle seized; drugs valued at approx r$ 15 million
e634a713-233a-4f8d-aac3-5109e1296965,different_values,888,source_link,https://www.eluniverso.com/noticias/seguridad/en-muisne-en-el-sur-de-esmeraldas-decomisa-droga-valorada-en-35-millones-nota/,https://g1.globo.com/mt/mato-grosso/noticia/2025/09/20/mais-de-90-kg-de-drogas-sao-encontrados-escondidos-no-lugar-de-estepe-de-onibus-em-mt.ghtml,https://wwweluniversocom/noticias/seguridad/en-muisne-en-el-sur-de-esmeraldas-decomisa-droga-valorada-en-35-millones-nota/,https://g1globocom/mt/mato-grosso/noticia/2025/09/20/mais-de-90-kg-de-drogas-sao-encontrados-escondidos-no-lugar-de-estepe-de-onibus-em-mtghtml
e634a713-233a-4f8d-aac3-5109e1296965,different_values,888,archived_link,Archived Link - Ecuador,Archived Link - Brazil,archived link - ecuador,archived link - brazil
b34f2cd0-876d-441e-8036-5525cdec0118,different_values,889,date_1,2025-09-19,2025-09-19 00:00:00,2025-09-19,2025-09-19 00:00:00
b34f2cd0-876d-441e-8036-5525cdec0118,different_values,889,drug_type,Cocaine Base,Cocaine,cocaine base,cocaine
b34f2cd0-876d-441e-8036-5525cdec0118,different_values,889,quantity,58.8,36.2,588,362
aaf75754-185c-48e1-afb4-505f8916ea5c,different_values,890,date_1,2025-09-19,2025-09-21 00:00:00,2025-09-19,2025-09-21 00:00:00
aaf75754-185c-48e1-afb4-505f8916ea5c,different_values,890,day,19,21,19,21
aaf75754-185c-48e1-afb4-505f8916ea5c,different_values,890,quantity,36.2,140.0,362,1400
aaf75754-185c-48e1-afb4-505f8916ea5c,different_values,890,weight_unit,Kilogram,Package,kilogram,package
aaf75754-185c-48e1-afb4-505f8916ea5c,different_values,890,modus_operandi/place_seizure,Land,River vessel,land,river vessel
aaf75754-185c-48e1-afb4-505f8916ea5c,different_values,890,sub_modus_operandi, Hidden in spare‑tire compartment of a bus (estepe compartment),Hidden in false bottom of a boat,hidden in spare‑tire compartment of a bus (estepe compartment),hidden in false bottom of a boat
aaf75754-185c-48e1-afb4-505f8916ea5c,different_values,890,department/state,Mato Grosso ,Pará,mato grosso,pará
aaf75754-185c-48e1-afb4-505f8916ea5c,different_values,890,municipality/port,General Carneiro , Salinópolis,general carneiro,salinópolis
aaf75754-185c-48e1-afb4-505f8916ea5c,different_values,890,transit_1_department/state,Mato Grosso ,Pará,mato grosso,pará
aaf75754-185c-48e1-afb4-505f8916ea5c,different_values,890,transit_1_municipality/port,General Carneiro , Salinópolis,general carneiro,salinópolis
aaf75754-185c-48e1-afb4-505f8916ea5c,different_values,890,description,"A joint operation by the Military Police of Mato Grosso and Goiás intercepted a bus on MT‑110 between General Carneiro and Novo São Joaquim, finding 58.8 kg of cocaine base paste + 36.2 kg of cocaine hydrochloride in the spare tire compartment. Driver arrested, vehicle seized; drugs valued at approx R$ 15 million. ","Police seized 120 cocaine tablets hidden in a boat's false bottom in Salinópolis, Pará; no arrests reported. ",a joint operation by the military police of mato grosso and goiás intercepted a bus on mt‑110 between general carneiro and novo são joaquim finding 588 kg of cocaine base paste + 362 kg of cocaine hydrochloride in the spare tire compartment driver arrested vehicle seized; drugs valued at approx r$ 15 million,police seized 120 cocaine tablets hidden in a boat's false bottom in salinópolis pará; no arrests reported
aaf75754-185c-48e1-afb4-505f8916ea5c,different_values,890,source_link,https://g1.globo.com/mt/mato-grosso/noticia/2025/09/20/mais-de-90-kg-de-drogas-sao-encontrados-escondidos-no-lugar-de-estepe-de-onibus-em-mt.ghtml,https://g1.globo.com/pa/para/noticia/2025/09/21/policia-apreende-120-tabletes-de-cocaina-escondidos-em-fundo-falso-de-barco-em-salinopolis.ghtml,https://g1globocom/mt/mato-grosso/noticia/2025/09/20/mais-de-90-kg-de-drogas-sao-encontrados-escondidos-no-lugar-de-estepe-de-onibus-em-mtghtml,https://g1globocom/pa/para/noticia/2025/09/21/policia-apreende-120-tabletes-de-cocaina-escondidos-em-fundo-falso-de-barco-em-salinopolisghtml
0e55dd95-0ac8-4bcf-8b6d-6fb9644558c3,different_values,891,date_1,2025-09-21,2025-09-22 00:00:00,2025-09-21,2025-09-22 00:00:00
0e55dd95-0ac8-4bcf-8b6d-6fb9644558c3,different_values,891,day,21,22,21,22
0e55dd95-0ac8-4bcf-8b6d-6fb9644558c3,different_values,891,quantity,140.0,200.0,1400,2000
0e55dd95-0ac8-4bcf-8b6d-6fb9644558c3,different_values,891,weight_unit,Package,Kilogram,package,kilogram
0e55dd95-0ac8-4bcf-8b6d-6fb9644558c3,different_values,891,modus_operandi/place_seizure,River vessel,Land,river vessel,land
0e55dd95-0ac8-4bcf-8b6d-6fb9644558c3,different_values,891,sub_modus_operandi,Hidden in false bottom of a boat,vehicle inspection,hidden in false bottom of a boat,vehicle inspection
0e55dd95-0ac8-4bcf-8b6d-6fb9644558c3,different_values,891,country,Brazil,Colombia,brazil,colombia
0e55dd95-0ac8-4bcf-8b6d-6fb9644558c3,different_values,891,department/state,Pará,Norte de Santander,pará,norte de santander
0e55dd95-0ac8-4bcf-8b6d-6fb9644558c3,different_values,891,municipality/port, Salinópolis,Ocaña,salinópolis,ocaña
0e55dd95-0ac8-4bcf-8b6d-6fb9644558c3,different_values,891,origin_country,,Colombia,,colombia
0e55dd95-0ac8-4bcf-8b6d-6fb9644558c3,different_values,891,origin_area,,Norte de Santander,,norte de santander
0e55dd95-0ac8-4bcf-8b6d-6fb9644558c3,different_values,891,origin_municipality,,Ocaña,,ocaña
0e55dd95-0ac8-4bcf-8b6d-6fb9644558c3,different_values,891,transit_1_region,South America,,south america,
0e55dd95-0ac8-4bcf-8b6d-6fb9644558c3,different_values,891,transit_1_country,Brazil,,brazil,
0e55dd95-0ac8-4bcf-8b6d-6fb9644558c3,different_values,891,transit_1_department/state,Pará,,pará,
0e55dd95-0ac8-4bcf-8b6d-6fb9644558c3,different_values,891,transit_1_municipality/port, Salinópolis,,salinópolis,
0e55dd95-0ac8-4bcf-8b6d-6fb9644558c3,different_values,891,description,"Police seized 120 cocaine tablets hidden in a boat's false bottom in Salinópolis, Pará; no arrests reported. ","Authorities seized 200 kg of cocaine hidden in a truck in Ocaña, Norte de Santander; believed to belong to the ELN; no arrests reported.",police seized 120 cocaine tablets hidden in a boat's false bottom in salinópolis pará; no arrests reported,authorities seized 200 kg of cocaine hidden in a truck in ocaña norte de santander; believed to belong to the eln; no arrests reported
0e55dd95-0ac8-4bcf-8b6d-6fb9644558c3,different_values,891,criminal_group_1,,ELN,,eln
0e55dd95-0ac8-4bcf-8b6d-6fb9644558c3,different_values,891,source_link,https://g1.globo.com/pa/para/noticia/2025/09/21/policia-apreende-120-tabletes-de-cocaina-escondidos-em-fundo-falso-de-barco-em-salinopolis.ghtml,https://www.laopinion.co/judicial/cae-cargamento-de-cocaina-en-ocana-que-perteneceria-al-eln,https://g1globocom/pa/para/noticia/2025/09/21/policia-apreende-120-tabletes-de-cocaina-escondidos-em-fundo-falso-de-barco-em-salinopolisghtml,https://wwwlaopinionco/judicial/cae-cargamento-de-cocaina-en-ocana-que-perteneceria-al-eln
0e55dd95-0ac8-4bcf-8b6d-6fb9644558c3,different_values,891,archived_link,Archived Link - Brazil,Archived Link - Colombia,archived link - brazil,archived link - colombia
ff54c627-5c66-4a0b-98af-176ec64e5249,different_values,892,date_1,2025-09-22,2025-09-20 00:00:00,2025-09-22,2025-09-20 00:00:00
ff54c627-5c66-4a0b-98af-176ec64e5249,different_values,892,day,22,20,22,20
ff54c627-5c66-4a0b-98af-176ec64e5249,different_values,892,quantity,200.0,11.0,2000,110
ff54c627-5c66-4a0b-98af-176ec64e5249,different_values,892,sub_modus_operandi,vehicle inspection,Hidden in a farm warehouse; no arrests reported,vehicle inspection,hidden in a farm warehouse; no arrests reported
ff54c627-5c66-4a0b-98af-176ec64e5249,different_values,892,department/state,Norte de Santander,Tolima,norte de santander,tolima
ff54c627-5c66-4a0b-98af-176ec64e5249,different_values,892,municipality/port,Ocaña,Falan,ocaña,falan
ff54c627-5c66-4a0b-98af-176ec64e5249,different_values,892,origin_country,Colombia,,colombia,
ff54c627-5c66-4a0b-98af-176ec64e5249,different_values,892,origin_area,Norte de Santander,,norte de santander,
ff54c627-5c66-4a0b-98af-176ec64e5249,different_values,892,origin_municipality,Ocaña,,ocaña,
ff54c627-5c66-4a0b-98af-176ec64e5249,different_values,892,transit_1_region,,South America,,south america
ff54c627-5c66-4a0b-98af-176ec64e5249,different_values,892,transit_1_country,,Colombia,,colombia
ff54c627-5c66-4a0b-98af-176ec64e5249,different_values,892,transit_1_department/state,,Tolima,,tolima
ff54c627-5c66-4a0b-98af-176ec64e5249,different_values,892,transit_1_municipality/port,,Falan,,falan
ff54c627-5c66-4a0b-98af-176ec64e5249,different_values,892,description,"Authorities seized 200 kg of cocaine hidden in a truck in Ocaña, Norte de Santander; believed to belong to the ELN; no arrests reported.","Authorities seized 11 kg of cocaine and 198 kg of marijuana in a farm warehouse in Falan, Tolima; believed to belong to the criminal group 'La Línea'; no arrests reported. ",authorities seized 200 kg of cocaine hidden in a truck in ocaña norte de santander; believed to belong to the eln; no arrests reported,authorities seized 11 kg of cocaine and 198 kg of marijuana in a farm warehouse in falan tolima; believed to belong to the criminal group 'la línea'; no arrests reported
ff54c627-5c66-4a0b-98af-176ec64e5249,different_values,892,criminal_group_1,ELN,La Línea,eln,la línea
ff54c627-5c66-4a0b-98af-176ec64e5249,different_values,892,source_link,https://www.laopinion.co/judicial/cae-cargamento-de-cocaina-en-ocana-que-perteneceria-al-eln,https://caracol.com.co/2025/09/20/incautan-cargamento-de-estupefacientes-avaluado-en-cerca-de-750-millones-en-el-tolima/,https://wwwlaopinionco/judicial/cae-cargamento-de-cocaina-en-ocana-que-perteneceria-al-eln,https://caracolcomco/2025/09/20/incautan-cargamento-de-estupefacientes-avaluado-en-cerca-de-750-millones-en-el-tolima/
f751dbe9-ee6f-4c2d-9996-6e10fb59f98c,different_values,893,date_1,2025-09-20,2025-09-20 00:00:00,2025-09-20,2025-09-20 00:00:00
f751dbe9-ee6f-4c2d-9996-6e10fb59f98c,different_values,893,quantity,11.0,44.0,110,440
f751dbe9-ee6f-4c2d-9996-6e10fb59f98c,different_values,893,weight_unit,Kilogram,Package,kilogram,package
f751dbe9-ee6f-4c2d-9996-6e10fb59f98c,different_values,893,modus_operandi/place_seizure,Land,Maritime vessel,land,maritime vessel
f751dbe9-ee6f-4c2d-9996-6e10fb59f98c,different_values,893,sub_modus_operandi,Hidden in a farm warehouse; no arrests reported,,hidden in a farm warehouse; no arrests reported,
f751dbe9-ee6f-4c2d-9996-6e10fb59f98c,different_values,893,country,Colombia,Ecuador,colombia,ecuador
f751dbe9-ee6f-4c2d-9996-6e10fb59f98c,different_values,893,department/state,Tolima,Galápagos,tolima,galápagos
f751dbe9-ee6f-4c2d-9996-6e10fb59f98c,different_values,893,municipality/port,Falan,,falan,
f751dbe9-ee6f-4c2d-9996-6e10fb59f98c,different_values,893,transit_1_country,Colombia,Ecuador,colombia,ecuador
f751dbe9-ee6f-4c2d-9996-6e10fb59f98c,different_values,893,transit_1_department/state,Tolima,Galapagos,tolima,galapagos
f751dbe9-ee6f-4c2d-9996-6e10fb59f98c,different_values,893,transit_1_municipality/port,Falan,,falan,
f751dbe9-ee6f-4c2d-9996-6e10fb59f98c,different_values,893,description,"Authorities seized 11 kg of cocaine and 198 kg of marijuana in a farm warehouse in Falan, Tolima; believed to belong to the criminal group 'La Línea'; no arrests reported. ",Ecuador's Navy intercepted 44 drug-laden bales in international waters southeast of the Galápagos EEZ; no arrests or further details provided.,authorities seized 11 kg of cocaine and 198 kg of marijuana in a farm warehouse in falan tolima; believed to belong to the criminal group 'la línea'; no arrests reported,ecuador's navy intercepted 44 drug-laden bales in international waters southeast of the galápagos eez; no arrests or further details provided
f751dbe9-ee6f-4c2d-9996-6e10fb59f98c,different_values,893,criminal_group_1,La Línea,,la línea,
f751dbe9-ee6f-4c2d-9996-6e10fb59f98c,different_values,893,source_link,https://caracol.com.co/2025/09/20/incautan-cargamento-de-estupefacientes-avaluado-en-cerca-de-750-millones-en-el-tolima/,https://www.eluniverso.com/noticias/ecuador/galapagos-incautacion-de-droga-en-alta-mar-44-bultos-septiembre-2025-nota/?outputType=amp,https://caracolcomco/2025/09/20/incautan-cargamento-de-estupefacientes-avaluado-en-cerca-de-750-millones-en-el-tolima/,https://wwweluniversocom/noticias/ecuador/galapagos-incautacion-de-droga-en-alta-mar-44-bultos-septiembre-2025-nota/?outputtype=amp
f751dbe9-ee6f-4c2d-9996-6e10fb59f98c,different_values,893,archived_link,Archived Link - Colombia,Archived Link - Ecuador,archived link - colombia,archived link - ecuador
2fde7bef-ced9-4e44-9209-843d88f9e7e3,different_values,894,date_1,2025-09-20,2025-09-19 00:00:00,2025-09-20,2025-09-19 00:00:00
2fde7bef-ced9-4e44-9209-843d88f9e7e3,different_values,894,day,20,19,20,19
2fde7bef-ced9-4e44-9209-843d88f9e7e3,different_values,894,quantity,44.0,1515.0,440,15150
2fde7bef-ced9-4e44-9209-843d88f9e7e3,different_values,894,weight_unit,Package,Kilogram,package,kilogram
2fde7bef-ced9-4e44-9209-843d88f9e7e3,different_values,894,modus_operandi/place_seizure,Maritime vessel,Container,maritime vessel,container
2fde7bef-ced9-4e44-9209-843d88f9e7e3,different_values,894,sub_modus_operandi,,Hidden among boxes of bananas in a container aboard the ship ‘Cool Emerald’ bound for San Petersburgo,,hidden among boxes of bananas in a container aboard the ship ‘cool emerald’ bound for san petersburgo
2fde7bef-ced9-4e44-9209-843d88f9e7e3,different_values,894,region,South America,Europe,south america,europe
2fde7bef-ced9-4e44-9209-843d88f9e7e3,different_values,894,country,Ecuador,Russia,ecuador,russia
2fde7bef-ced9-4e44-9209-843d88f9e7e3,different_values,894,department/state,Galápagos,San Petersburgo,galápagos,san petersburgo
2fde7bef-ced9-4e44-9209-843d88f9e7e3,different_values,894,transit_1_department/state,Galapagos,,galapagos,
2fde7bef-ced9-4e44-9209-843d88f9e7e3,different_values,894,destination_1_region,,Europe,,europe
2fde7bef-ced9-4e44-9209-843d88f9e7e3,different_values,894,destination_1_country,,Russia,,russia
2fde7bef-ced9-4e44-9209-843d88f9e7e3,different_values,894,destination_1_department/state,,San Petersburgo,,san petersburgo
2fde7bef-ced9-4e44-9209-843d88f9e7e3,different_values,894,description,Ecuador's Navy intercepted 44 drug-laden bales in international waters southeast of the Galápagos EEZ; no arrests or further details provided.,"This seizure involves 1.5 metric tons (1,515 kg net, 1,750 kg gross) of cocaine concealed in a shipment of bananas from Ecuador aboard the ship *Cool Emerald*, intercepted at San Petersburgo; valued at approx USD 250 million",ecuador's navy intercepted 44 drug-laden bales in international waters southeast of the galápagos eez; no arrests or further details provided,this seizure involves 15 metric tons (1515 kg net 1750 kg gross) of cocaine concealed in a shipment of bananas from ecuador aboard the ship *cool emerald* intercepted at san petersburgo; valued at approx usd 250 million
2fde7bef-ced9-4e44-9209-843d88f9e7e3,different_values,894,source_link,https://www.eluniverso.com/noticias/ecuador/galapagos-incautacion-de-droga-en-alta-mar-44-bultos-septiembre-2025-nota/?outputType=amp,https://www.ecuavisa.com/noticias/seguridad/decomiso-cocaina-rusia-banano-FE10143868,https://wwweluniversocom/noticias/ecuador/galapagos-incautacion-de-droga-en-alta-mar-44-bultos-septiembre-2025-nota/?outputtype=amp,https://wwwecuavisacom/noticias/seguridad/decomiso-cocaina-rusia-banano-fe10143868
2fde7bef-ced9-4e44-9209-843d88f9e7e3,different_values,894,archived_link,Archived Link - Ecuador,Archived Link - Russia,archived link - ecuador,archived link - russia
061eab0f-91ea-4a60-8dce-940df1c4adb6,different_values,895,date_1,2025-09-19,2025-09-22 00:00:00,2025-09-19,2025-09-22 00:00:00
061eab0f-91ea-4a60-8dce-940df1c4adb6,different_values,895,day,19,22,19,22
061eab0f-91ea-4a60-8dce-940df1c4adb6,different_values,895,quantity,1515.0,320.0,15150,3200
061eab0f-91ea-4a60-8dce-940df1c4adb6,different_values,895,modus_operandi/place_seizure,Container,Land,container,land
061eab0f-91ea-4a60-8dce-940df1c4adb6,different_values,895,sub_modus_operandi,Hidden among boxes of bananas in a container aboard the ship ‘Cool Emerald’ bound for San Petersburgo,,hidden among boxes of bananas in a container aboard the ship ‘cool emerald’ bound for san petersburgo,
061eab0f-91ea-4a60-8dce-940df1c4adb6,different_values,895,region,Europe,South America,europe,south america
061eab0f-91ea-4a60-8dce-940df1c4adb6,different_values,895,country,Russia,Brazil,russia,brazil
061eab0f-91ea-4a60-8dce-940df1c4adb6,different_values,895,department/state,San Petersburgo,Mato Grosso do Sul,san petersburgo,mato grosso do sul
061eab0f-91ea-4a60-8dce-940df1c4adb6,different_values,895,transit_1_country,Ecuador,Brazil,ecuador,brazil
061eab0f-91ea-4a60-8dce-940df1c4adb6,different_values,895,transit_1_department/state,,Mato Grosso do Sul,,mato grosso do sul
061eab0f-91ea-4a60-8dce-940df1c4adb6,different_values,895,destination_1_region,Europe,,europe,
061eab0f-91ea-4a60-8dce-940df1c4adb6,different_values,895,destination_1_country,Russia,,russia,
061eab0f-91ea-4a60-8dce-940df1c4adb6,different_values,895,destination_1_department/state,San Petersburgo,,san petersburgo,
061eab0f-91ea-4a60-8dce-940df1c4adb6,different_values,895,description,"This seizure involves 1.5 metric tons (1,515 kg net, 1,750 kg gross) of cocaine concealed in a shipment of bananas from Ecuador aboard the ship *Cool Emerald*, intercepted at San Petersburgo; valued at approx USD 250 million", A cargo of 320 kg of cocaine was found concealed in a false compartment in a trailer in Mato Grosso do Sul; article does not specify the exact municipality or route.,this seizure involves 15 metric tons (1515 kg net 1750 kg gross) of cocaine concealed in a shipment of bananas from ecuador aboard the ship *cool emerald* intercepted at san petersburgo; valued at approx usd 250 million,a cargo of 320 kg of cocaine was found concealed in a false compartment in a trailer in mato grosso do sul; article does not specify the exact municipality or route
061eab0f-91ea-4a60-8dce-940df1c4adb6,different_values,895,source_link,https://www.ecuavisa.com/noticias/seguridad/decomiso-cocaina-rusia-banano-FE10143868,https://g1.globo.com/ms/mato-grosso-do-sul/noticia/2025/09/22/carga-de-320-kg-de-cocaina-e-encontrada-em-fundo-falso-de-carreta-em-ms.ghtml,https://wwwecuavisacom/noticias/seguridad/decomiso-cocaina-rusia-banano-fe10143868,https://g1globocom/ms/mato-grosso-do-sul/noticia/2025/09/22/carga-de-320-kg-de-cocaina-e-encontrada-em-fundo-falso-de-carreta-em-msghtml
061eab0f-91ea-4a60-8dce-940df1c4adb6,different_values,895,archived_link,Archived Link - Russia,Archived Link - Brazil,archived link - russia,archived link - brazil
f27ddd20-68d8-4951-847e-d9644b172f05,different_values,896,date_1,2025-09-22,2025-09-20 00:00:00,2025-09-22,2025-09-20 00:00:00
f27ddd20-68d8-4951-847e-d9644b172f05,different_values,896,day,22,20,22,20
f27ddd20-68d8-4951-847e-d9644b172f05,different_values,896,quantity,320.0,21.0,3200,210
f27ddd20-68d8-4951-847e-d9644b172f05,different_values,896,municipality/port,,Bataguassu,,bataguassu
f27ddd20-68d8-4951-847e-d9644b172f05,different_values,896,transit_1_municipality/port,,Bataguassu,,bataguassu
f27ddd20-68d8-4951-847e-d9644b172f05,different_values,896,description, A cargo of 320 kg of cocaine was found concealed in a false compartment in a trailer in Mato Grosso do Sul; article does not specify the exact municipality or route.,The Brazilian Federal Highway Police (PRF) seized 21 kg of cocaine inside a VW Saveiro in Bataguassu. The driver said he had been hired in Ponta Porã (MS) to deliver the drug to Presidente Epitácio (SP),a cargo of 320 kg of cocaine was found concealed in a false compartment in a trailer in mato grosso do sul; article does not specify the exact municipality or route,the brazilian federal highway police (prf) seized 21 kg of cocaine inside a vw saveiro in bataguassu the driver said he had been hired in ponta porã (ms) to deliver the drug to presidente epitácio (sp)
f27ddd20-68d8-4951-847e-d9644b172f05,different_values,896,source_link,https://g1.globo.com/ms/mato-grosso-do-sul/noticia/2025/09/22/carga-de-320-kg-de-cocaina-e-encontrada-em-fundo-falso-de-carreta-em-ms.ghtml,https://www.gov.br/prf/pt-br/noticias/estaduais/mato-grosso-do-sul/2025/setembro/prf-apreende-21-kg-de-cocaina-em-bataguassu-ms,https://g1globocom/ms/mato-grosso-do-sul/noticia/2025/09/22/carga-de-320-kg-de-cocaina-e-encontrada-em-fundo-falso-de-carreta-em-msghtml,https://wwwgovbr/prf/pt-br/noticias/estaduais/mato-grosso-do-sul/2025/setembro/prf-apreende-21-kg-de-cocaina-em-bataguassu-ms
4d4b2e12-6ee5-4e3b-8e21-e84e862bd04b,different_values,897,date_1,2025-09-20,2025-09-22 00:00:00,2025-09-20,2025-09-22 00:00:00
4d4b2e12-6ee5-4e3b-8e21-e84e862bd04b,different_values,897,day,20,22,20,22
4d4b2e12-6ee5-4e3b-8e21-e84e862bd04b,different_values,897,quantity,21.0,30.0,210,300
4d4b2e12-6ee5-4e3b-8e21-e84e862bd04b,different_values,897,department/state,Mato Grosso do Sul,Sao Paulo,mato grosso do sul,sao paulo
4d4b2e12-6ee5-4e3b-8e21-e84e862bd04b,different_values,897,municipality/port,Bataguassu,Várzea Paulista,bataguassu,várzea paulista
4d4b2e12-6ee5-4e3b-8e21-e84e862bd04b,different_values,897,transit_1_department/state,Mato Grosso do Sul,Sao Paulo,mato grosso do sul,sao paulo
4d4b2e12-6ee5-4e3b-8e21-e84e862bd04b,different_values,897,transit_1_municipality/port,Bataguassu,Várzea Paulista,bataguassu,várzea paulista
4d4b2e12-6ee5-4e3b-8e21-e84e862bd04b,different_values,897,description,The Brazilian Federal Highway Police (PRF) seized 21 kg of cocaine inside a VW Saveiro in Bataguassu. The driver said he had been hired in Ponta Porã (MS) to deliver the drug to Presidente Epitácio (SP),"Police seized approximately 30 kg of cocaine and materials used to produce counterfeit alcoholic beverages during a raid on a residence in Várzea Paulista, SP.",the brazilian federal highway police (prf) seized 21 kg of cocaine inside a vw saveiro in bataguassu the driver said he had been hired in ponta porã (ms) to deliver the drug to presidente epitácio (sp),police seized approximately 30 kg of cocaine and materials used to produce counterfeit alcoholic beverages during a raid on a residence in várzea paulista sp
4d4b2e12-6ee5-4e3b-8e21-e84e862bd04b,different_values,897,source_link,https://www.gov.br/prf/pt-br/noticias/estaduais/mato-grosso-do-sul/2025/setembro/prf-apreende-21-kg-de-cocaina-em-bataguassu-ms,https://g1.globo.com/sp/sorocaba-jundiai/noticia/2025/09/22/policia-apreende-drogas-e-materiais-para-fabricacao-de-bebidas-falsificadas-em-varzea-paulista.ghtml,https://wwwgovbr/prf/pt-br/noticias/estaduais/mato-grosso-do-sul/2025/setembro/prf-apreende-21-kg-de-cocaina-em-bataguassu-ms,https://g1globocom/sp/sorocaba-jundiai/noticia/2025/09/22/policia-apreende-drogas-e-materiais-para-fabricacao-de-bebidas-falsificadas-em-varzea-paulistaghtml
44ce47bc-3c6f-4d39-9aab-27a3372491e4,different_values,898,date_1,2025-09-22,2025-09-22 00:00:00,2025-09-22,2025-09-22 00:00:00
44ce47bc-3c6f-4d39-9aab-27a3372491e4,different_values,898,quantity,30.0,20.0,300,200
44ce47bc-3c6f-4d39-9aab-27a3372491e4,different_values,898,weight_unit,Kilogram,Package,kilogram,package
44ce47bc-3c6f-4d39-9aab-27a3372491e4,different_values,898,country,Brazil,Bolivia,brazil,bolivia
44ce47bc-3c6f-4d39-9aab-27a3372491e4,different_values,898,department/state,Sao Paulo,,sao paulo,
44ce47bc-3c6f-4d39-9aab-27a3372491e4,different_values,898,municipality/port,Várzea Paulista,,várzea paulista,
44ce47bc-3c6f-4d39-9aab-27a3372491e4,different_values,898,transit_1_country,Brazil,Bolivia,brazil,bolivia
44ce47bc-3c6f-4d39-9aab-27a3372491e4,different_values,898,transit_1_department/state,Sao Paulo,,sao paulo,
44ce47bc-3c6f-4d39-9aab-27a3372491e4,different_values,898,transit_1_municipality/port,Várzea Paulista,,várzea paulista,
44ce47bc-3c6f-4d39-9aab-27a3372491e4,different_values,898,description,"Police seized approximately 30 kg of cocaine and materials used to produce counterfeit alcoholic beverages during a raid on a residence in Várzea Paulista, SP.",The FELCN intercepted a truck on the La Paz–Tarija highway and found 20 packages of high‑purity cocaine camouflaged inside oatmeal boxes among other consignments.,police seized approximately 30 kg of cocaine and materials used to produce counterfeit alcoholic beverages during a raid on a residence in várzea paulista sp,the felcn intercepted a truck on the la paz–tarija highway and found 20 packages of high‑purity cocaine camouflaged inside oatmeal boxes among other consignments
44ce47bc-3c6f-4d39-9aab-27a3372491e4,different_values,898,source_link,https://g1.globo.com/sp/sorocaba-jundiai/noticia/2025/09/22/policia-apreende-drogas-e-materiais-para-fabricacao-de-bebidas-falsificadas-em-varzea-paulista.ghtml,https://eldeber.com.bo/pais/felcn-incauta-cocaina-camuflada-en-paquetes-de-avena-en-la-carretera-la-paz-tarija_530954/,https://g1globocom/sp/sorocaba-jundiai/noticia/2025/09/22/policia-apreende-drogas-e-materiais-para-fabricacao-de-bebidas-falsificadas-em-varzea-paulistaghtml,https://eldebercombo/pais/felcn-incauta-cocaina-camuflada-en-paquetes-de-avena-en-la-carretera-la-paz-tarija_530954/
44ce47bc-3c6f-4d39-9aab-27a3372491e4,different_values,898,archived_link,Archived Link - Brazil,Archived Link - Bolivia,archived link - brazil,archived link - bolivia
f9797096-1c2c-4224-a7cd-dbd8a65f7ae9,different_values,899,date_1,2025-09-22,2025-09-22 00:00:00,2025-09-22,2025-09-22 00:00:00
f9797096-1c2c-4224-a7cd-dbd8a65f7ae9,different_values,899,quantity,20.0,360.0,200,3600
f9797096-1c2c-4224-a7cd-dbd8a65f7ae9,different_values,899,weight_unit,Package,Kilogram,package,kilogram
f9797096-1c2c-4224-a7cd-dbd8a65f7ae9,different_values,899,modus_operandi/place_seizure,Land,Maritime vessel,land,maritime vessel
f9797096-1c2c-4224-a7cd-dbd8a65f7ae9,different_values,899,region,South America,Central America,south america,central america
f9797096-1c2c-4224-a7cd-dbd8a65f7ae9,different_values,899,country,Bolivia,El Salvador,bolivia,el salvador
f9797096-1c2c-4224-a7cd-dbd8a65f7ae9,different_values,899,department/state,,Sonsonate,,sonsonate
f9797096-1c2c-4224-a7cd-dbd8a65f7ae9,different_values,899,transit_1_region,South America,Central America,south america,central america
f9797096-1c2c-4224-a7cd-dbd8a65f7ae9,different_values,899,transit_1_country,Bolivia,Nicaragua,bolivia,nicaragua
f9797096-1c2c-4224-a7cd-dbd8a65f7ae9,different_values,899,transit_2_region,,Central America,,central america
f9797096-1c2c-4224-a7cd-dbd8a65f7ae9,different_values,899,transit_2_country,,El Salvador,,el salvador
f9797096-1c2c-4224-a7cd-dbd8a65f7ae9,different_values,899,transit_2_department/state,,Sonsonate,,sonsonate
f9797096-1c2c-4224-a7cd-dbd8a65f7ae9,different_values,899,description,The FELCN intercepted a truck on the La Paz–Tarija highway and found 20 packages of high‑purity cocaine camouflaged inside oatmeal boxes among other consignments.,"~360 kg of cocaine seized in maritime interception, valued at US$ 9 million; origin reported as Nicaragua.",the felcn intercepted a truck on the la paz–tarija highway and found 20 packages of high‑purity cocaine camouflaged inside oatmeal boxes among other consignments,~360 kg of cocaine seized in maritime interception valued at us$ 9 million; origin reported as nicaragua
f9797096-1c2c-4224-a7cd-dbd8a65f7ae9,different_values,899,source_link,https://eldeber.com.bo/pais/felcn-incauta-cocaina-camuflada-en-paquetes-de-avena-en-la-carretera-la-paz-tarija_530954/,https://diario.elmundo.sv/nacionales/incautan-cocaina-valorada-en-9-millones-proveniente-de-nicaragua,https://eldebercombo/pais/felcn-incauta-cocaina-camuflada-en-paquetes-de-avena-en-la-carretera-la-paz-tarija_530954/,https://diarioelmundosv/nacionales/incautan-cocaina-valorada-en-9-millones-proveniente-de-nicaragua
f9797096-1c2c-4224-a7cd-dbd8a65f7ae9,different_values,899,archived_link,Archived Link - Bolivia,Archived Link - El Salvador,archived link - bolivia,archived link - el salvador
17dd3ead-abe0-45b5-a600-ff4410f3b59d,different_values,900,date_1,2025-09-22,2025-09-23 00:00:00,2025-09-22,2025-09-23 00:00:00
17dd3ead-abe0-45b5-a600-ff4410f3b59d,different_values,900,day,22,23,22,23
17dd3ead-abe0-45b5-a600-ff4410f3b59d,different_values,900,quantity,360.0,2.8,3600,28
17dd3ead-abe0-45b5-a600-ff4410f3b59d,different_values,900,modus_operandi/place_seizure,Maritime vessel,Air,maritime vessel,air
17dd3ead-abe0-45b5-a600-ff4410f3b59d,different_values,900,region,Central America,South America,central america,south america
17dd3ead-abe0-45b5-a600-ff4410f3b59d,different_values,900,country,El Salvador,Bolivia,el salvador,bolivia
17dd3ead-abe0-45b5-a600-ff4410f3b59d,different_values,900,department/state,Sonsonate,Santa Cruz,sonsonate,santa cruz
17dd3ead-abe0-45b5-a600-ff4410f3b59d,different_values,900,municipality/port,,Santa Cruz de la Sierra,,santa cruz de la sierra
17dd3ead-abe0-45b5-a600-ff4410f3b59d,different_values,900,transit_1_region,Central America,South America,central america,south america
17dd3ead-abe0-45b5-a600-ff4410f3b59d,different_values,900,transit_1_country,Nicaragua,Bolivia,nicaragua,bolivia
17dd3ead-abe0-45b5-a600-ff4410f3b59d,different_values,900,transit_1_department/state,,Santa Cruz,,santa cruz
17dd3ead-abe0-45b5-a600-ff4410f3b59d,different_values,900,transit_1_municipality/port,,Santa Cruz de la Sierra,,santa cruz de la sierra
17dd3ead-abe0-45b5-a600-ff4410f3b59d,different_values,900,transit_2_region,Central America,,central america,
17dd3ead-abe0-45b5-a600-ff4410f3b59d,different_values,900,transit_2_country,El Salvador,,el salvador,
17dd3ead-abe0-45b5-a600-ff4410f3b59d,different_values,900,transit_2_department/state,Sonsonate,,sonsonate,
17dd3ead-abe0-45b5-a600-ff4410f3b59d,different_values,900,description,"~360 kg of cocaine seized in maritime interception, valued at US$ 9 million; origin reported as Nicaragua.","CAN antidrogas and anti-narcotics dog ""Urox"" detected 2.8 kg of cocaine hidden in wooden Bible holders in a parcel at Viru Viru Airport. ",~360 kg of cocaine seized in maritime interception valued at us$ 9 million; origin reported as nicaragua,"can antidrogas and anti-narcotics dog ""urox"" detected 28 kg of cocaine hidden in wooden bible holders in a parcel at viru viru airport"
17dd3ead-abe0-45b5-a600-ff4410f3b59d,different_values,900,source_link,https://diario.elmundo.sv/nacionales/incautan-cocaina-valorada-en-9-millones-proveniente-de-nicaragua,https://eldeber.com.bo/santa-cruz/can-antidrogas-frena-envio-de-encomienda-de-droga-camuflada-en-porta-biblias-de-madera_531004/,https://diarioelmundosv/nacionales/incautan-cocaina-valorada-en-9-millones-proveniente-de-nicaragua,https://eldebercombo/santa-cruz/can-antidrogas-frena-envio-de-encomienda-de-droga-camuflada-en-porta-biblias-de-madera_531004/
17dd3ead-abe0-45b5-a600-ff4410f3b59d,different_values,900,archived_link,Archived Link - El Salvador,Archived Link - Bolivia,archived link - el salvador,archived link - bolivia
1de6d89b-2040-4e93-8843-7db63be8fef4,different_values,901,date_1,2025-09-23,2025-09-23 00:00:00,2025-09-23,2025-09-23 00:00:00
1de6d89b-2040-4e93-8843-7db63be8fef4,different_values,901,quantity,2.8,2.2,28,22
1de6d89b-2040-4e93-8843-7db63be8fef4,different_values,901,modus_operandi/place_seizure,Air,Land,air,land
1de6d89b-2040-4e93-8843-7db63be8fef4,different_values,901,country,Bolivia,Brazil,bolivia,brazil
1de6d89b-2040-4e93-8843-7db63be8fef4,different_values,901,department/state,Santa Cruz,Rio Grande do Norte,santa cruz,rio grande do norte
1de6d89b-2040-4e93-8843-7db63be8fef4,different_values,901,municipality/port,Santa Cruz de la Sierra,Caicó,santa cruz de la sierra,caicó
1de6d89b-2040-4e93-8843-7db63be8fef4,different_values,901,transit_1_country,Bolivia,Brazil,bolivia,brazil
1de6d89b-2040-4e93-8843-7db63be8fef4,different_values,901,transit_1_department/state,Santa Cruz,Rio Grande do Norte,santa cruz,rio grande do norte
1de6d89b-2040-4e93-8843-7db63be8fef4,different_values,901,transit_1_municipality/port,Santa Cruz de la Sierra,Caicó,santa cruz de la sierra,caicó
1de6d89b-2040-4e93-8843-7db63be8fef4,different_values,901,description,"CAN antidrogas and anti-narcotics dog ""Urox"" detected 2.8 kg of cocaine hidden in wooden Bible holders in a parcel at Viru Viru Airport. ","A man was arrested for transporting 2 kg of crack cocaine in a bus on BR-427; he was paid R$ 2,500 to transport the drugs from Cristalina/GO to João Pessoa/PB.","can antidrogas and anti-narcotics dog ""urox"" detected 28 kg of cocaine hidden in wooden bible holders in a parcel at viru viru airport",a man was arrested for transporting 2 kg of crack cocaine in a bus on br-427; he was paid r$ 2500 to transport the drugs from cristalina/go to joão pessoa/pb
1de6d89b-2040-4e93-8843-7db63be8fef4,different_values,901,source_link,https://eldeber.com.bo/santa-cruz/can-antidrogas-frena-envio-de-encomienda-de-droga-camuflada-en-porta-biblias-de-madera_531004/,https://www.gov.br/prf/pt-br/noticias/estaduais/rio-grande-do-norte/prf-apreende-drogas-em-duas-frentes-durante-operacao-otenarco-2025-no-rn,https://eldebercombo/santa-cruz/can-antidrogas-frena-envio-de-encomienda-de-droga-camuflada-en-porta-biblias-de-madera_531004/,https://wwwgovbr/prf/pt-br/noticias/estaduais/rio-grande-do-norte/prf-apreende-drogas-em-duas-frentes-durante-operacao-otenarco-2025-no-rn
1de6d89b-2040-4e93-8843-7db63be8fef4,different_values,901,archived_link,Archived Link - Bolivia,Archived Link - Brazil,archived link - bolivia,archived link - brazil
2475a418-0da8-4909-aeaf-64bd1b2053b9,different_values,902,date_1,2025-09-23,2025-09-24 00:00:00,2025-09-23,2025-09-24 00:00:00
2475a418-0da8-4909-aeaf-64bd1b2053b9,different_values,902,day,23,24,23,24
2475a418-0da8-4909-aeaf-64bd1b2053b9,different_values,902,drug_type,Cocaine,Cocaine Base,cocaine,cocaine base
2475a418-0da8-4909-aeaf-64bd1b2053b9,different_values,902,quantity,2.2,10.0,22,100
2475a418-0da8-4909-aeaf-64bd1b2053b9,different_values,902,department/state,Rio Grande do Norte,Sao Paulo,rio grande do norte,sao paulo
2475a418-0da8-4909-aeaf-64bd1b2053b9,different_values,902,municipality/port,Caicó,Nova Odessa,caicó,nova odessa
2475a418-0da8-4909-aeaf-64bd1b2053b9,different_values,902,transit_1_department/state,Rio Grande do Norte,Sao Paulo,rio grande do norte,sao paulo
2475a418-0da8-4909-aeaf-64bd1b2053b9,different_values,902,transit_1_municipality/port,Caicó,Nova Odessa,caicó,nova odessa
2475a418-0da8-4909-aeaf-64bd1b2053b9,different_values,902,description,"A man was arrested for transporting 2 kg of crack cocaine in a bus on BR-427; he was paid R$ 2,500 to transport the drugs from Cristalina/GO to João Pessoa/PB.",Police arrested a man in Nova Odessa with 10 kg of base paste cocaine; the drug was found in his home.,a man was arrested for transporting 2 kg of crack cocaine in a bus on br-427; he was paid r$ 2500 to transport the drugs from cristalina/go to joão pessoa/pb,police arrested a man in nova odessa with 10 kg of base paste cocaine; the drug was found in his home
2475a418-0da8-4909-aeaf-64bd1b2053b9,different_values,902,source_link,https://www.gov.br/prf/pt-br/noticias/estaduais/rio-grande-do-norte/prf-apreende-drogas-em-duas-frentes-durante-operacao-otenarco-2025-no-rn,https://g1.globo.com/sp/piracicaba-regiao/noticia/2025/09/24/homem-e-preso-por-trafico-de-drogas-com-10-kg-de-pasta-base-de-cocaina-em-nova-odessa.ghtml,https://wwwgovbr/prf/pt-br/noticias/estaduais/rio-grande-do-norte/prf-apreende-drogas-em-duas-frentes-durante-operacao-otenarco-2025-no-rn,https://g1globocom/sp/piracicaba-regiao/noticia/2025/09/24/homem-e-preso-por-trafico-de-drogas-com-10-kg-de-pasta-base-de-cocaina-em-nova-odessaghtml
5e88e5bf-1426-4e5c-92f2-153c20ac5635,different_values,903,date_1,2025-09-24,2025-09-24 00:00:00,2025-09-24,2025-09-24 00:00:00
5e88e5bf-1426-4e5c-92f2-153c20ac5635,different_values,903,drug_type,Cocaine Base,Cocaine,cocaine base,cocaine
5e88e5bf-1426-4e5c-92f2-153c20ac5635,different_values,903,quantity,10.0,33.0,100,330
5e88e5bf-1426-4e5c-92f2-153c20ac5635,different_values,903,weight_unit,Kilogram,Package,kilogram,package
5e88e5bf-1426-4e5c-92f2-153c20ac5635,different_values,903,region,South America,Central America,south america,central america
5e88e5bf-1426-4e5c-92f2-153c20ac5635,different_values,903,country,Brazil,Panama,brazil,panama
5e88e5bf-1426-4e5c-92f2-153c20ac5635,different_values,903,department/state,Sao Paulo,Panama Oeste,sao paulo,panama oeste
5e88e5bf-1426-4e5c-92f2-153c20ac5635,different_values,903,municipality/port,Nova Odessa,El Limón,nova odessa,el limón
5e88e5bf-1426-4e5c-92f2-153c20ac5635,different_values,903,transit_1_region,South America,Central America,south america,central america
5e88e5bf-1426-4e5c-92f2-153c20ac5635,different_values,903,transit_1_country,Brazil,Panama,brazil,panama
5e88e5bf-1426-4e5c-92f2-153c20ac5635,different_values,903,transit_1_department/state,Sao Paulo,Panama Oeste,sao paulo,panama oeste
5e88e5bf-1426-4e5c-92f2-153c20ac5635,different_values,903,transit_1_municipality/port,Nova Odessa,El Limón,nova odessa,el limón
5e88e5bf-1426-4e5c-92f2-153c20ac5635,different_values,903,description,Police arrested a man in Nova Odessa with 10 kg of base paste cocaine; the drug was found in his home.," Police captured three individuals and seized 33 packages of presumed cocaine buried in a lot used for recycling material in El Limón; two vehicles, cash, and phones were also confiscated.",police arrested a man in nova odessa with 10 kg of base paste cocaine; the drug was found in his home,police captured three individuals and seized 33 packages of presumed cocaine buried in a lot used for recycling material in el limón; two vehicles cash and phones were also confiscated
5e88e5bf-1426-4e5c-92f2-153c20ac5635,different_values,903,source_link,https://g1.globo.com/sp/piracicaba-regiao/noticia/2025/09/24/homem-e-preso-por-trafico-de-drogas-com-10-kg-de-pasta-base-de-cocaina-em-nova-odessa.ghtml,https://www.panamaamerica.com.pa/provincias/capturan-tres-personas-e-incautan-33-paquetes-de-presunta-droga-en-la-chorrera-1253580,https://g1globocom/sp/piracicaba-regiao/noticia/2025/09/24/homem-e-preso-por-trafico-de-drogas-com-10-kg-de-pasta-base-de-cocaina-em-nova-odessaghtml,https://wwwpanamaamericacompa/provincias/capturan-tres-personas-e-incautan-33-paquetes-de-presunta-droga-en-la-chorrera-1253580
5e88e5bf-1426-4e5c-92f2-153c20ac5635,different_values,903,archived_link,Archived Link - Brazil,Archived Link - Panama,archived link - brazil,archived link - panama
90cb66b7-e447-40ab-a5cc-8c4b86fb4488,different_values,904,date_1,2025-09-24,2025-09-24 00:00:00,2025-09-24,2025-09-24 00:00:00
90cb66b7-e447-40ab-a5cc-8c4b86fb4488,different_values,904,quantity,33.0,22.0,330,220
90cb66b7-e447-40ab-a5cc-8c4b86fb4488,different_values,904,weight_unit,Package,Other (explain in Description),package,other (explain in description)
90cb66b7-e447-40ab-a5cc-8c4b86fb4488,different_values,904,modus_operandi/place_seizure,Land,Air,land,air
90cb66b7-e447-40ab-a5cc-8c4b86fb4488,different_values,904,region,Central America,South America,central america,south america
90cb66b7-e447-40ab-a5cc-8c4b86fb4488,different_values,904,country,Panama,Bolivia,panama,bolivia
90cb66b7-e447-40ab-a5cc-8c4b86fb4488,different_values,904,department/state,Panama Oeste,La Paz,panama oeste,la paz
90cb66b7-e447-40ab-a5cc-8c4b86fb4488,different_values,904,municipality/port,El Limón,La Paz,el limón,la paz
90cb66b7-e447-40ab-a5cc-8c4b86fb4488,different_values,904,transit_1_region,Central America,South America,central america,south america
90cb66b7-e447-40ab-a5cc-8c4b86fb4488,different_values,904,transit_1_country,Panama,Bolivia,panama,bolivia
90cb66b7-e447-40ab-a5cc-8c4b86fb4488,different_values,904,transit_1_department/state,Panama Oeste,La Paz,panama oeste,la paz
90cb66b7-e447-40ab-a5cc-8c4b86fb4488,different_values,904,transit_1_municipality/port,El Limón,La Paz,el limón,la paz
90cb66b7-e447-40ab-a5cc-8c4b86fb4488,different_values,904,description," Police captured three individuals and seized 33 packages of presumed cocaine buried in a lot used for recycling material in El Limón; two vehicles, cash, and phones were also confiscated.","CAN ""Venon"" detected high-purity cocaine concealed in 22 sheets inside handbags at El Alto Airport; parcels were destined for Australia and India.",police captured three individuals and seized 33 packages of presumed cocaine buried in a lot used for recycling material in el limón; two vehicles cash and phones were also confiscated,"can ""venon"" detected high-purity cocaine concealed in 22 sheets inside handbags at el alto airport; parcels were destined for australia and india"
90cb66b7-e447-40ab-a5cc-8c4b86fb4488,different_values,904,source_link,https://www.panamaamerica.com.pa/provincias/capturan-tres-personas-e-incautan-33-paquetes-de-presunta-droga-en-la-chorrera-1253580,https://eldeber.com.bo/pais/can-detecta-sustancia-controlada-en-carteras-con-destino-australia-e-india_531164/,https://wwwpanamaamericacompa/provincias/capturan-tres-personas-e-incautan-33-paquetes-de-presunta-droga-en-la-chorrera-1253580,https://eldebercombo/pais/can-detecta-sustancia-controlada-en-carteras-con-destino-australia-e-india_531164/
90cb66b7-e447-40ab-a5cc-8c4b86fb4488,different_values,904,archived_link,Archived Link - Panama,Archived Link - Bolivia,archived link - panama,archived link - bolivia
939b6806-1d63-4131-b7a9-7d6d7aee4ef6,different_values,905,date_1,2025-09-24,2025-09-20 00:00:00,2025-09-24,2025-09-20 00:00:00
939b6806-1d63-4131-b7a9-7d6d7aee4ef6,different_values,905,day,24,20,24,20
939b6806-1d63-4131-b7a9-7d6d7aee4ef6,different_values,905,quantity,22.0,10.0,220,100
939b6806-1d63-4131-b7a9-7d6d7aee4ef6,different_values,905,weight_unit,Other (explain in Description),Kilogram,other (explain in description),kilogram
939b6806-1d63-4131-b7a9-7d6d7aee4ef6,different_values,905,modus_operandi/place_seizure,Air,Land,air,land
939b6806-1d63-4131-b7a9-7d6d7aee4ef6,different_values,905,country,Bolivia,Brazil,bolivia,brazil
939b6806-1d63-4131-b7a9-7d6d7aee4ef6,different_values,905,department/state,La Paz,Goiás ,la paz,goiás
939b6806-1d63-4131-b7a9-7d6d7aee4ef6,different_values,905,municipality/port,La Paz, Montividiu,la paz,montividiu
939b6806-1d63-4131-b7a9-7d6d7aee4ef6,different_values,905,transit_1_country,Bolivia,Brazil,bolivia,brazil
939b6806-1d63-4131-b7a9-7d6d7aee4ef6,different_values,905,transit_1_department/state,La Paz,Goiás ,la paz,goiás
939b6806-1d63-4131-b7a9-7d6d7aee4ef6,different_values,905,transit_1_municipality/port,La Paz, Montividiu,la paz,montividiu
939b6806-1d63-4131-b7a9-7d6d7aee4ef6,different_values,905,description,"CAN ""Venon"" detected high-purity cocaine concealed in 22 sheets inside handbags at El Alto Airport; parcels were destined for Australia and India."," PRF intercepted a truck on BR-364 in Montividiu, Goiás, seizing 10 kg of cocaine within a total of approx. 80 kg of drugs including skunk; driver arrested. ","can ""venon"" detected high-purity cocaine concealed in 22 sheets inside handbags at el alto airport; parcels were destined for australia and india",prf intercepted a truck on br-364 in montividiu goiás seizing 10 kg of cocaine within a total of approx 80 kg of drugs including skunk; driver arrested
939b6806-1d63-4131-b7a9-7d6d7aee4ef6,different_values,905,source_link,https://eldeber.com.bo/pais/can-detecta-sustancia-controlada-en-carteras-con-destino-australia-e-india_531164/,https://www.gov.br/prf/pt-br/noticias/estaduais/goias/2025/setembro/prf-intercepta-cerca-de-80-kg-de-drogas-em-montividiu-go,https://eldebercombo/pais/can-detecta-sustancia-controlada-en-carteras-con-destino-australia-e-india_531164/,https://wwwgovbr/prf/pt-br/noticias/estaduais/goias/2025/setembro/prf-intercepta-cerca-de-80-kg-de-drogas-em-montividiu-go
939b6806-1d63-4131-b7a9-7d6d7aee4ef6,different_values,905,archived_link,Archived Link - Bolivia,Archived Link - Brazil,archived link - bolivia,archived link - brazil
6a11afd3-3370-4645-bc03-5ea4340d0578,different_values,906,date_1,2025-09-20,2025-09-25 00:00:00,2025-09-20,2025-09-25 00:00:00
6a11afd3-3370-4645-bc03-5ea4340d0578,different_values,906,day,20,25,20,25
6a11afd3-3370-4645-bc03-5ea4340d0578,different_values,906,quantity,10.0,500.0,100,5000
6a11afd3-3370-4645-bc03-5ea4340d0578,different_values,906,modus_operandi/place_seizure,Land,Container,land,container
6a11afd3-3370-4645-bc03-5ea4340d0578,different_values,906,department/state,Goiás ,Rio de Janeiro,goiás,rio de janeiro
6a11afd3-3370-4645-bc03-5ea4340d0578,different_values,906,municipality/port, Montividiu,Rio de Janeiro,montividiu,rio de janeiro
6a11afd3-3370-4645-bc03-5ea4340d0578,different_values,906,transit_1_department/state,Goiás ,Rio de Janeiro,goiás,rio de janeiro
6a11afd3-3370-4645-bc03-5ea4340d0578,different_values,906,transit_1_municipality/port, Montividiu,Rio de Janeiro,montividiu,rio de janeiro
6a11afd3-3370-4645-bc03-5ea4340d0578,different_values,906,description," PRF intercepted a truck on BR-364 in Montividiu, Goiás, seizing 10 kg of cocaine within a total of approx. 80 kg of drugs including skunk; driver arrested. ",PF seized 500 kg of cocaine hidden in a coffee container at the Port of Rio de Janeiro; the shipment was destined for Europe.,prf intercepted a truck on br-364 in montividiu goiás seizing 10 kg of cocaine within a total of approx 80 kg of drugs including skunk; driver arrested,pf seized 500 kg of cocaine hidden in a coffee container at the port of rio de janeiro; the shipment was destined for europe
6a11afd3-3370-4645-bc03-5ea4340d0578,different_values,906,source_link,https://www.gov.br/prf/pt-br/noticias/estaduais/goias/2025/setembro/prf-intercepta-cerca-de-80-kg-de-drogas-em-montividiu-go,https://www.gov.br/pf/pt-br/assuntos/noticias/2025/09/pf-apreende-meia-tonelada-de-cocaina-no-porto-do-rio-de-janeiro,https://wwwgovbr/prf/pt-br/noticias/estaduais/goias/2025/setembro/prf-intercepta-cerca-de-80-kg-de-drogas-em-montividiu-go,https://wwwgovbr/pf/pt-br/assuntos/noticias/2025/09/pf-apreende-meia-tonelada-de-cocaina-no-porto-do-rio-de-janeiro
e87462fa-be6a-4a6a-95e1-feae302ba2de,different_values,907,date_1,2025-09-25,2025-09-25 00:00:00,2025-09-25,2025-09-25 00:00:00
e87462fa-be6a-4a6a-95e1-feae302ba2de,different_values,907,quantity,500.0,50.9,5000,509
e87462fa-be6a-4a6a-95e1-feae302ba2de,different_values,907,modus_operandi/place_seizure,Container,Land,container,land
e87462fa-be6a-4a6a-95e1-feae302ba2de,different_values,907,country,Brazil,Argentina,brazil,argentina
e87462fa-be6a-4a6a-95e1-feae302ba2de,different_values,907,department/state,Rio de Janeiro,Córdoba,rio de janeiro,córdoba
e87462fa-be6a-4a6a-95e1-feae302ba2de,different_values,907,municipality/port,Rio de Janeiro,Córdoba,rio de janeiro,córdoba
e87462fa-be6a-4a6a-95e1-feae302ba2de,different_values,907,transit_1_country,Brazil,Argentina,brazil,argentina
e87462fa-be6a-4a6a-95e1-feae302ba2de,different_values,907,transit_1_department/state,Rio de Janeiro,Córdoba,rio de janeiro,córdoba
e87462fa-be6a-4a6a-95e1-feae302ba2de,different_values,907,transit_1_municipality/port,Rio de Janeiro,Córdoba,rio de janeiro,córdoba
e87462fa-be6a-4a6a-95e1-feae302ba2de,different_values,907,description,PF seized 500 kg of cocaine hidden in a coffee container at the Port of Rio de Janeiro; the shipment was destined for Europe., FPA seized 48 bricks of cocaine valued at approximately AR$1.8 billion during a large-scale operation across several neighborhoods in Córdoba city; five individuals were arrested.,pf seized 500 kg of cocaine hidden in a coffee container at the port of rio de janeiro; the shipment was destined for europe,fpa seized 48 bricks of cocaine valued at approximately ar$18 billion during a large-scale operation across several neighborhoods in córdoba city; five individuals were arrested
e87462fa-be6a-4a6a-95e1-feae302ba2de,different_values,907,source_link,https://www.gov.br/pf/pt-br/assuntos/noticias/2025/09/pf-apreende-meia-tonelada-de-cocaina-no-porto-do-rio-de-janeiro,https://www.perfil.com/noticias/cordoba/megaoperativo-en-cordoba-secuestraron-48-panes-de-cocaina-valuados-en-1800-millones.phtml,https://wwwgovbr/pf/pt-br/assuntos/noticias/2025/09/pf-apreende-meia-tonelada-de-cocaina-no-porto-do-rio-de-janeiro,https://wwwperfilcom/noticias/cordoba/megaoperativo-en-cordoba-secuestraron-48-panes-de-cocaina-valuados-en-1800-millonesphtml
e87462fa-be6a-4a6a-95e1-feae302ba2de,different_values,907,archived_link,Archived Link - Brazil,Archived Link - Argentina,archived link - brazil,archived link - argentina
0a68eb76-87b7-4ce4-a6ec-1f413dc63c7b,different_values,908,date_1,2025-09-25,2025-09-23 00:00:00,2025-09-25,2025-09-23 00:00:00
0a68eb76-87b7-4ce4-a6ec-1f413dc63c7b,different_values,908,day,25,23,25,23
0a68eb76-87b7-4ce4-a6ec-1f413dc63c7b,different_values,908,quantity,50.9,11.0,509,110
0a68eb76-87b7-4ce4-a6ec-1f413dc63c7b,different_values,908,department/state,Córdoba,Chaco,córdoba,chaco
0a68eb76-87b7-4ce4-a6ec-1f413dc63c7b,different_values,908,municipality/port,Córdoba,,córdoba,
0a68eb76-87b7-4ce4-a6ec-1f413dc63c7b,different_values,908,transit_1_department/state,Córdoba,Chaco,córdoba,chaco
0a68eb76-87b7-4ce4-a6ec-1f413dc63c7b,different_values,908,transit_1_municipality/port,Córdoba,,córdoba,
0a68eb76-87b7-4ce4-a6ec-1f413dc63c7b,different_values,908,description, FPA seized 48 bricks of cocaine valued at approximately AR$1.8 billion during a large-scale operation across several neighborhoods in Córdoba city; five individuals were arrested.,Police seized 11.257 kg of high-purity cocaine branded with Delfín Castedo's emblem during a river operation in El Impenetrable; suspect arrested. ,fpa seized 48 bricks of cocaine valued at approximately ar$18 billion during a large-scale operation across several neighborhoods in córdoba city; five individuals were arrested,police seized 11257 kg of high-purity cocaine branded with delfín castedo's emblem during a river operation in el impenetrable; suspect arrested
0a68eb76-87b7-4ce4-a6ec-1f413dc63c7b,different_values,908,source_link,https://www.perfil.com/noticias/cordoba/megaoperativo-en-cordoba-secuestraron-48-panes-de-cocaina-valuados-en-1800-millones.phtml,https://www.perfil.com/noticias/amp/nea/operativo-en-el-impenetrable-secuestran-mas-de-11-kilos-de-cocaina-con-el-sello-del-narco-delfin-castedo.phtml,https://wwwperfilcom/noticias/cordoba/megaoperativo-en-cordoba-secuestraron-48-panes-de-cocaina-valuados-en-1800-millonesphtml,https://wwwperfilcom/noticias/amp/nea/operativo-en-el-impenetrable-secuestran-mas-de-11-kilos-de-cocaina-con-el-sello-del-narco-delfin-castedophtml
12ff9e92-acf8-48a9-908b-659756ae4f97,different_values,909,date_1,2025-09-23,2025-09-25 00:00:00,2025-09-23,2025-09-25 00:00:00
12ff9e92-acf8-48a9-908b-659756ae4f97,different_values,909,day,23,25,23,25
12ff9e92-acf8-48a9-908b-659756ae4f97,different_values,909,quantity,11.0,50.0,110,500
12ff9e92-acf8-48a9-908b-659756ae4f97,different_values,909,country,Argentina,Colombia,argentina,colombia
12ff9e92-acf8-48a9-908b-659756ae4f97,different_values,909,department/state,Chaco,Norte de Santander,chaco,norte de santander
12ff9e92-acf8-48a9-908b-659756ae4f97,different_values,909,municipality/port,,San Cayetano,,san cayetano
12ff9e92-acf8-48a9-908b-659756ae4f97,different_values,909,origin_country,,Colombia,,colombia
12ff9e92-acf8-48a9-908b-659756ae4f97,different_values,909,origin_area,,Norte de Santander,,norte de santander
12ff9e92-acf8-48a9-908b-659756ae4f97,different_values,909,origin_municipality,,San Cayetano,,san cayetano
12ff9e92-acf8-48a9-908b-659756ae4f97,different_values,909,transit_1_region,South America,,south america,
12ff9e92-acf8-48a9-908b-659756ae4f97,different_values,909,transit_1_country,Argentina,,argentina,
12ff9e92-acf8-48a9-908b-659756ae4f97,different_values,909,transit_1_department/state,Chaco,,chaco,
12ff9e92-acf8-48a9-908b-659756ae4f97,different_values,909,description,Police seized 11.257 kg of high-purity cocaine branded with Delfín Castedo's emblem during a river operation in El Impenetrable; suspect arrested. ,"Durante el operativo fueron incautados 240 kilos de sustancias sólidas, más de mil galones de insumos líquidos y 100 kilos de insumos sólidos. Entre el material decomisado se encontraron 50 kilos de clorhidrato de cocaína, 150 kilos en proceso de secado, 40 kilos de pasta base, 950 galones de acetona, 75 galones de ácido clorhídrico y 100 kilos de soda cáustica.",police seized 11257 kg of high-purity cocaine branded with delfín castedo's emblem during a river operation in el impenetrable; suspect arrested,durante el operativo fueron incautados 240 kilos de sustancias sólidas más de mil galones de insumos líquidos y 100 kilos de insumos sólidos entre el material decomisado se encontraron 50 kilos de clorhidrato de cocaína 150 kilos en proceso de secado 40 kilos de pasta base 950 galones de acetona 75 galones de ácido clorhídrico y 100 kilos de soda cáustica
12ff9e92-acf8-48a9-908b-659756ae4f97,different_values,909,criminal_group_1,,ELN,,eln
12ff9e92-acf8-48a9-908b-659756ae4f97,different_values,909,source_link,https://www.perfil.com/noticias/amp/nea/operativo-en-el-impenetrable-secuestran-mas-de-11-kilos-de-cocaina-con-el-sello-del-narco-delfin-castedo.phtml,https://www.radionacional.co/noticias-colombia/desmantelamiento-de-laboratorio-de-cocaina-del-eln-ejercito-y-policia-incautan,https://wwwperfilcom/noticias/amp/nea/operativo-en-el-impenetrable-secuestran-mas-de-11-kilos-de-cocaina-con-el-sello-del-narco-delfin-castedophtml,https://wwwradionacionalco/noticias-colombia/desmantelamiento-de-laboratorio-de-cocaina-del-eln-ejercito-y-policia-incautan
12ff9e92-acf8-48a9-908b-659756ae4f97,different_values,909,archived_link,Archived Link - Argentina,Archived Link - Colombia,archived link - argentina,archived link - colombia
6e860034-5b9c-4c25-b827-5eb542b2a120,different_values,910,date_1,2025-09-25,2025-09-25 00:00:00,2025-09-25,2025-09-25 00:00:00
6e860034-5b9c-4c25-b827-5eb542b2a120,different_values,910,drug_type,Cocaine,Cocaine Base,cocaine,cocaine base
6e860034-5b9c-4c25-b827-5eb542b2a120,different_values,910,quantity,50.0,40.0,500,400
5532d5cd-5fed-446e-9fe3-c5d1bedacfc5,different_values,911,date_1,2025-09-25,2025-09-22 00:00:00,2025-09-25,2025-09-22 00:00:00
5532d5cd-5fed-446e-9fe3-c5d1bedacfc5,different_values,911,day,25,22,25,22
5532d5cd-5fed-446e-9fe3-c5d1bedacfc5,different_values,911,drug_type,Cocaine Base,Cocaine,cocaine base,cocaine
5532d5cd-5fed-446e-9fe3-c5d1bedacfc5,different_values,911,quantity,40.0,250.0,400,2500
5532d5cd-5fed-446e-9fe3-c5d1bedacfc5,different_values,911,municipality/port,San Cayetano,Sardinata,san cayetano,sardinata
5532d5cd-5fed-446e-9fe3-c5d1bedacfc5,different_values,911,origin_municipality,San Cayetano,Sardinata,san cayetano,sardinata
5532d5cd-5fed-446e-9fe3-c5d1bedacfc5,different_values,911,description,"Durante el operativo fueron incautados 240 kilos de sustancias sólidas, más de mil galones de insumos líquidos y 100 kilos de insumos sólidos. Entre el material decomisado se encontraron 50 kilos de clorhidrato de cocaína, 150 kilos en proceso de secado, 40 kilos de pasta base, 950 galones de acetona, 75 galones de ácido clorhídrico y 100 kilos de soda cáustica.","En el lugar se incautaron 250 kilogramos de clorhidrato de cocaína, 429 galones de base de coca y cocaína en suspensión, 1571 galones de acetona, 245 kilogramos de cloruro de calcio, 187 galones de ACPM y 150 kilogramos de carbón activo. Estos insumos fueron hallados en un laboratorio compuesto de cinco estructuras.",durante el operativo fueron incautados 240 kilos de sustancias sólidas más de mil galones de insumos líquidos y 100 kilos de insumos sólidos entre el material decomisado se encontraron 50 kilos de clorhidrato de cocaína 150 kilos en proceso de secado 40 kilos de pasta base 950 galones de acetona 75 galones de ácido clorhídrico y 100 kilos de soda cáustica,en el lugar se incautaron 250 kilogramos de clorhidrato de cocaína 429 galones de base de coca y cocaína en suspensión 1571 galones de acetona 245 kilogramos de cloruro de calcio 187 galones de acpm y 150 kilogramos de carbón activo estos insumos fueron hallados en un laboratorio compuesto de cinco estructuras
5532d5cd-5fed-446e-9fe3-c5d1bedacfc5,different_values,911,criminal_group_1,ELN,,eln,
5532d5cd-5fed-446e-9fe3-c5d1bedacfc5,different_values,911,source_link,https://www.radionacional.co/noticias-colombia/desmantelamiento-de-laboratorio-de-cocaina-del-eln-ejercito-y-policia-incautan,https://www.eltiempo.com/justicia/conflicto-y-narcotrafico/destruyen-dos-laboratorios-para-el-procesamiento-de-clorhidrato-de-cocaina-en-catatumbo-3492828,https://wwwradionacionalco/noticias-colombia/desmantelamiento-de-laboratorio-de-cocaina-del-eln-ejercito-y-policia-incautan,https://wwweltiempocom/justicia/conflicto-y-narcotrafico/destruyen-dos-laboratorios-para-el-procesamiento-de-clorhidrato-de-cocaina-en-catatumbo-3492828
32450895-0f45-4798-93f4-b7f9e366274b,different_values,912,date_1,2025-09-22,2025-09-18 00:00:00,2025-09-22,2025-09-18 00:00:00
32450895-0f45-4798-93f4-b7f9e366274b,different_values,912,day,22,18,22,18
32450895-0f45-4798-93f4-b7f9e366274b,different_values,912,quantity,250.0,1500.0,2500,15000
32450895-0f45-4798-93f4-b7f9e366274b,different_values,912,sub_modus_operandi,,"Hidden in trailer of a heavy goods vehicle, intercepted at a toll station",,hidden in trailer of a heavy goods vehicle intercepted at a toll station
32450895-0f45-4798-93f4-b7f9e366274b,different_values,912,region,South America,Europe,south america,europe
32450895-0f45-4798-93f4-b7f9e366274b,different_values,912,country,Colombia,France,colombia,france
32450895-0f45-4798-93f4-b7f9e366274b,different_values,912,department/state,Norte de Santander,Yvelines ,norte de santander,yvelines
32450895-0f45-4798-93f4-b7f9e366274b,different_values,912,municipality/port,Sardinata,Saint-Arnoult-en-Yvelines,sardinata,saint-arnoult-en-yvelines
32450895-0f45-4798-93f4-b7f9e366274b,different_values,912,origin_country,Colombia,,colombia,
32450895-0f45-4798-93f4-b7f9e366274b,different_values,912,origin_area,Norte de Santander,,norte de santander,
32450895-0f45-4798-93f4-b7f9e366274b,different_values,912,origin_municipality,Sardinata,,sardinata,
32450895-0f45-4798-93f4-b7f9e366274b,different_values,912,transit_1_region,,Europe,,europe
32450895-0f45-4798-93f4-b7f9e366274b,different_values,912,transit_1_country,,Spain,,spain
32450895-0f45-4798-93f4-b7f9e366274b,different_values,912,transit_2_region,,Europe,,europe
32450895-0f45-4798-93f4-b7f9e366274b,different_values,912,transit_2_country,,France,,france
32450895-0f45-4798-93f4-b7f9e366274b,different_values,912,transit_2_department/state,,Yvelines ,,yvelines
32450895-0f45-4798-93f4-b7f9e366274b,different_values,912,transit_2_municipality/port,,Saint-Arnoult-en-Yvelines,,saint-arnoult-en-yvelines
32450895-0f45-4798-93f4-b7f9e366274b,different_values,912,destination_1_region,,Europe,,europe
32450895-0f45-4798-93f4-b7f9e366274b,different_values,912,destination_1_country,,Netherlands,,netherlands
32450895-0f45-4798-93f4-b7f9e366274b,different_values,912,description,"En el lugar se incautaron 250 kilogramos de clorhidrato de cocaína, 429 galones de base de coca y cocaína en suspensión, 1571 galones de acetona, 245 kilogramos de cloruro de calcio, 187 galones de ACPM y 150 kilogramos de carbón activo. Estos insumos fueron hallados en un laboratorio compuesto de cinco estructuras.","El 18 de septiembre de 2025 se incautaron casi 1,5 toneladas de cocaína en un camión interceptado en el peaje de Saint-Arnoult-en-Yvelines; el cargamento venía de España y se dirigía a Países Bajos. ",en el lugar se incautaron 250 kilogramos de clorhidrato de cocaína 429 galones de base de coca y cocaína en suspensión 1571 galones de acetona 245 kilogramos de cloruro de calcio 187 galones de acpm y 150 kilogramos de carbón activo estos insumos fueron hallados en un laboratorio compuesto de cinco estructuras,el 18 de septiembre de 2025 se incautaron casi 15 toneladas de cocaína en un camión interceptado en el peaje de saint-arnoult-en-yvelines; el cargamento venía de españa y se dirigía a países bajos
32450895-0f45-4798-93f4-b7f9e366274b,different_values,912,source_link,https://www.eltiempo.com/justicia/conflicto-y-narcotrafico/destruyen-dos-laboratorios-para-el-procesamiento-de-clorhidrato-de-cocaina-en-catatumbo-3492828,https://www.leparisien.fr/faits-divers/trafic-de-drogue-15-tonne-de-cocaine-saisie-au-peage-de-saint-arnoult-en-yvelines-22-09-2025-WMXLD4KKAVDUNH7HXYAOQF6VZE.php,https://wwweltiempocom/justicia/conflicto-y-narcotrafico/destruyen-dos-laboratorios-para-el-procesamiento-de-clorhidrato-de-cocaina-en-catatumbo-3492828,https://wwwleparisienfr/faits-divers/trafic-de-drogue-15-tonne-de-cocaine-saisie-au-peage-de-saint-arnoult-en-yvelines-22-09-2025-wmxld4kkavdunh7hxyaoqf6vzephp
32450895-0f45-4798-93f4-b7f9e366274b,different_values,912,archived_link,Archived Link - Colombia,Archived Link - France,archived link - colombia,archived link - france
93a3b899-990e-4592-b4fa-f703f97671f7,different_values,913,date_1,2025-09-18,2025-09-23 00:00:00,2025-09-18,2025-09-23 00:00:00
93a3b899-990e-4592-b4fa-f703f97671f7,different_values,913,day,18,23,18,23
93a3b899-990e-4592-b4fa-f703f97671f7,different_values,913,quantity,1500.0,7.3,15000,73
93a3b899-990e-4592-b4fa-f703f97671f7,different_values,913,sub_modus_operandi,"Hidden in trailer of a heavy goods vehicle, intercepted at a toll station",Oculta entre la vegetación del jardín en bloques; hallada durante allanamiento domiciliario,hidden in trailer of a heavy goods vehicle intercepted at a toll station,oculta entre la vegetación del jardín en bloques; hallada durante allanamiento domiciliario
93a3b899-990e-4592-b4fa-f703f97671f7,different_values,913,country,France,Italy,france,italy
93a3b899-990e-4592-b4fa-f703f97671f7,different_values,913,department/state,Yvelines ,Abruzzo ,yvelines,abruzzo
93a3b899-990e-4592-b4fa-f703f97671f7,different_values,913,municipality/port,Saint-Arnoult-en-Yvelines,Bellante,saint-arnoult-en-yvelines,bellante
93a3b899-990e-4592-b4fa-f703f97671f7,different_values,913,transit_1_country,Spain,Italy,spain,italy
93a3b899-990e-4592-b4fa-f703f97671f7,different_values,913,transit_1_department/state,,Abruzzo ,,abruzzo
93a3b899-990e-4592-b4fa-f703f97671f7,different_values,913,transit_1_municipality/port,,Bellante,,bellante
93a3b899-990e-4592-b4fa-f703f97671f7,different_values,913,transit_2_region,Europe,,europe,
93a3b899-990e-4592-b4fa-f703f97671f7,different_values,913,transit_2_country,France,,france,
93a3b899-990e-4592-b4fa-f703f97671f7,different_values,913,transit_2_department/state,Yvelines ,,yvelines,
93a3b899-990e-4592-b4fa-f703f97671f7,different_values,913,transit_2_municipality/port,Saint-Arnoult-en-Yvelines,,saint-arnoult-en-yvelines,
93a3b899-990e-4592-b4fa-f703f97671f7,different_values,913,destination_1_region,Europe,,europe,
93a3b899-990e-4592-b4fa-f703f97671f7,different_values,913,destination_1_country,Netherlands,,netherlands,
93a3b899-990e-4592-b4fa-f703f97671f7,different_values,913,description,"El 18 de septiembre de 2025 se incautaron casi 1,5 toneladas de cocaína en un camión interceptado en el peaje de Saint-Arnoult-en-Yvelines; el cargamento venía de España y se dirigía a Países Bajos. ","Un hombre fue detenido el 22 de septiembre de 2025 en Bellante, Italia, con 7,3 kg de cocaína ocultos en su jardín, listos para distribución. ",el 18 de septiembre de 2025 se incautaron casi 15 toneladas de cocaína en un camión interceptado en el peaje de saint-arnoult-en-yvelines; el cargamento venía de españa y se dirigía a países bajos,un hombre fue detenido el 22 de septiembre de 2025 en bellante italia con 73 kg de cocaína ocultos en su jardín listos para distribución
93a3b899-990e-4592-b4fa-f703f97671f7,different_values,913,source_link,https://www.leparisien.fr/faits-divers/trafic-de-drogue-15-tonne-de-cocaine-saisie-au-peage-de-saint-arnoult-en-yvelines-22-09-2025-WMXLD4KKAVDUNH7HXYAOQF6VZE.php,https://questure.poliziadistato.it/it/Teramo/articolo/121668d2800862749465193190,https://wwwleparisienfr/faits-divers/trafic-de-drogue-15-tonne-de-cocaine-saisie-au-peage-de-saint-arnoult-en-yvelines-22-09-2025-wmxld4kkavdunh7hxyaoqf6vzephp,https://questurepoliziadistatoit/it/teramo/articolo/121668d2800862749465193190
93a3b899-990e-4592-b4fa-f703f97671f7,different_values,913,archived_link,Archived Link - France,Archived Link - Italy,archived link - france,archived link - italy
8f26d04a-3ec8-45d4-96f1-fa8af5b5a40e,different_values,914,date_1,2025-09-23,2025-09-22 00:00:00,2025-09-23,2025-09-22 00:00:00
8f26d04a-3ec8-45d4-96f1-fa8af5b5a40e,different_values,914,day,23,22,23,22
8f26d04a-3ec8-45d4-96f1-fa8af5b5a40e,different_values,914,quantity,7.3,299.0,73,2990
8f26d04a-3ec8-45d4-96f1-fa8af5b5a40e,different_values,914,modus_operandi/place_seizure,Land,Container,land,container
8f26d04a-3ec8-45d4-96f1-fa8af5b5a40e,different_values,914,sub_modus_operandi,Oculta entre la vegetación del jardín en bloques; hallada durante allanamiento domiciliario,Ocultos en contenedor con bananos; modalidad de contaminación de carga lícita,oculta entre la vegetación del jardín en bloques; hallada durante allanamiento domiciliario,ocultos en contenedor con bananos; modalidad de contaminación de carga lícita
8f26d04a-3ec8-45d4-96f1-fa8af5b5a40e,different_values,914,region,Europe,South America,europe,south america
8f26d04a-3ec8-45d4-96f1-fa8af5b5a40e,different_values,914,country,Italy,Colombia,italy,colombia
8f26d04a-3ec8-45d4-96f1-fa8af5b5a40e,different_values,914,department/state,Abruzzo ,Bolívar,abruzzo,bolívar
8f26d04a-3ec8-45d4-96f1-fa8af5b5a40e,different_values,914,municipality/port,Bellante,Cartagena,bellante,cartagena
8f26d04a-3ec8-45d4-96f1-fa8af5b5a40e,different_values,914,transit_1_region,Europe,,europe,
8f26d04a-3ec8-45d4-96f1-fa8af5b5a40e,different_values,914,transit_1_country,Italy,,italy,
8f26d04a-3ec8-45d4-96f1-fa8af5b5a40e,different_values,914,transit_1_department/state,Abruzzo ,,abruzzo,
8f26d04a-3ec8-45d4-96f1-fa8af5b5a40e,different_values,914,transit_1_municipality/port,Bellante,,bellante,
8f26d04a-3ec8-45d4-96f1-fa8af5b5a40e,different_values,914,destination_1_region,,Europe,,europe
8f26d04a-3ec8-45d4-96f1-fa8af5b5a40e,different_values,914,destination_1_country,,France,,france
8f26d04a-3ec8-45d4-96f1-fa8af5b5a40e,different_values,914,description,"Un hombre fue detenido el 22 de septiembre de 2025 en Bellante, Italia, con 7,3 kg de cocaína ocultos en su jardín, listos para distribución. ","El 22 de septiembre de 2025, la Policía Nacional de Colombia incautó 299 kg de cocaína en el puerto de Cartagena, ocultos en un cargamento de bananos con destino a Francia.",un hombre fue detenido el 22 de septiembre de 2025 en bellante italia con 73 kg de cocaína ocultos en su jardín listos para distribución,el 22 de septiembre de 2025 la policía nacional de colombia incautó 299 kg de cocaína en el puerto de cartagena ocultos en un cargamento de bananos con destino a francia
8f26d04a-3ec8-45d4-96f1-fa8af5b5a40e,different_values,914,criminal_group_1,,AGC,,agc
8f26d04a-3ec8-45d4-96f1-fa8af5b5a40e,different_values,914,source_link,https://questure.poliziadistato.it/it/Teramo/articolo/121668d2800862749465193190,https://caracol.com.co/2025/09/22/policia-incauto-299-kilos-de-cocaina-ocultos-en-cargamento-de-bananos-en-el-puerto-de-cartagena/,https://questurepoliziadistatoit/it/teramo/articolo/121668d2800862749465193190,https://caracolcomco/2025/09/22/policia-incauto-299-kilos-de-cocaina-ocultos-en-cargamento-de-bananos-en-el-puerto-de-cartagena/
8f26d04a-3ec8-45d4-96f1-fa8af5b5a40e,different_values,914,archived_link,Archived Link - Italy,Archived Link - Colombia,archived link - italy,archived link - colombia
f5105324-ec37-4c4b-a2d9-fa3a68eda7b2,different_values,915,date_1,2025-09-22,2025-09-21 00:00:00,2025-09-22,2025-09-21 00:00:00
f5105324-ec37-4c4b-a2d9-fa3a68eda7b2,different_values,915,day,22,21,22,21
f5105324-ec37-4c4b-a2d9-fa3a68eda7b2,different_values,915,quantity,299.0,814.0,2990,8140
f5105324-ec37-4c4b-a2d9-fa3a68eda7b2,different_values,915,sub_modus_operandi,Ocultos en contenedor con bananos; modalidad de contaminación de carga lícita,,ocultos en contenedor con bananos; modalidad de contaminación de carga lícita,
f5105324-ec37-4c4b-a2d9-fa3a68eda7b2,different_values,915,region,South America,Europe,south america,europe
f5105324-ec37-4c4b-a2d9-fa3a68eda7b2,different_values,915,country,Colombia,Spain,colombia,spain
f5105324-ec37-4c4b-a2d9-fa3a68eda7b2,different_values,915,department/state,Bolívar,Valencia,bolívar,valencia
f5105324-ec37-4c4b-a2d9-fa3a68eda7b2,different_values,915,municipality/port,Cartagena,Valencia,cartagena,valencia
f5105324-ec37-4c4b-a2d9-fa3a68eda7b2,different_values,915,transit_1_region,,South America,,south america
f5105324-ec37-4c4b-a2d9-fa3a68eda7b2,different_values,915,transit_1_country,,Ecuador,,ecuador
f5105324-ec37-4c4b-a2d9-fa3a68eda7b2,different_values,915,transit_1_department/state,,Guayas,,guayas
f5105324-ec37-4c4b-a2d9-fa3a68eda7b2,different_values,915,transit_1_municipality/port,,Guayaquil,,guayaquil
f5105324-ec37-4c4b-a2d9-fa3a68eda7b2,different_values,915,transit_2_region,,Europe,,europe
f5105324-ec37-4c4b-a2d9-fa3a68eda7b2,different_values,915,transit_2_country,,Spain,,spain
f5105324-ec37-4c4b-a2d9-fa3a68eda7b2,different_values,915,transit_2_department/state,,Valencia ,,valencia
f5105324-ec37-4c4b-a2d9-fa3a68eda7b2,different_values,915,transit_2_municipality/port,,Valencia,,valencia
f5105324-ec37-4c4b-a2d9-fa3a68eda7b2,different_values,915,destination_1_region,Europe,,europe,
f5105324-ec37-4c4b-a2d9-fa3a68eda7b2,different_values,915,destination_1_country,France,,france,
f5105324-ec37-4c4b-a2d9-fa3a68eda7b2,different_values,915,description,"El 22 de septiembre de 2025, la Policía Nacional de Colombia incautó 299 kg de cocaína en el puerto de Cartagena, ocultos en un cargamento de bananos con destino a Francia.","Otra operación antidroga en el puerto de Valencia se ha saldado con la incautación de 814 kilogramos de cocaína y la detención de cuatro traficantes, uno de ellos un trabajador del recinto portuario. La intervención policial tuvo lugar el pasado domingo cuando los agentes antidroga revisaron un contenedor sospechoso de transportar cocaína.

Tres de los individuos arrestados estaban escondidos en otro contenedor y llevaban unas cizallas y guantes para rescatar los paquetes de cocaína. También tenían comida para permanecer dentro del recipiente metálico todo el tiempo que fuera necesario mientras esperaban el mejor momento para sacar el alijo de droga.

El cuarto hombre implicado fue detenido horas después tras una rápida investigación. Este individuo, que realiza reparaciones en el recinto portuario, introdujo a los otros tres en la base de contenedores tras ocultarlos en su furgoneta, según las investigaciones.",el 22 de septiembre de 2025 la policía nacional de colombia incautó 299 kg de cocaína en el puerto de cartagena ocultos en un cargamento de bananos con destino a francia,"otra operación antidroga en el puerto de valencia se ha saldado con la incautación de 814 kilogramos de cocaína y la detención de cuatro traficantes uno de ellos un trabajador del recinto portuario la intervención policial tuvo lugar el pasado domingo cuando los agentes antidroga revisaron un contenedor sospechoso de transportar cocaína

tres de los individuos arrestados estaban escondidos en otro contenedor y llevaban unas cizallas y guantes para rescatar los paquetes de cocaína también tenían comida para permanecer dentro del recipiente metálico todo el tiempo que fuera necesario mientras esperaban el mejor momento para sacar el alijo de droga

el cuarto hombre implicado fue detenido horas después tras una rápida investigación este individuo que realiza reparaciones en el recinto portuario introdujo a los otros tres en la base de contenedores tras ocultarlos en su furgoneta según las investigaciones"
f5105324-ec37-4c4b-a2d9-fa3a68eda7b2,different_values,915,criminal_group_1,AGC,,agc,
f5105324-ec37-4c4b-a2d9-fa3a68eda7b2,different_values,915,source_link,https://caracol.com.co/2025/09/22/policia-incauto-299-kilos-de-cocaina-ocultos-en-cargamento-de-bananos-en-el-puerto-de-cartagena/,https://www.lasprovincias.es/sucesos/intervenidos-814-kilos-cocaina-cuatro-detenidos-operacion-20250924101850-nt.html?ref=https%3A%2F%2Fwww.lasprovincias.es%2Fsucesos%2Fintervenidos-814-kilos-cocaina-cuatro-detenidos-operacion-20250924101850-nt.html,https://caracolcomco/2025/09/22/policia-incauto-299-kilos-de-cocaina-ocultos-en-cargamento-de-bananos-en-el-puerto-de-cartagena/,https://wwwlasprovinciases/sucesos/intervenidos-814-kilos-cocaina-cuatro-detenidos-operacion-20250924101850-nthtml?ref=https%3a%2f%2fwwwlasprovinciases%2fsucesos%2fintervenidos-814-kilos-cocaina-cuatro-detenidos-operacion-20250924101850-nthtml
f5105324-ec37-4c4b-a2d9-fa3a68eda7b2,different_values,915,archived_link,Archived Link - Colombia,Archived Link - Spain,archived link - colombia,archived link - spain
1985c6ce-1ffe-4551-80f5-a2f17ddb129f,different_values,916,date_1,2025-09-21,2025-09-23 00:00:00,2025-09-21,2025-09-23 00:00:00
1985c6ce-1ffe-4551-80f5-a2f17ddb129f,different_values,916,day,21,23,21,23
1985c6ce-1ffe-4551-80f5-a2f17ddb129f,different_values,916,quantity,814.0,2.0,8140,20
1985c6ce-1ffe-4551-80f5-a2f17ddb129f,different_values,916,modus_operandi/place_seizure,Container,Land,container,land
1985c6ce-1ffe-4551-80f5-a2f17ddb129f,different_values,916,country,Spain,Italy,spain,italy
1985c6ce-1ffe-4551-80f5-a2f17ddb129f,different_values,916,department/state,Valencia, Marche,valencia,marche
1985c6ce-1ffe-4551-80f5-a2f17ddb129f,different_values,916,municipality/port,Valencia, Caldarola,valencia,caldarola
1985c6ce-1ffe-4551-80f5-a2f17ddb129f,different_values,916,transit_1_region,South America,,south america,
1985c6ce-1ffe-4551-80f5-a2f17ddb129f,different_values,916,transit_1_country,Ecuador,,ecuador,
1985c6ce-1ffe-4551-80f5-a2f17ddb129f,different_values,916,transit_1_department/state,Guayas,,guayas,
1985c6ce-1ffe-4551-80f5-a2f17ddb129f,different_values,916,transit_1_municipality/port,Guayaquil,,guayaquil,
1985c6ce-1ffe-4551-80f5-a2f17ddb129f,different_values,916,transit_2_region,Europe,,europe,
1985c6ce-1ffe-4551-80f5-a2f17ddb129f,different_values,916,transit_2_country,Spain,,spain,
1985c6ce-1ffe-4551-80f5-a2f17ddb129f,different_values,916,transit_2_department/state,Valencia ,,valencia,
1985c6ce-1ffe-4551-80f5-a2f17ddb129f,different_values,916,transit_2_municipality/port,Valencia,,valencia,
1985c6ce-1ffe-4551-80f5-a2f17ddb129f,different_values,916,destination_1_region,,Europe,,europe
1985c6ce-1ffe-4551-80f5-a2f17ddb129f,different_values,916,destination_1_country,,Italy,,italy
1985c6ce-1ffe-4551-80f5-a2f17ddb129f,different_values,916,destination_1_department/state,, Marche,,marche
1985c6ce-1ffe-4551-80f5-a2f17ddb129f,different_values,916,destination_1_municipality/port,, Caldarola,,caldarola
1985c6ce-1ffe-4551-80f5-a2f17ddb129f,different_values,916,description,"Otra operación antidroga en el puerto de Valencia se ha saldado con la incautación de 814 kilogramos de cocaína y la detención de cuatro traficantes, uno de ellos un trabajador del recinto portuario. La intervención policial tuvo lugar el pasado domingo cuando los agentes antidroga revisaron un contenedor sospechoso de transportar cocaína.

Tres de los individuos arrestados estaban escondidos en otro contenedor y llevaban unas cizallas y guantes para rescatar los paquetes de cocaína. También tenían comida para permanecer dentro del recipiente metálico todo el tiempo que fuera necesario mientras esperaban el mejor momento para sacar el alijo de droga.

El cuarto hombre implicado fue detenido horas después tras una rápida investigación. Este individuo, que realiza reparaciones en el recinto portuario, introdujo a los otros tres en la base de contenedores tras ocultarlos en su furgoneta, según las investigaciones."," un hombre de 58 años fue arrestado en Caldarola, Italia, por poseer 2 kg de cocaína ocultos en su mochila mientras iba en bicicleta. ","otra operación antidroga en el puerto de valencia se ha saldado con la incautación de 814 kilogramos de cocaína y la detención de cuatro traficantes uno de ellos un trabajador del recinto portuario la intervención policial tuvo lugar el pasado domingo cuando los agentes antidroga revisaron un contenedor sospechoso de transportar cocaína

tres de los individuos arrestados estaban escondidos en otro contenedor y llevaban unas cizallas y guantes para rescatar los paquetes de cocaína también tenían comida para permanecer dentro del recipiente metálico todo el tiempo que fuera necesario mientras esperaban el mejor momento para sacar el alijo de droga

el cuarto hombre implicado fue detenido horas después tras una rápida investigación este individuo que realiza reparaciones en el recinto portuario introdujo a los otros tres en la base de contenedores tras ocultarlos en su furgoneta según las investigaciones",un hombre de 58 años fue arrestado en caldarola italia por poseer 2 kg de cocaína ocultos en su mochila mientras iba en bicicleta
1985c6ce-1ffe-4551-80f5-a2f17ddb129f,different_values,916,source_link,https://www.lasprovincias.es/sucesos/intervenidos-814-kilos-cocaina-cuatro-detenidos-operacion-20250924101850-nt.html?ref=https%3A%2F%2Fwww.lasprovincias.es%2Fsucesos%2Fintervenidos-814-kilos-cocaina-cuatro-detenidos-operacion-20250924101850-nt.html,https://www.cronacheancona.it/2025/09/24/in-bici-con-due-chili-di-cocaina-arrestato-un-58enne/570697/,https://wwwlasprovinciases/sucesos/intervenidos-814-kilos-cocaina-cuatro-detenidos-operacion-20250924101850-nthtml?ref=https%3a%2f%2fwwwlasprovinciases%2fsucesos%2fintervenidos-814-kilos-cocaina-cuatro-detenidos-operacion-20250924101850-nthtml,https://wwwcronacheanconait/2025/09/24/in-bici-con-due-chili-di-cocaina-arrestato-un-58enne/570697/
1985c6ce-1ffe-4551-80f5-a2f17ddb129f,different_values,916,archived_link,Archived Link - Spain,Archived Link - Italy,archived link - spain,archived link - italy
73b86d13-7944-4b72-b51f-9d7479b0d2a5,different_values,917,date_1,2025-09-23,2025-09-22 00:00:00,2025-09-23,2025-09-22 00:00:00
73b86d13-7944-4b72-b51f-9d7479b0d2a5,different_values,917,day,23,22,23,22
73b86d13-7944-4b72-b51f-9d7479b0d2a5,different_values,917,quantity,2.0,9600.0,20,96000
73b86d13-7944-4b72-b51f-9d7479b0d2a5,different_values,917,modus_operandi/place_seizure,Land,Maritime vessel,land,maritime vessel
73b86d13-7944-4b72-b51f-9d7479b0d2a5,different_values,917,sub_modus_operandi,,Embarcación pesquera,,embarcación pesquera
73b86d13-7944-4b72-b51f-9d7479b0d2a5,different_values,917,region,Europe,Africa,europe,africa
73b86d13-7944-4b72-b51f-9d7479b0d2a5,different_values,917,country,Italy,,italy,
73b86d13-7944-4b72-b51f-9d7479b0d2a5,different_values,917,department/state, Marche,,marche,
73b86d13-7944-4b72-b51f-9d7479b0d2a5,different_values,917,municipality/port, Caldarola,,caldarola,
73b86d13-7944-4b72-b51f-9d7479b0d2a5,different_values,917,destination_1_region,Europe,,europe,
73b86d13-7944-4b72-b51f-9d7479b0d2a5,different_values,917,destination_1_country,Italy,,italy,
73b86d13-7944-4b72-b51f-9d7479b0d2a5,different_values,917,destination_1_department/state, Marche,,marche,
73b86d13-7944-4b72-b51f-9d7479b0d2a5,different_values,917,destination_1_municipality/port, Caldarola,,caldarola,
73b86d13-7944-4b72-b51f-9d7479b0d2a5,different_values,917,description," un hombre de 58 años fue arrestado en Caldarola, Italia, por poseer 2 kg de cocaína ocultos en su mochila mientras iba en bicicleta. ","El lunes 22 de septiembre de 2025, bajo la dirección del Prefecto Marítimo del Atlántico y del Fiscal del Tribunal Judicial de Brest, dos buques de la Marina francesa incautaron 9,6 toneladas de cocaína en las costas de África Occidental.",un hombre de 58 años fue arrestado en caldarola italia por poseer 2 kg de cocaína ocultos en su mochila mientras iba en bicicleta,el lunes 22 de septiembre de 2025 bajo la dirección del prefecto marítimo del atlántico y del fiscal del tribunal judicial de brest dos buques de la marina francesa incautaron 96 toneladas de cocaína en las costas de áfrica occidental
73b86d13-7944-4b72-b51f-9d7479b0d2a5,different_values,917,source_link,https://www.cronacheancona.it/2025/09/24/in-bici-con-due-chili-di-cocaina-arrestato-un-58enne/570697/,https://www.premar-atlantique.gouv.fr/communiques-presse/deux-batiments-de-la-marine-nationale-saisissent-9-6-tonnes-de-cocaine-au-large-des-cotes-africaines,https://wwwcronacheanconait/2025/09/24/in-bici-con-due-chili-di-cocaina-arrestato-un-58enne/570697/,https://wwwpremar-atlantiquegouvfr/communiques-presse/deux-batiments-de-la-marine-nationale-saisissent-9-6-tonnes-de-cocaine-au-large-des-cotes-africaines
73b86d13-7944-4b72-b51f-9d7479b0d2a5,different_values,917,archived_link,Archived Link - Italy,Archived Link - ,archived link - italy,archived link -
4f4800f9-f084-4d29-b6c0-4772efafbcd7,different_values,918,date_1,2025-09-22,2025-09-24 00:00:00,2025-09-22,2025-09-24 00:00:00
4f4800f9-f084-4d29-b6c0-4772efafbcd7,different_values,918,day,22,24,22,24
4f4800f9-f084-4d29-b6c0-4772efafbcd7,different_values,918,quantity,9600.0,15.0,96000,150
4f4800f9-f084-4d29-b6c0-4772efafbcd7,different_values,918,modus_operandi/place_seizure,Maritime vessel,Land,maritime vessel,land
4f4800f9-f084-4d29-b6c0-4772efafbcd7,different_values,918,sub_modus_operandi,Embarcación pesquera,,embarcación pesquera,
4f4800f9-f084-4d29-b6c0-4772efafbcd7,different_values,918,region,Africa,South America,africa,south america
4f4800f9-f084-4d29-b6c0-4772efafbcd7,different_values,918,country,,Colombia,,colombia
4f4800f9-f084-4d29-b6c0-4772efafbcd7,different_values,918,department/state,,Bolivar,,bolivar
4f4800f9-f084-4d29-b6c0-4772efafbcd7,different_values,918,municipality/port,,Cartagena,,cartagena
4f4800f9-f084-4d29-b6c0-4772efafbcd7,different_values,918,transit_1_region,,South America,,south america
4f4800f9-f084-4d29-b6c0-4772efafbcd7,different_values,918,transit_1_country,,Colombia,,colombia
4f4800f9-f084-4d29-b6c0-4772efafbcd7,different_values,918,transit_1_department/state,,Bolivar,,bolivar
4f4800f9-f084-4d29-b6c0-4772efafbcd7,different_values,918,transit_1_municipality/port,,Cartagena,,cartagena
4f4800f9-f084-4d29-b6c0-4772efafbcd7,different_values,918,transit_2_region,,South America,,south america
4f4800f9-f084-4d29-b6c0-4772efafbcd7,different_values,918,transit_2_country,,Colombia,,colombia
4f4800f9-f084-4d29-b6c0-4772efafbcd7,different_values,918,transit_2_department/state,,San Andrés y Providencia,,san andrés y providencia
4f4800f9-f084-4d29-b6c0-4772efafbcd7,different_values,918,transit_2_municipality/port,,San Andrés,,san andrés
4f4800f9-f084-4d29-b6c0-4772efafbcd7,different_values,918,description,"El lunes 22 de septiembre de 2025, bajo la dirección del Prefecto Marítimo del Atlántico y del Fiscal del Tribunal Judicial de Brest, dos buques de la Marina francesa incautaron 9,6 toneladas de cocaína en las costas de África Occidental.","Un perro antinarcóticos detectó 15 kilos de cocaína camuflados en una encomienda en el aeropuerto de Cartagena, Colombia. La droga tenía como destino final la isla de San Andrés.",el lunes 22 de septiembre de 2025 bajo la dirección del prefecto marítimo del atlántico y del fiscal del tribunal judicial de brest dos buques de la marina francesa incautaron 96 toneladas de cocaína en las costas de áfrica occidental,un perro antinarcóticos detectó 15 kilos de cocaína camuflados en una encomienda en el aeropuerto de cartagena colombia la droga tenía como destino final la isla de san andrés
4f4800f9-f084-4d29-b6c0-4772efafbcd7,different_values,918,source_link,https://www.premar-atlantique.gouv.fr/communiques-presse/deux-batiments-de-la-marine-nationale-saisissent-9-6-tonnes-de-cocaine-au-large-des-cotes-africaines,https://www.alertacaribe.com/noticias/bolivar/perro-antinarcoticos-detecto-15-kg-cocaina-en-el-aeropuerto-de-cartagena-que-iba-para-san-andres?amp,https://wwwpremar-atlantiquegouvfr/communiques-presse/deux-batiments-de-la-marine-nationale-saisissent-9-6-tonnes-de-cocaine-au-large-des-cotes-africaines,https://wwwalertacaribecom/noticias/bolivar/perro-antinarcoticos-detecto-15-kg-cocaina-en-el-aeropuerto-de-cartagena-que-iba-para-san-andres?amp
4f4800f9-f084-4d29-b6c0-4772efafbcd7,different_values,918,archived_link,Archived Link - ,Archived Link - Colombia,archived link -,archived link - colombia
fb44ddbe-9ab4-4516-84f8-da360495da6d,different_values,919,date_1,2025-09-24,2025-09-24 00:00:00,2025-09-24,2025-09-24 00:00:00
