event_type,time_unit,date_1,date_2,year,month,day,duration,drug_type,quantity,weight_unit,modus_operandi,sub_modus_operandi,region,country,department/state,municipality/port,origin_country,origin_area,origin_municipality,transit_1_region,transit_1_country,transit_1_department/state,transit_1_municipality/port,transit_2_region,transit_2_country,transit_2_department/state,transit_2_municipality/port,destination_1_region,destination_1_country,destination_1_department/state,destination_1_municipality/port,destination_2_country,destination_2_municipality/port,description,criminal_group_1,criminal_group_2,criminal_group_3,source_link,archived_link,project_interested,uid
Seizure,Individual,2025-04-12,,2025,4,12,,Cocaine,1.0,Kilogram,Land,,South America,Brazil,São Paulo,Assis,,,,,,,,,,,,,Brazil,Sao Paulo,Sao Paulo,,,"Un hombre fue detenido este viernes (11) tras ingerir más de 40 cápsulas de cocaína, en Assis (SP) . Según la Policía de Carreteras, el incidente se registró cuando equipos abordaron un autobús turístico proveniente de Corumbá (MS) con destino a São Paulo (SP) en el km 445 de la carretera Raposo Tavares (SP-270).",,,,https://g1.globo.com/sp/bauru-marilia/noticia/2025/04/12/homem-e-preso-apos-ingerir-capsulas-de-cocaina-no-interior-de-sp.ghtml,Archived Link - Brazil,MAD,07453469-1352-4b62-8f61-8a8ac5c36b0d
Seizure,Individual,2025-06-03,,2025,6,3,,Cocaine Base,1.0,Kilogram,Land,,South America,Brazil,Bahia,Feira de Santana,,,,,,,,,,,,,,,,,,"On June 3, 2025, on BR‑116 at km 429 near Feira de Santana (Bahia, Brazil), the Federal Highway Police and Bahia’s Civil Police stopped a passenger vehicle and found 1 kilogram of cocaine paste among a total 132 kg of drug",,,,https://g1.globo.com/ba/feira-de-santana-regiao/noticia/2025/06/03/pessoas-sao-presas-em-flagrante-com-drogas-e-fuzil.ghtml,Archived Link - Brazil,,eb23b7e8-6941-44ed-86b0-466bb4d31a75
Seizure,Individual,2025-07-28,,2025,7,28,,Cocaine,1.0,Kilogram,Land,,South America,Brazil,Minas Gerais,Arinos,,,,,,,,,,,,,,,,,,A 25-year-old woman arrested during Operation Contenção. attempted to hide a kilo of cocaine under the rear seat of a taxi using her feet. She claimed ignorance of the drugs and refused to name anyone else involved.,,,,https://g1.globo.com/mg/grande-minas/noticia/2025/07/28/mulher-tenta-esconder-sacola-com-cocaina-usando-os-pes-apos-taxi-que-ela-estava-ser-parado-em-blitz.ghtml,Archived Link - Brazil,,c8789760-7be2-47af-bf64-57dc500bfd87
Seizure,Individual,2025-05-22,,2025,5,22,,Cocaine,1.7,Kilogram,Land,post office,Asia,Indonesia,Bali,Badung Regency,,,,,,,,,,,,,,,,,,"Australian man was. arrested after allegedly being in possession of 1.7kg of drugs in Bali, Indonesia",,,,https://www.theguardian.com/world/2025/may/26/australian-accused-smuggling-cocaine-bali-death-penalty-life-jail-ntwnfb,Archived Link - Indonesia,,4aa4db72-3bfb-4665-913e-a1779af8daed
Seizure,Individual,2025-05-22,,2025,5,22,,Cocaine,1.7,Kilogram,Land,Got to indonesia by post,Asia,Indonesia,Bali,Kuta Beach,,,,Europe,United Kingdom,,,,,,,,,,,,,"un australiano de 43 años fue arrestado en Bali tras recibir un envío postal con 1,7 kg de cocaína distribuida en 206 bolsas plásticas. La droga fue enviada desde el Reino Unido ",,,,https://www.euronews.com/2025/05/29/police-in-indonesia-arrest-australian-man-for-allegedly-smuggling-cocaine-into-bali,Archived Link - Indonesia,,12304f78-ef04-4359-b89f-f4850bacdfc7
Seizure,Individual,2025-04-17,,2025,4,17,,Cocaine,2.0,Kilogram,Land,,Europe,Italy,Padua,,,,,,,,,,,,,,,,,,,"Un italo-albanés fue capturado en la región de Padua, en Italia, y en su carro se hallaron 2 kilos de cocaína. Estaba vinculado a un ciudadano albanés que fue capturado con 35 bloques de cocaína.",,,,https://www.polesine24.it/veneto/2025/04/20/news/colpo-grosso-agli-spacciatori-sequestrata-droga-per-7-milioni-di-euro-341310/,Archived Link - Italy,El PACCTO 2.0,57166336-e823-45c5-9660-b78474d24559
Seizure,Individual,2025-05-19,,2025,5,19,,Cocaine,2.0,Kilogram,Land,,Europe,Italy,Sicilia,Catania,,,,,,,,,,,,,,,,,,Un hombre fue capturado con 2 kilos de cocaína a bordo de un vehículo en Catania. ,,,,https://www.freepressonline.it/2025/05/19/catania-arrestato-con-2-kg-di-cocaina-sequestrata-droga/,Archived Link - Italy,,92ac4844-0d7b-41e3-85fd-e82995df6852
Seizure,Individual,2025-06-02,,2025,6,2,,Cocaine,2.0,Kilogram,Land,,Europe,Italy,Rome,San Gregorio da Sassola,,,,,,,,,,,,,,,,,,"El 2 de junio de 2025, la Guardia di Finanza italiana arrestó a dos hombres. gi, durante una operación antidrogas en San Gregorio da Sassola, cerca de Roma. Se les incautaron aproximadamente 200 kilogramos de hachís y cerca de 2 kilogramos de cocaína.",,,,https://www.rainews.it/tgr/lazio/articoli/2025/06/maxi-sequestro-di-hashish-e-cocaina-arrestati-due-uomini-di-anagni-8a574848-10c9-4650-abdd-587f09915246.html,Archived Link - Italy,,df87ada6-b004-4a94-81aa-d0b271393cce
Seizure,Individual,2025-07-29,,2025,7,29,,Cocaine,2.0,Kilogram,Land,,Europe,Italy,Emilia-Romagna,Pontenure,,,,,,,,,,,,,,,,,,"Italian police seized approximately 2 kilograms of cocaine on July 29 in a rural drug lab near Pontenure, Piacenza, where three Albanian nationals were preparing the cocaine for resale. ",,,,https://www.piacenzasera.it/2025/08/scoperto-il-laboratorio-della-droga-a-pontenure-tre-arresti-e-due-chili-di-coca-sequestrati/604828/,Archived Link - Italy,,b2138d7f-0450-4410-9f85-8e4142be836b
Seizure,Individual,2025-09-23,,2025,9,23,,Cocaine,2.0,Kilogram,Land,,Europe,Italy, Marche, Caldarola,,,,,,,,,,,,Europe,Italy, Marche, Caldarola,,," un hombre de 58 años fue arrestado en Caldarola, Italia, por poseer 2 kg de cocaína ocultos en su mochila mientras iba en bicicleta. ",,,,https://www.cronacheancona.it/2025/09/24/in-bici-con-due-chili-di-cocaina-arrestato-un-58enne/570697/,Archived Link - Italy,,887e7815-ca68-4b11-bffe-45acf2880553
Seizure,Individual,2025-08-13,,2025,8,13,,All/Unspecified/Multiple,2.5,Kilogram,Land,Concealed in suitcase of bus passenger,South America,Chile,Bío Bío,Cabrero,Colombia,,,,,,,,,,,,,,,,,Carabineros OS7 seized 2.5 kg of cocaine HCl and base paste hidden in bus luggage at Cabrero,,,,https://www.biobiochile.cl/noticias/nacional/region-del-bio-bio/2025/08/14/detienen-a-extranjero-que-transportaba-en-bus-2-kilos-y-medio-de-cocaina-y-pasta-base-en-cabrero.shtml,Archived Link - Chile,,e5bf3209-cc96-449a-b0b5-a356b3faac07
Seizure,Individual,2025-08-14,,2025,8,14,,Other (explain in Description),2.5,Kilogram,Land,"Hidden in suitcase, detected via sniffer dog",South America,Chile,Bío Bío Region,Cabrero,,,,South America,Chile,Bío Bío Region,Cabrero,,,,,,,,,,,"A Colombian national, in irregular status, was arrested at a roadside control on Route 5 Sur in Cabrero, Bío Bío Region, carrying 2.5 kg of cocaine (hydrochloride and base paste) in his luggage, detected by OS‑7 sniffer dogs.",,,,https://www.biobiochile.cl/noticias/nacional/region-del-bio-bio/2025/08/14/detienen-a-extranjero-que-transportaba-en-bus-2-kilos-y-medio-de-cocaina-y-pasta-base-en-cabrero.shtml,Archived Link - Chile,,94233975-7da0-4240-b61a-da707562f3bf
Seizure,Individual,2025-07-08,,2025,7,8,,Cocaine,3.0,Kilogram,Air,,South America,Brazil,Santa Catarina,Florianopolis,,,,,,,,,,,,Europe,France,Ile de la Cite,Paris,,,"Un hombre de 23 años fue arrestado por tráfico internacional de drogas tras intentar abordar un vuelo con aproximadamente 3 kilogramos de cocaína atados a las piernas. Fue descubierto en el Aeropuerto Internacional Hercílio Luz de Florianópolis , con destino a París , Francia.",,,,https://g1.globo.com/sc/santa-catarina/noticia/2025/07/08/homem-viagem-paris-preso-cocaina-aeroporto-florianopolis.ghtml,Archived Link - Brazil,,e5c14ab6-e3b3-47ee-8cab-2b7b2e0f2415
Seizure,Individual,2025-07-23,,2025,7,23,,Cocaine,3.0,Kilogram,Air,False compartment in bag,South America,Brazil,São Paulo,Guarulhos Airport,,,,,,,,,,,,Asia,Qatar,,Doha,,,Surinamese man caught with 3kg of cocaine hidden in a false compartment of his suitcase at São Paulo airport; arrested before boarding flight to Qatar.,,,,https://www.waterkant.net/suriname/2025/07/28/surinamer-met-drugs-aangehouden-op-luchthaven-sao-paulo/,Archived Link - Brazil,,9b5563ee-279f-4fcb-8cdd-e2dc4822379e
Seizure,Individual,2025-04-08,,2025,4,8,,Cocaine Base,3.0,Kilogram,Land,,South America,Brazil,Goiás,Jataí,,,,,,,,,,,,,,,,,,"La Policía Federal de Carreteras incautó aproximadamente 3 kg de pasta base de cocaína durante una inspección en el km 198 de la BR-364, en el municipio de Jataí, región suroeste de Goiás.",,,,https://www.gov.br/prf/pt-br/noticias/estaduais/goias/2025/abril/cocaina-escondida-em-porta-de-carro-e-apreendida-na-br-364-em-jatai,Archived Link - Brazil,,d43fce43-c6c3-4ca8-bb78-d8d2e1805d8e
Seizure,Individual,2025-06-10,,2025,6,10,,Cocaine,3.0,Kilogram,Land,,South America,Brazil,Bahía,Jequié,,,,,,,,,,,,,,,,,,"Una mujer fue arrestada la mañana del martes (10) por tráfico de drogas tras ser descubierta con aproximadamente 3 kilos de pasta base de cocaína dentro de un autobús interestatal. La incautación se produjo durante una inspección de la Policía Federal de Carreteras (PRF) en el kilómetro 677 de la BR-116, en Jequié, al suroeste de Bahía.",,,,https://www.gov.br/prf/pt-br/noticias/estaduais/bahia/2025/junho/prf-apreende-3-kg-de-cocaina-em-onibus-na-br-116-em-jequie-ba,Archived Link - Brazil,,72da3dd5-80f7-4c79-89ba-c8a57165b4a2
Seizure,Individual,2025-04-15,,2025,4,15,,Cocaine,5.0,Kilogram,Land,,South America,Brazil,Mato Grosso do Sul,Campo Grande,,,,,,,,,,,,,Brazil,Mato Grosso do Sul,Tres Lagoas,,,"Tres Lagunas/MS.  La Policía Federal detuvo este lunes (14/4) a dos mujeres por tráfico de drogas. La acción ocurrió después de una denuncia anónima de que dos personas transportaban estupefacientes en un autobús que salió de Campo Grande/MS con destino a Três Lagoas/MS. Ante la situación, policías federales se acercaron al vehículo y encontraron junto a las mujeres aproximadamente 5 kilos de cocaína. Los pasajeros fueron llevados a la Comisaría de la Policía Federal de Três Lagoas/MS y acusados ​​de tráfico de drogas.",,,,https://www.gov.br/pf/pt-br/assuntos/noticias/2025/04/pf-prende-em-flagrante-duas-pessoas-pelo-crime-de-trafico-de-drogas-em-tres-lagoas-ms,Archived Link - Brazil,MAD,8f5110ed-993a-4679-a86b-f838e144c441
Seizure,Individual,2025-06-18,,2025,6,18,,Cocaine Base,5.0,Kilogram,Land,,South America,Brazil,Santa Catarina,Palhoça,,,,South America,Brazil,Santa Catarina,Palhoça,,,,,,,,,,,El conductor de un vehículo fue detenido en Santa Catarina mientras transportaba 5 kilos de pasta base y 20 kilos de clorhidrato de cocaína.,,,,https://www.gov.br/prf/pt-br/noticias/estaduais/santa-catarina/motorista-tenta-fugir-da-prf-na-grande-florianopolis-e-e-pego-com-25-quilos-de-cocaina,Archived Link - Brazil,,e9574038-37c8-4e5f-8c95-471eb4214e82
Seizure,Individual,2025-08-20,,2025,8,20,,Cocaine,5.0,Kilogram,Land,,South America,Brazil,Sergipe,Nossa Senhora do Socorro,,,,South America,Brazil,Sergipe,Nossa Senhora do Socorro,,,,,,,,,,," los equipos localizaron y confiscaron 5 kg de clorhidrato de cocaína y 3 kg de hachís, así como municiones de pistola calibre .380 intactas, dos cargadores y un vehículo.",,,,https://www.gov.br/pf/pt-br/assuntos/noticias/2025/08/ficco-se-apreende-drogas-municoes-e-veiculo-em-nossa-senhora-do-socorro,Archived Link - Brazil,,24d3c628-0c92-484c-88c0-5dda8e93a76a
Seizure,Individual,2025-07-14,,2025,7,14,,Cocaine,7.0,Kilogram,Land,,South America,Brazil,São Paulo,Presidente Bernardes ,,,,,,,,,,,,,,,,,,"A Bolivian was arrested after transporting seven kilos of cocaine hidden inside beets at km 585 of the Raposo Tavares Highway (SP-270), in Presidente Bernardes (SP)",,,,https://g1.globo.com/sp/presidente-prudente-regiao/noticia/2025/07/14/boliviano-e-preso-ao-transportar-7kg-de-cocaina-escondidos-dentro-de-beterrabas-em-presidente-bernardes.ghtml,Archived Link - Brazil,,1e097464-5371-4c14-aac8-27225eadfbae
Seizure,Individual,2025-08-12,,2025,8,12,,Cocaine,7.0,Kilogram,Land,Drugs buried underground,South America,Brazil,Amapá,Macapá,,,,,,,,,,,,,,,,,,Police seized 7 kg of cocaine buried in a backyard in Macapá and arrested a 24-year-old alleged gang member.,,,,https://g1.globo.com/ap/amapa/noticia/2025/08/12/policia-prende-suspeito-de-trafico-com-cocaina-enterrada-em-quintal-na-zona-sul-de-macapa.ghtml,Archived Link - Brazil,,38f71033-1014-4f2b-b469-0f248c72ce21
Seizure,Individual,2025-08-20,,2025,8,20,,Cocaine,7.0,Kilogram,Land,Vehicle and residence,South America,Brazil,Sergipe,Nossa Senhora do Socorro,,,,South America,Brazil,Sergipe,Nossa Senhora do Socorro,,,,,,,,,,,Approximately 7 kg of cocaine hydrochloride found during operation in vehicle and residence,,,,https://www.gov.br/pf/pt-br/assuntos/noticias/2025/08/ficco-se-apreende-7kg-cocaina-em-nossa-senhora-do-socorro-se,Archived Link - Brazil,,61898385-77af-4ac0-9f0f-c78c63d7081b
Seizure,Individual,2025-06-02,,2025,6,2,,Cocaine,8.0,Kilogram,Land,,South America,Argentina,Chaco,Makallé,,,,South America,Argentina,Chaco,Makallé,,,,,,,,,,,"two women, aged 19 and 25, were arrested in Chaco, Argentina, while traveling on a long-distance bus from Salta to Posadas, Misiones. They were found with over 8 kilograms of high-purity cocaine concealed in their belongings.",,,,https://www.elesquiu.com/policiales/2025/6/2/viajaban-con-una-bebe-mas-de-kilos-de-cocaina-556112.html,Archived Link - Argentina,,129c394d-5793-4f74-9963-90f20908db77
Seizure,Individual,2025-09-15,,2025,9,15,,Cocaine,8.0,Kilogram,Land,Body-carried by two individuals on Route 34 checkpoint,South America,Argentina,Tucumán,7 de Abril,,,,,,,,,,,,,,,,,,"Two Bolivian citizens were intercepted on Route 34 in 7 de Abril, Tucumán, Argentina, carrying a total of 8.985 Kilograms of cocaine in body-wrapped packages. The drugs tested positive in field Narcotests.",,,,https://www.argentina.gob.ar/noticias/gna-detuvo-una-pareja-que-llevaba-cocaina-en-el-cuerpo,Archived Link - Argentina,,fc5f9175-916e-46fb-ba8c-9d8ac0c7f790
Seizure,Individual,2025-09-29,,2025,9,29,,Cocaine,9.0,Other (explain in Description),Air,Hammocks impregnated with cocaine,Caribbean,Dominican Republic,Santo Domingo,Santo Domingo Este (AILA),Dominican Republic,Santo Domingo Este,,,,,,Europe,Spain,,,,,,Europe,Netherlands,,Authorities intercepted 9 hammocks impregnated with cocaine at AILA; destined for Spain and Netherlands.,,,,https://elnuevodiario.com.do/video-dncd-frustra-envio-de-hamacas-de-tela-impregnadas-con-presunta-cocaina/ ,Archived Link - Dominican Republic,,e2790383-bb11-4a21-9410-6c63d5c73185
Seizure,Individual,2025-09-29,,2025,9,29,,Cocaine,9.0,Other (explain in Description),Air,Hammocks impregnated with cocaine,Caribbean,Dominican Republic,Santo Domingo,Santo Domingo Este (AILA),,,,,,,,Europe,Spain,,,,,,Europe,Netherlands,,Authorities intercepted 9 hammocks impregnated with cocaine at AILA; destined for Spain and Netherlands.,,,,https://elnuevodiario.com.do/video-dncd-frustra-envio-de-hamacas-de-tela-impregnadas-con-presunta-cocaina/ ,Archived Link - Dominican Republic,,e6f90942-d551-49db-ba22-af42c3a52b7f
Seizure,Individual,2025-04-23,,2025,4,23,,Cocaine,10.0,Kilogram,Land,,South America,Argentina,Salta,,,,,South America,Argentina,Salta,,,,,,,,,,,,Un hombre llevaba 10 kilogramos de cocaína en un camión de mudanza mientras transitaba por una ruta de la provincia de Salta.,,,,https://www.argentina.gob.ar/noticias/salta-simulaba-realizar-una-mudanza-para-llevar-mas-de-10-kilos-de-cocaina-dentro-de-dos,Archived Link - Argentina,,80ca593f-30fd-4cf1-808a-1de9dc9ec649
Seizure,Individual,2025-07-27,,2025,7,27,,Cocaine,10.0,Kilogram,Land,,South America,Argentina,Río Negro,General Roca,,,,,,,,,,,,,,,,,,Operation “Ola Polar”: 10+ kg of cocaine seized in General Roca. 3 people detained. Cocaine hidden in homes used for storage/distribution. Investigation started by anonymous tip. Estimated value: $77 million pesos.,,,,https://www.lmcipolletti.com/policiales/golpe-al-narcotrafico-alto-valle-secuestran-mas-10-kilos-cocaina-y-detienen-tres-personas-n1201437,Archived Link - Argentina,,b55e2709-7f40-4a66-b1ac-07786a55d05f
Seizure,Individual,2025-09-24,,2025,9,24,,Cocaine Base,10.0,Kilogram,Land,,South America,Brazil,Sao Paulo,Nova Odessa,,,,South America,Brazil,Sao Paulo,Nova Odessa,,,,,,,,,,,Police arrested a man in Nova Odessa with 10 kg of base paste cocaine; the drug was found in his home.,,,,https://g1.globo.com/sp/piracicaba-regiao/noticia/2025/09/24/homem-e-preso-por-trafico-de-drogas-com-10-kg-de-pasta-base-de-cocaina-em-nova-odessa.ghtml,Archived Link - Brazil,,cfbc37be-9bf3-4709-a507-a318ee0848f6
Seizure,Individual,2025-09-20,,2025,9,20,,Cocaine,10.0,Kilogram,Land,,South America,Brazil,Goiás , Montividiu,,,,South America,Brazil,Goiás , Montividiu,,,,,,,,,,," PRF intercepted a truck on BR-364 in Montividiu, Goiás, seizing 10 kg of cocaine within a total of approx. 80 kg of drugs including skunk; driver arrested. ",,,,https://www.gov.br/prf/pt-br/noticias/estaduais/goias/2025/setembro/prf-intercepta-cerca-de-80-kg-de-drogas-em-montividiu-go,Archived Link - Brazil,,116d3d3b-e54a-4960-89c5-cfaa539235a4
Seizure,Individual,2025-07-16,,2025,7,16,,Cocaine,11.0,Kilogram,Land,,Europe,Italy,Lombardy,Milan,,,,,,,,,,,,,,,,,,"Police officers arrested a 23-year-old Moroccan man, seized 11 kilos of cocaine",,,,https://pocketnews.it/spacciava-cocaina-in-moto-23enne-arrestato-con-11-kg-di-droga-e-66mila-euro-in-contanti/,Archived Link - Italy,,a1c5b33d-03e7-41d2-bf86-f30fdd781be2
Seizure,Individual,2025-08-11,,2025,8,11,,Cocaine,11.0,Kilogram,Land,House search,Europe,Italy,Turin,Nichelino,,,,,,,,,,,,,,,,,,"Police seized 11 kg of cocaine, arrested 2 Albanian men and 1 Italian woman; materials for packaging found in rural property linked to suspects.",,,,https://www.giornalelavoce.it/news/cronaca/617489/blitz-antidroga-a-nichelino-tre-arresti-e-sequestrati-oltre-11-chili-di-cocaina.html,Archived Link - Italy,,8906b2bb-0815-460e-b971-e70dae99b729
Seizure,Individual,2025-05-29,,2025,5,29,,Cocaine,12.0,Kilogram,Land,,South America,Argentina,Tucumán,,,,,,,,,,,,,,,,,,,A citizen filled two fire extinguishers with 12 kilos of cocaine and was arrested. ,,,,https://www.argentina.gob.ar/noticias/tucuman-un-ciudadano-relleno-dos-matafuegos-con-12-kilos-de-cocaina-y-quedo-detenido,Archived Link - Argentina,,e0a7632b-5627-4cdd-8625-66e0e1c2a246
Seizure,Individual,2025-08-18,,2025,8,18,,Other (explain in Description),12.0,Kilogram,Land,,South America,Argentina,Salta,San Carlos,,,,South America,Argentina,Salta,San Carlos,,,,,,,,,,,12 kilos de hoja de coca transportada en un camión destino Mendoza.,,,,https://www.argentina.gob.ar/noticias/en-san-juan-incautaron-mas-de-1-kilo-de-cocaina-y-12-kilos-de-hojas-de-coca,Archived Link - Argentina,,4f4faca1-517d-4d82-807a-b4bb34005cfa
Seizure,Individual,2025-09-28,,2025,9,28,,Cocaine,13.4,Kilogram,Container,Concealed in body cream containers at Lagos airport,Africa,Nigeria,Lagos,Ikeja / MMIA,,,,,,,,,,,,,,,,,,NDLEA intercepted 13.4 kg of cocaine concealed in body cream containers at Lagos international airport.,,,,https://www.msn.com/en-xl/news/other/ndlea-intercepts-europe-bound-cocaine-in-lagos-nabs-suspected-bandits-suppliers-in-borno-yobe/ar-AA1NReDw,,,41af51e2-95ff-441a-8f9c-ac98299ecd71
Seizure,Individual,2025-10-05,,2025,10,5,,Cocaine,13.4,Kilogram,Container,Found in body-cream containers destined for UK,Africa,Nigeria,Lagos,MMIA Ikeja,,,,,,,,,,,,,,,,,,"Shipments to UK intercepted in containers hidden in cream/gels. Multiple shipments, kingpin arrested.",,,,https://saharareporters.com/2025/10/05/nigerian-authorities-foil-multiple-cocaine-export-attempts-uk-arrest-kingpin-five-others,,,dcba78b5-f930-49c2-9735-59857f1a04d2
Seizure,Individual,2025-03-31,,2025,3,31,,Cocaine Base,14.0,Kilogram,Land,,South America,Argentina,Jujuy,Yuto,,,,South America,Argentina,Salta,Aguas Blancas,South America,Argentina,Jujuy,Yuto,,,,,,,Autoridades argentinas decomisaron 14 kilos de pasta base de coca que habían sido escondidas en una encomienda. La droga era transportada en un bus intermunicipal que venía de la provincia fronteriza de Salta. ,,,,https://www.argentina.gob.ar/noticias/jujuy-acondiciono-14-kilos-de-pasta-base-dentro-de-un-parlante,Archived Link - Argentina,,4ccd5fb7-3fa9-491c-ad28-e1897310f360
Seizure,Individual,2025-09-16,,2025,9,16,,Cocaine,14.0,Kilogram,Land,"Hidden in fuel tank, sprayed with perfume to evade dogs",South America,Argentina,Salta,Ruta Provincial 5,,,,,,,,,,,,,,,,,,"GNA seized 14 Kilograms of cocaine hidden in the fuel tank of a car on Ruta Provincial 5, Salta.",,,,https://www.eltribuno.com/policiales/2025-9-14-7-26-0-ruta-provincial-5-sigue-siendo-el-corredor-del-narcotrafico-otro-golpe-con-perfume-arabe-y-cocaina,Archived Link - Argentina,,6e5bed68-ed87-45aa-9750-89651ba73b24
Seizure,Individual,2025-02-02,,2025,2,2,,Cocaine,20.0,Kilogram,Land,,North America,United States,Florida,Baldwin Park,,,,,Mexico,,,,,,,,United States,Florida,Baldwin Park,,,"Según el acuerdo de culpabilidad, el 17 de octubre de 2022, la Administración para el Control de Drogas (DEA) recibió información de que los conspiradores James Mirabal y Jonathan Beharry estaban organizando una entrega de 20 kilogramos de cocaína, cada uno de los cuales Beharry planeaba vender por $20,000. Agentes de la DEA vigilaron a Beharry cuando se reunió con un individuo en un estacionamiento que conducía una camioneta con matrícula de Texas, conducida por Trevino con Ibarra en el asiento del copiloto. Trevino le entregó una maleta a Beharry que contenía cocaína por valor de $400,000. ",,,,https://www.justice.gov/usao-mdfl/pr/el-paso-conspirators-plead-guilty-delivering-20-kilograms-mexican-cocaine-baldwin-park,Archived Link - United States,MAD,2e4c3fdb-31de-43aa-9d06-64e6ab4b3573
Seizure,Individual,2025-07-20,,2025,7,20,,Cocaine,20.0,Kilogram,Land,,North America,United States,Texas,Ysleta Port of Entry,,,,North America,Mexico,,,,,,,,United States,,,,,20 kg of cocaine found hidden in a secret compartment under the rear seat of a Ford Explorer during a canine inspection at the Ysleta Port of Entry at the US‑Mexico border.,,,,https://www.infobae.com/mexico/2025/07/23/mujer-estadounidense-es-detenida-por-agentes-cbp-con-cargamento-de-cocaina-que-provenia-desde-mexico/,Archived Link - United States,,e33db840-4c9f-4cad-989a-708ca17a393a
Seizure,Individual,2025-06-09,,2025,6,9,,Cocaine Base,24.0,Kilogram,Land,,South America,Colombia,Antioquia,Medellín,,,,,,,,,,,,,,,,,,"En Manrique se produjo el resultado más númeroso en cuanto a capturas e incautaciones. Allí, cayeron seis hombres entre los 18 y 48 años y fueron incautados 24.170 dosis de base de cocaína, 5.060 dosis de anfetaminas, 17.665 gramos de marihuana, 60 vapeadores de marihuana, un arma de fuego y nueve cartuchos, además de tres teléfonos celulares. Este golpe se produjo simultáneamente, en varias de las guaridas más importantes del nororiente de Medellín. ",,,,https://www.eltiempo.com/colombia/medellin/masivo-allanamiento-a-las-guaridas-de-expendio-de-la-terraza-y-caicedo-en-medellin-11-personas-fueron-capturadas-3461397,Archived Link - Colombia,,0a4a1281-d4ff-4c37-969f-55b02beffc14
Seizure,Individual,2025-09-05,,2025,9,5,,Cocaine,24.0,Kilogram,Land,Found on passenger at pier,South America,Colombia,Valle del Cauca,Buenaventura (muelle turístico),,,,,,,,,,,,,,,,,,"En el marco del Plan de Intervención a Buenaventura, la Policía Nacional logró en las últimas horas la captura de un hombre de 23 años en el muelle turístico de la ciudad. El procedimiento se desarrolló durante actividades de registro y control en el sector, donde las unidades policiales identificaron al sujeto. Tras una inspección, se le hallaron 24.000 gramos de clorhidrato de cocaína, ocultos entre sus pertenencias.",,,,https://www.policia.gov.co/noticia/capturado-en-muelle-turistico-buenaventura-con-24-kilos-cocaina,Archived Link - Colombia,,35a78a7f-4038-4545-8088-84c44d5041cf
Seizure,Individual,2025-05-03,,2025,5,3,,Cocaine,24.0,Kilogram,Land,,Europe,Italy,Toscana,Lucca,,,,Africa,Mali,Bamako,,,,,,Europe,Italy,,Florence,,Versilia,"24 kg of cocaine found inside warehouse in Lucca, allegedly set to supply dealers in Versilia and Florence.",,,,https://www.firenzetoday.it/cronaca/cocaina-capannori-lucca.html,Archived Link - Italy,,f58443cc-d465-44a1-a116-c82abb960b34
Seizure,Individual,2025-05-09,,2025,5,9,,Cocaine,24.0,Kilogram,Land,,Europe,Italy,Lombardy,Milano,,,,,,,,,,,,,,,,,,"Man was stopped in the province of Milan during a routine road check that that uncovered 24 kg of cocaine - along with multiple smartphones, which will be analyzed to reconstruct the network of contacts and identify any accomplices or suppliers.",,,,https://primapavia.it/cronaca/maxi-sequestro-di-cocaina-arrestato-imprenditore-trovato-con-24-chili-di-droga/,Archived Link - Italy,,ecaef127-07c8-49b5-ab4c-3d17d0c9f6f9
Seizure,Individual,2025-07-24,,2025,7,24,,Cocaine,24.0,Kilogram,Land,,Europe,Italy,Sicily,Catania,,,,Europe,Spain,,,,,,,,,,,,,24 kg of cocaine discovered in two suspicious packages shipped from Spain and carried in a courier van around Catania; driver arrested after erratic route triggered intervention; valued at over €5 M.,,,,https://siracusapress.it/cronache-siciliane/catania-sequestrati-24-chili-di-cocaina-arrestato-corriere-di-societa-di-spedizioni/,Archived Link - Italy,,fc3170df-6ea4-46ad-9bab-2df2e45d7fa3
Seizure,Individual,2025-07-20,,2025,7,20,,Cocaine,25.0,Kilogram,Container,inside refrigeration,Africa,Morocco,Tanger‑Tétouan-Al Hoceima,Tanger Med Port,,,,South America,,,,Europe,Netherlands,,,,,,,,,Single seizure of 25 kg raw cocaine hidden in 23 bricks in a refrigerated container from South America to Netherlands; investigation opened by Tanger judicial police under DGSN; no info on origin groups,,,,"https://www.barlamane.com/fr/une-cargaison-de-25-kilogrammes-de-cocaine-brute-saisie-au-port-de-tanger-med/ (afropages.fr, barlamane.com)",Archived Link - Morocco,,2f70a9a4-c36c-47c7-8328-0a3223d3017e
Seizure,Individual,2025-07-21,,2025,7,21,,Cocaine,25.0,Kilogram,Container,Hidden in cooling unit,Africa,Morocco,Tangier,Tangier Med,,,,,,,,,,,,Europe,Netherlands,,,,,25 kg of cocaine hidden in cooling system of container seized at Tangier Med port en route to NL.,,,,https://www.crimesite.nl/cocaine-op-weg-naar-nederland-gepakt-in-marokko/,Archived Link - Morocco,,8cfb7a07-b800-40ac-bff2-5932b7600ad7
Seizure,Individual,2025-04-13,,2025,4,13,,Crack Cocaine,30.0,Kilogram,Land,,South America,Brazil,Pará,Vitória do Xingu,Peru,,,South America,Brazil,Amazonas,Santarem,,Brazil,Pará,Vitória do Xingu,,Brazil,Pará,Altamira,,,"Gabriel Batista Santos y Edisan Souza dos Santos salieron de Santarém , en el oeste de Pará, con aproximadamente 30 kg de droga. Fueron detenidos en Vitória do Xingu. Según la Policía Civil, el cargamento de crack había sido monitoreado durante al menos 15 días, cuando los equipos fueron informados del material narcótico que salía de la frontera entre Brasil y Perú y tenía como destino el municipio de Altamira. La droga entró al estado de Amazonas y luego fue llevada a Santarém, desde donde continuaría vía terrestre hasta Altamira.",,,,https://g1.globo.com/pa/santarem-regiao/noticia/2025/04/13/operacao-forja-santareno-e-preso-em-vitoria-do-xingu-suspeito-de-envolvimento-com-o-trafico-internacional-de-drogas.ghtml,Archived Link - Brazil,MAD,39661277-469b-4cd9-b654-39d94b8c625f
Seizure,Individual,2025-09-22,,2025,9,22,,Cocaine,30.0,Kilogram,Land,,South America,Brazil,Sao Paulo,Várzea Paulista,,,,South America,Brazil,Sao Paulo,Várzea Paulista,,,,,,,,,,,"Police seized approximately 30 kg of cocaine and materials used to produce counterfeit alcoholic beverages during a raid on a residence in Várzea Paulista, SP.",,,,https://g1.globo.com/sp/sorocaba-jundiai/noticia/2025/09/22/policia-apreende-drogas-e-materiais-para-fabricacao-de-bebidas-falsificadas-em-varzea-paulista.ghtml,Archived Link - Brazil,,65a4564c-60ff-4068-994e-919a6db07eb9
Seizure,Individual,2025-03-31,,2025,3,31,,Cocaine,30.0,Package,Land,,South America,Bolivia,,,,,,South America,Bolivia,,,,,,,,,,,,,30 paquetes de cocaína fueron encontrados en un paso ilegal entre Bolivia y Argentina.,,,,https://www.eldia.com.bo/2025-03-31/pais/descubren-30-paquetes-de-cocaina-ocultos-en-frazadas-un-intento-de-trafico-hacia-argentina-que-sorprende.html,Archived Link - Bolivia,,47bcbdd8-d00b-4e0a-9039-c6bcc5821e97
Seizure,Individual,2025-09-17,,2025,9,17,,Cocaine Base,30.0,Package,Land,Hidden in bus luggage (3 suitcases),South America,Bolivia,Oruro/Potosí route,,,,,,,,,,,,,,,,,,,FELCN seized 30 packages of cocaine base hidden in suitcases on a bus traveling Oruro–Potosí.,,,,https://www.opinion.com.bo/articulo/policial/encuentran-30-paquetes-droga-bus-que-transitaba-carretera-oruro-potosi/20250918204957980220.html,Archived Link - Bolivia,,9edb1406-dc36-4e17-bf84-796ce5245314
Seizure,Individual,2025-09-18,,2025,9,18,,Cocaine Base,30.0,Package,Land,Bus interdepartamental en carretera Oruro‑Potosí,South America,Bolivia,,,,,,,,,,,,,,,,,,,,Hallan 30 paquetes de pasta base de cocaína en maletas dentro de un bus de transporte interdepartamental en la carretera entre Oruro y Potosí.,,,,https://www.opinion.com.bo/articulo/policial/encuentran-30-paquetes-droga-bus-que-transitaba-carretera-oruro-potosi/20250918204957980220.html,Archived Link - Bolivia,,b7d00b23-6fe7-4af2-8742-f68bfa3f9f9f
Seizure,Individual,2025-06-08,,2025,6,8,,Cocaine,32.0,Kilogram,Land,,South America,Brazil,Río de Janeiro,Piraí,,,,,,,,,,,,,,,,,,"La noche del sábado 7 de junio, la Policía Federal arrestó a un camionero que transportaba alrededor de 600 kg de marihuana y 32 kg de cocaína, ocultos entre un cargamento de productos de limpieza. El abordaje ocurrió en la Carretera Presidente Dutra, cerca del municipio de Piraí/RJ, durante un retén policial realizado por la Policía Federal. El operativo contó con la ayuda de perros rastreadores que localizaron las cajas ocultas donde se almacenaba la droga. Además de la droga, la policía encontró un revólver calibre .38 con el número de serie borrado en posesión del conductor.",,,,https://www.gov.br/pf/pt-br/assuntos/noticias/2025/06/pf-apreende-mais-de-600-kg-de-drogas-e-arma-de-fogo-em-caminhao-interceptado-na-rodovia-presidente-dutra,Archived Link - Brazil,,73156496-cd6b-4e2e-9841-2fb360356fef
Seizure,Individual,2025-08-14,,2025,8,14,,Cocaine,32.0,Kilogram,Land,Hidden inside spare truck tires ,South America,Brazil,Mato Grosso do Sul,Três Lagoas,,,,,Brazil,South America,Corumbá (MS),,,,,,Brazil,São Paulo,Bauru,,,PRF found 35 kg cocaine and 12 kg marijuana hidden in spare tires of a truck traveling BR-262. Driver confessed load came from Corumbá (MS) and was destined for Bauru (SP).,,,,https://www.gov.br/prf/pt-br/noticias/estaduais/mato-grosso-do-sul/2025/agosto/prf-apreende-47-kg-de-cocaina-e-maconha-em-tres-lagoas-ms,Archived Link - Brazil,,90ee63e4-59e2-4b83-9551-79f4c72c7ae9
Seizure,Individual,2025-08-11,,2025,8,11,,Cocaine,41.0,Kilogram,Land,Hidden in car trunk compartment,South America,Brazil,São Paulo,Bragança Paulista,,,,,,,,,,,,,,,,,,PRF seized 43 kg of cocaine hidden in a trunk compartment during a highway inspection in Bragança Paulista; one suspect detained.,,,,https://g1.globo.com/sp/vale-do-paraiba-regiao/noticia/2025/08/12/prf-apreende-43-kg-de-cocaina-escondidos-em-porta-malas-de-carro-na-fernao-dias.ghtml,Archived Link - Brazil,,ce215fbe-c9d6-4a0d-b458-d2c856f7511d
Seizure,Individual,2025-08-26,,2025,8,26,,Cocaine,41.0,Kilogram,Land,Camión interceptado en BR‑158; conductor intentó huir y arrojar tabletes,South America,Brazil,Mato Grosso do Sul,Paranaíba (MS),,,,South America,Brazil,Mato Grosso do Sul,Paranaíba (MS),,,,,,,,,,,La PRF interceptó un camión en la BR‑158 en Paranaíba (MS) con 41 kg de cocaína. El conductor intentó huir y descartó parte de la carga.,,,,https://www.gov.br/prf/pt-br/noticias/estaduais/mato-grosso-do-sul/2025/agosto/prf-apreende-41-kg-de-cocaina-em-paranaiba-ms,Archived Link - Brazil,,d91780bc-55e2-4988-a579-905ab94dcc8c
Seizure,Individual,2025-03-28,,2025,3,28,,Cocaine,44.0,Kilogram,Land,,South America,Argentina,Jujuy,Volcán,,,,South America,Argentina,Jujuy,Volcán,,,,,,,,,,,Un perro antodrogas localizó 44 kilos de cocaína en dos vehículos que se movilizaban por la provincia de Jujuy en Argentina. A las personas que se movilizaban en los carros les decomisaron dinero boliviano.,,,,https://www.argentina.gob.ar/noticias/secuestramos-44-kilos-de-cocaina-y-detuvimos-cuatro-personas-en-jujuy,Archived Link - Argentina,,52acd033-05bb-4d3c-a1f1-7ce0af61b4f1
Seizure,Individual,2025-08-16,,2025,8,16,,Cocaine,44.0,Kilogram,Land,Hidden in maize cargo inside truck,South America,Argentina,Santiago del Estero,,,,,South America,Argentina,Santiago del Estero,,,,,,,,,,,,Seizure of 44 kg of cocaine concealed in maize cargo reported in mid‑August 2025.,,,,https://www.eltribuno.com/policiales/2025-8-16-0-0-0-maiz-de-aguaray-con-44-kg-de-cocaina,Archived Link - Argentina,,8623d3bc-8f6c-480a-b494-c3f01f49feac
Seizure,Individual,2025-09-16,,2025,9,16,,Cocaine,44.0,Kilogram,Land,Hidden in vehicle panels (Fiat Toro),South America,Argentina,Tucumán,Tafí del Valle,,,,,,,,,,,,,,,,,,43.87 Kilograms of cocaine seized from a pickup truck with hidden panels on Ruta Nacional 40 in Tafí del Valle. Two Bolivians detained.,,,,Unclear,Archived Link - Argentina,,a66e99c5-54b5-4a42-91c7-9950e29010d3
Seizure,Individual,2025-04-30,,2025,4,30,,Cocaine,59.0,Kilogram,Land,,South America,Argentina,Salta,Salvador Mazza,Bolivia,,,,,,,,,,,,Chile,,,,,Authorities seized 59 kilos of cocaine hidden in cargo trucks headed for Chile.,,,,https://www.argentina.gob.ar/noticias/la-aduana-desbarato-el-trafico-de-59-kilos-de-cocaina-ocultos-en-camiones-de-carga,Archived Link - Argentina,,8234fe6e-387f-48cd-8a19-0544612e11ef
Seizure,Individual,2025-05-15,,2025,5,15,,Cocaine,59.0,Kilogram,Land,,South America,Argentina,Tucumán,Colalao del Valle,,,,,,,,,,,,,,,,,,"On May 15, 2025, Argentine Gendarmerie officers intercepted a Jeep Compass on National Route 40 near Colalao del Valle, Tucumán province. uppon dismantling the panels, officers discovered 56 rectangular packages containing cocaine, with a total weight of 58.955 kilograms.",,,,https://www.diariomendoza.com.ar/policiales/casi-59-kilos-cocaina-fueron-hallados-baul-auto-tucuman-n103231,Archived Link - Argentina,,c5db6710-ae7a-40b7-bd35-59f44a5a8926
Seizure,Individual,2025-08-06,,2025,8,6,,Cocaine,70.0,Kilogram,Land,Hidden in compartment in vehicle,South America,Brazil,Paraná,Medianeira,,,,,,,,,,,,,,,,,,"70 kg of cocaine seized in vehicle on BR-277 in Medianeira, PR.",,,,https://www.gov.br/pf/pt-br/assuntos/noticias/2024/08/pf-apreende-70-kg-de-cocaina-na-br-277-em-medianeira-pr,Archived Link - Brazil,,b2b7019a-8e3c-48cb-8dd4-6730ee3a85f8
Seizure,Individual,2025-09-29,,2025,9,29,,Cocaine,70.0,Kilogram,Land,Cocaine hidden in bags; Praia da Redinha beach,South America,Brazil,Rio Grande do Norte,Natal (Praia da Redinha),,,,,,,,,,,,,,,,,,"70 kg of cocaine seized on beach in Natal, Brazil.",,,,https://g1.globo.com/rn/rio-grande-do-norte/noticia/2025/09/29/cocaina-apreendida-na-redinha.ghtml,Archived Link - Brazil,,e617b4c3-85c6-44ec-a1d7-7cfea2ec7d4e
Seizure,Individual,2025-09-29,,2025,9,29,,Cocaine,70.0,Kilogram,Land,Cocaine hidden in bags; Praia da Redinha beach,South America,Brazil,Rio Grande do Norte,Natal (Praia da Redinha),,,,,,,,,,,,,,,,,,"70 kg of cocaine seized on beach in Natal, Brazil.",,,,https://g1.globo.com/rn/rio-grande-do-norte/noticia/2025/09/29/cocaina-apreendida-na-redinha.ghtml,Archived Link - Brazil,,440d82c4-d430-4ee5-95ce-2c1e42d48b29
Seizure,Individual,2025-09-07,,2025,9,7,,Cocaine,85.0,Kilogram,Land,"Concealed in fruit crates in truck trailer; marked with ""Delfín"" logo",South America,Argentina,Santiago del Estero,Taboada,,,,,Argentina,Buenos Aires,Mercado Central,,,,,,,,,,,"Authorities intercepted a truck transporting fruit from Perico, Jujuy to Mercado Central, Buenos Aires. Inside, they found 70 cocaine bricks (85 kg) hidden in crates. Packaging was marked with the logo of a known trafficker called ""El Patrón del Norte.""",El Patrón del Norte?*,,,https://www.argentina.gob.ar/noticias/el-dfi-de-la-pfa-incauto-un-millonario-cargamento-de-85-kilos-de-cocaina-y-detuvieron-un,Archived Link - Argentina,,805faf5c-e029-4dab-b9d8-f12d9d6783ee
Seizure,Individual,2025-09-14,,2025,9,14,,Cocaine,85.0,Kilogram,Land,Hidden under bananas and papayas in truck cargo,South America,Argentina,Santiago del Estero,Taboada,,,,,Argentina,Jujuy,Perico,,,,,,,,,,,"The Argentine Federal Police (PFA) intercepted a Scania truck in Taboada, Santiago del Estero, carrying 85 Kilograms of cocaine hidden beneath crates of bananas and papayas. The truck originated in Perico, Jujuy, and was headed to the Mercado Central in Buenos Aires. Authorities believe the drugs entered Argentina via the northern border. The cocaine packages bore the stamp of ""El Delfín,"" a known trafficker in the region.",,,,https://www.eltribuno.com/policiales/2025-9-13-0-0-0-entre-bananas-y-papayas-se-escondian-85-kg-de-cocaina,Archived Link - Argentina,,f1a70ef4-0ace-46f4-b9cb-612e5b07dc95
Seizure,Individual,2025-06-04,,2025,6,4,,Cocaine,90.0,Kilogram,Land,,South America,Brazil,Parana,Presidente Castelo Branco,,,,,,,,,,,,,,,,,,"El 4 de junio de 2025, la Policía Rodoviaria Federal (PRF) de Brasil incautó 92,8 kilogramos de pasta base de cocaína durante una inspección en la carretera BR-376, en el municipio de Presidente Castelo Branco, estado de Paraná. La droga estaba oculta en un compartimento de aluminio instalado bajo el piso de una camioneta",,,,https://www.gov.br/prf/pt-br/noticias/estaduais/parana/2025/junho/prf-apreende-mais-de-90-quilos-de-cocaina-em-presidente-castelo-branco-pr,Archived Link - Brazil,,34ad1c09-1314-4c54-a4cb-c3e25a3f00db
Seizure,Individual,2025-07-08,,2025,7,8,,Cocaine,90.0,Kilogram,Land,,South America,Brazil,Minas Gerais,Cambui,,,,,,,,,,,,,,,,,,"Una pareja fue detenida con más de 90 kg de cocaína durante un asalto en la carretera Fernão Dias, en Cambuí (MG) , la tarde de este lunes (7). Según la Policía Federal de Carreteras, la droga estaría valuada en más de R$ 4,5 millones.",,,,https://g1.globo.com/mg/sul-de-minas/noticia/2025/07/08/casal-e-preso-com-mais-de-90-kg-de-cocaina-na-rodovia-fernao-dias-em-cambui-mg.ghtml,Archived Link - Brazil,,6f9bd72e-ce59-4800-ba88-3a6dee450ab1
Seizure,Individual,2025-10-01,,2025,10,1,,Cocaine,99.0,Kilogram,Land,Hidden in furgón with modified compartments,South America,Colombia,Huila,La Plata,,Cauca,,,,,,,,,,,,,,,,Army intercepted 99 kg of cocaine in a furgón with hidden compartments in Huila.,,,,https://www.wradio.com.co/2025/10/01/ejercito-incauta-99-kilos-de-clorhidrato-de-cocaina-en-carreteras-del-huila/ ,Archived Link - Colombia,,e9b41008-0bbc-4fff-ad5f-20c9755c6cfb
Seizure,Individual,2025-10-01,,2025,10,1,,Cocaine,99.0,Kilogram,Land,Hidden in furgón with special compartments,South America,Colombia,Huila,La Plata,,Cauca,,,,,,,,,,,,,,,,"Nearly 99 kg of cocaine seized on Huila roads, hidden in a van from Cauca.",,,,https://www.bluradio.com/nacion/incautan-casi-100-kilos-de-cocaina-en-carreteras-del-huila-iban-escondidos-en-un-furgon-rg10 ,Archived Link - Colombia,,70bbcc72-46fa-4afb-8840-1536b3e43e45
Seizure,Individual,2025-04-22,,2025,4,22,,Cocaine Base,100.0,Kilogram,Land,,South America,Brazil,Minas Gerais,Juiz de Fora,,,,South America,Brazil,Minas Gerais,Juiz de Fora,,,,,,,,,,,"Un hombre de 25 años conducía un vehículo en el que hallaron 100 kilogramos de pasta base de cocaína en Juis de Fora, Minas Gerais. La droga sería entregada en la ciudad, sin embargo, el conductor no dio más detalles.",,,,https://g1.globo.com/mg/zona-da-mata/noticia/2025/04/22/prf-apreende-mais-de-100-kg-de-pasta-base-de-cocaina-em-carro-na-br-040-em-juiz-de-fora.ghtml,Archived Link - Brazil,,3d3bff7d-f90f-4e99-ae65-49efc73e2fe9
Seizure,Individual,2025-05-19,,2025,5,19,,Cocaine,100.0,Kilogram,Land,,South America,Brazil,Mato Grosso del Sur,Campo Grande,,,,South America,Brazil,Mato Grosso del Sur,Campo Grande,,,,,,,,,,,100 kilos de cocaína fueron incautados dentro de una pieza agrícola transportada en un camión. La pieza agrícola debía ser entregada a una empresa.,,,,https://www.gov.br/prf/pt-br/noticias/estaduais/mato-grosso-do-sul/2025/maio/em-acao-conjunta-prf-e-gaeco-apreendem-100-kg-de-cocaina-em-campo-grande-ms,Archived Link - Brazil,,b2f22524-d0e8-4cbb-9548-40f46ced5d59
Seizure,Individual,2025-07-27,,2025,7,27,,All/Unspecified/Multiple,100.0,Kilogram,Land,Packaged with Trump imagery,South America,Brazil,Rondônia,Guajará-Mirim,,,,,,,,,,,,,,,,,,"Approx. 100 kg of cannabis and cocaine were seized in a house in Guajará-Mirim, on the border with bolivia. Drugs were found hidden in boxes and bags wrapped in packaging with images of Donald Trump. ",Organization trafficking between municipalities in Rondônia,,,https://g1.globo.com/ro/rondonia/noticia/2025/07/28/drogas-embaladas-com-imagem-de-trump-sao-apreendidas-em-ro.ghtml,Archived Link - Brazil,,e38036c8-379f-487f-b5e9-a09a56dbeb1a
Seizure,Individual,2025-07-10,,2025,7,10,,Cocaine,106.0,Kilogram,Land,,South America,Argentina,Tucumán,,,,,,,,,,,,,,,,,,,"Detectan que dos camionetas que viajaban juntas estaban cargadas con 106 kilos de cocaína. Luego de inspeccionar los rodados, los uniformados descubrieron que ambos vehículos trasladaban paquetes rectangulares. Se extrajo un total de 101 ""ladrillos"" del interior de los paneles laterales e inferiores, de la caja de carga como así también detrás del asiento trasero. Este hallazgo derivó en la detención de cuatro personas, quienes llevaban la droga hacia Buenos Aires. Posteriormente, se realizó el registro de un domicilio ubicado en el Partido bonaerense de La Matanza, donde se secuestró elementos de interés para la causa.",,,,https://www.argentina.gob.ar/noticias/tucuman-detectan-que-dos-camionetas-que-viajaban-juntas-estaban-cargadas-con-106-kilos-de,Archived Link - Argentina,,5c20e21b-e370-43c7-8ea6-93af3e85f796
Seizure,Individual,2025-07-13,,2025,7,13,,Cocaine,106.0,Kilogram,Land,,South America,Argentina,Salta,Cafayate,,,,,,,,,,,,,,,,,,Four Cafayate residents arrested with 106 kilos of cocaine. They were traveling in two Volkswagen Saveiro vans. The drugs were destined for Buenos Aires.,,,,https://www.eltribuno.com/policiales/2025-7-14-0-0-0-cuatro-cafayatenos-detenidos-con-106-kilos-de-cocaina,Archived Link - Argentina,,d38f4e89-a0bd-43cd-a988-23865d2d49ee
Seizure,Individual,2025-08-14,,2025,8,14,,Cocaine,109.0,Kilogram,Land,Hidden in boxes among large shipment of fabric softener in tractor trailer,North America,United States,New York ,Buffalo (Peace Bridge),,,,North America,Canada,,,,,,,,United States,,,,,"Canadian resident of Indian nationality arrested transporting 109 kg cocaine in commercial tractor at the Peace Bridge Port of Entry, Buffalo. Cocaine hidden in boxes co-mingled with shipment of fabric softener. ",,,,https://www.justice.gov/usao-wdny/pr/canadian-resident-arrested-border-109-kilograms-cocaine,Archived Link - United States,,362d2d6d-e435-4992-9469-eea745e771f6
Seizure,Individual,2025-08-13,,2025,8,13,,Cocaine,109.0,Kilogram,Land,Hidden within boxes inside fabric softener shipment,North America,United States,New York,"Peace Bridge Port of Entry, Buffalo",,,,North America,United States,New York,"Peace Bridge Port of Entry, Buffalo",,,,,,,,,,,"Canadian‑resident Vishavpal Singh stopped at Peace Bridge, found with 109 kg cocaine hidden among fabric softener",,,,https://www.justice.gov/usao-wdny/pr/canadian-resident-arrested-border-109-kilograms-cocaine,Archived Link - United States,,844ceefc-d018-4f1f-b634-6e8aab84daeb
Seizure,Individual,2025-09-30,,2025,9,30,,Cocaine,120.0,Kilogram,Maritime,"Lancha intercepted, crew killed",Caribbean,Dominican Republic,Unclear,,,,,,,,,,,,,,,,,,,Authorities destroyed lancha carrying cocaine in Dominican waters; crew died.,,,,https://elnuevodiario.com.do/la-destruccion-de-una-lancha-del-narcotrafico-con-la-muerte-de-sus-ocupantes-fue-un-asesinato-que-debe-ser-investigado/,Archived Link - Dominican Republic,,df00656a-c5be-49da-b84c-e51244caefc7
Seizure,Individual,2025-09-30,,2025,9,30,,Cocaine,120.0,Kilogram,Maritime,"Lancha intercepted, crew killed",Caribbean,Dominican Republic,Unclear,,,,,,,,,,,,,,,,,,,Authorities destroyed lancha carrying cocaine in Dominican waters; crew died.,,,,https://elnuevodiario.com.do/la-destruccion-de-una-lancha-del-narcotrafico-con-la-muerte-de-sus-ocupantes-fue-un-asesinato-que-debe-ser-investigado/,Archived Link - Dominican Republic,,b564bab2-86f0-489b-b6f1-aa2e1ec17544
Seizure,Individual,2025-04-30,,2025,4,30,,Cocaine,120.0,Kilogram,Maritime,,Europe,Spain,,,,,,South America,Brazil,Santos,,,Gibraltar,,,,,,,,,"In Spain, a submarine drone uncovered 120 kilos of cocaine hidden on a bulk carrier from Brazil during a fuel stop in Gibraltar by the vessel.",,,,https://www.cronica.com.mx/mundo/2025/05/05/en-espana-dron-submarino-encuentra-carga-de-droga-originaria-de-brasil/,Archived Link - Spain,,6757c009-e489-4b75-a74e-000c970686fa
Seizure,Individual,2025-02-21,,2025,2,21,,Cocaine,120.0,Kilogram,Maritime,"""seascooter'",Europe,Spain,Galicia,Pontevedra,,,,,,,,,,,,,,,,,,"En los puertos de Marín y Vigo (Pontevedra), la Policía Nacional detuvo a ocho personas por intentar recuperar 120 kilos de cocaína adheridos al casco de un buque ruso usando propulsores subacuáticos. La droga procedía de Sudamérica; su destino final no fue mencionado.",,,,https://www.europapress.es/galicia/noticia-detenidos-vinculados-120-kilos-cocaina-marin-usaban-propulsores-subacuaticos-recuperar-droga-20250509125022.html,Archived Link - Spain,,775fd51e-5734-4b2a-bdc5-62fd31aca420
Seizure,Individual,2025-05-28,,2025,5,28,,Coca Crops,172.0,Kilogram,Land,,South America,Argentina,Jujuy,Volcan,,,,South America,Paraguay,,,South America,Argentina,,,,,,,,,"Gendarmería Nacional detuvo un camión de bandera paraguaya transportando autos. Al inspeccionar dos vehículos en el interior del camión, hallaron 172 kg de hojas de coca distribuidas en bolsas de arpillera ocultas en su interior",,,,https://www.argentina.gob.ar/noticias/jujuy-descubren-172-kilos-de-hojas-de-coca-dentro-de-dos-autos-que-eran-trasportados-en-un,Archived Link - Argentina,,2edbff73-956b-468d-b8c7-ae4d4f9e1c17
Seizure,Individual,2025-07-13,,2025,7,13,,Cocaine,172.0,Kilogram,Land,,South America,Argentina,Salta,Chaco,,,,,,,,,,,,,,,,,,"Members of the National Gendarmerie seized more than 172 kilos of cocaine that were being transported from Apolinario Saravia (Salta) to Corrientes , hidden in a double bottom of a cage truck",,,,https://www.eltribuno.com/policiales/2025-7-13-19-13-0-cayo-en-chaco-un-camion-narco-que-salio-de-salta-llevaba-172-kilos-de-cocaina-ocultos,Archived Link - Argentina,,9de23e1e-3e24-4e81-bd6b-fe52ab14ea31
Seizure,Individual,2025-08-05,,2025,8,5,,Cocaine,196.0,Kilogram,Land,Hidden among fruit pallets in a truck on AP-7 highway,Europe,Spain,Catalonia,Borrassà,,,,,,,,,,,,,,,,,,"Spanish police seized 196 kg of cocaine on August 5 from a truck on the AP-7 near Borrassà, Girona. The drugs were hidden among pallets of fruit. Hashish and marijuana were also found.",,,,https://www.huffingtonpost.es/sociedad/incautan-mas-400-kilos-cocaina-hachis-marihuana-escondidos-camion-girona.html,Archived Link - Spain,,be73c63e-42a1-4886-8af9-3fe887a938fd
Seizure,Individual,2025-08-02,,2025,8,2,,Cocaine,196.0,Kilogram,Land,Hidden in fruit pallets in truck trailer,Europe,Spain,Girona,Borrassà,,,,,,,,,,,,,,,,,,196 kg of cocaine hidden in pallets inside truck stopped in Borrassà.,,,,https://elpais.com/espana/catalunya/2025-08-05/los-mossos-desquadra-paran-a-un-camionero-por-hablar-por-telefono-y-le-encuentran-200-kilos-de-cocaina-y-200-de-hachis.html,Archived Link - Spain,,3882ab44-6656-4806-bd34-91b95d4d6f49
Seizure,Individual,2025-07-23,,2025,7,23,,Cocaine,197.0,Kilogram,Land,Truck crossing border,North America,Canada,Ontario,Point Edward,,,,North America,United States,,,,,,,,,,,,,197 Kilogram of cocaine seized from truck at Blue Water Bridge crossing.,,,,https://www.canada.ca/en/border-services-agency/news/2025/08/cbsa-seizes-197-kg-of-cocaine-at-the-blue-water-bridge.html,Archived Link - Canada,,fb7494a8-f851-4e8d-9b0e-640f40e34a31
Seizure,Individual,2025-07-23,,2025,7,23,,Cocaine,197.0,Kilogram,Land,Concealed in commercial truck shipment,North America,Canada,Ontario,Point Edward,,,,North America,United States,,,,,,,,Canada,,,,,"Canada Border Services Agency intercepted 197 kg of suspected cocaine hidden in 7 bags inside a commercial truck trailer at Blue Water Bridge, Point Edward, Ontario. Driver Onkar Kalsi, 29, from Caledon, Ontario, arrested; case handed to RCMP.",,,,https://courrierlaval.com/en/197-kg-de-cocaine-interceptes-a-la-frontiere/,Archived Link - Canada,,0e3a9931-7af1-4d11-86ca-5163ce041404
Seizure,Individual,2025-05-24,,2025,5,24,,Cocaine,200.0,Kilogram,Land,,South America,Brazil,Pará,Barcarena,,,,,,,,,,,,,,,,,,"Three men were arrested in flagrante delicto and around 200 kilos of cocaine were seized by the Civil Police during an operation carried out on Friday (23), on a rural property in Vila Arienga, in Barcarena, state of para",,,,https://g1.globo.com/pa/para/noticia/2025/05/24/trio-de-sao-paulo-e-flagrado-com-200-kg-de-cocaina-em-propriedade-rural-no-para.ghtml,Archived Link - Brazil,,6e195313-917e-4250-b884-9aade67b1525
Seizure,Individual,2025-06-19,,2025,6,19,,Cocaine,200.0,Kilogram,Land,,South America,Brazil,Pará,Marabá,,,,South America,Brazil,Pará,Marabá,,,,,,,,,,,"Dos hombres fueron capturados mientras transportaban más de 200 kilos de cocaína ocultos en una carga de maíz. Según la División de Estupefacientes del Estado, los sospechosos estaban siendo monitoreados desde la noche del miércoles (18), cuando salieron del barrio Morada Nova con destino a Belém",,,,https://g1.globo.com/pa/para/noticia/2025/06/19/mais-de-200-kg-de-cocaina-sao-apreendidos-escondidos-em-carga-de-milho-em-maraba-no-para.ghtml,Archived Link - Brazil,,1ed3404e-47e0-47fd-b1c8-195445cf40d0
Seizure,Individual,2025-08-20,,2025,8,20,,Cocaine Base,200.0,Kilogram,Land,,South America,Brazil,Sao Paulo,Itu,,,,South America,Brazil,Sao Paulo,Itu,,,,,,,,,,,"Un hombre fue arrestado el miércoles (20) cuando intentaba huir con más de 200 kilos de cocaína en Itu (SP). Obtuvo la libertad provisional tras una audiencia de custodia y el juez le aplicó el delito de tráfico privilegiado (más información a continuación) . Según la Secretaría de Seguridad Pública del Estado de São Paulo (SSP-SP), agentes patrullaban la zona cuando se percataron de un vehículo que distribuía drogas. Al acercarse, el sospechoso intentó huir, pero fue detenido. Durante el registro, se encontraron 244 ladrillos de pasta base de cocaína, equivalentes a 200 kilogramos de la droga",,,,https://g1.globo.com/sp/sorocaba-jundiai/noticia/2025/08/21/justica-considera-pequena-quantidade-e-manda-soltar-homem-preso-com-200-kg-de-cocaina.ghtml,Archived Link - Brazil,,074ec597-a6dc-47ff-8572-a2dbda5dc4ff
Seizure,Individual,2025-07-23,,2025,7,23,,Cocaine,200.0,Kilogram,Land,,Europe,Germany,Bavaria,Kitzingen,,,,,,,,,,,,,,,,,,"200 kg of cocaine discovered by police in Bavaria in a remote hangar, thanks to a tip from a local farmer. The suspects—one Swiss and two French nationals—were arrested, and the drugs were stored in unusual metallic containers. Vehicles with French plates were also seized. Authorities estimate the street value at approximately €10 million. Investigation ongoing with possible additional suspects.",,,,https://www.blick.ch/fr/monde/un-suisse-et-deux-francais-arretes-avec-200-kilos-de-coca-ne-id21077513.html,Archived Link - Germany,,0543db31-e968-4de3-bfbb-5bc1c1edcdaf
Seizure,Individual,2025-07-27,,2025,7,27,,Cocaine,200.0,Kilogram,Land,,Europe,Germany,Bavaria,Kitzingen,,,,,,,,,,,,,,,,,,Police in southern Germany seized 200 kg of cocaine and arrested three suspected dealers.,,,,https://www.bluewin.ch/it/attualita/diversi/agricoltore-conduce-la-polizia-a-200-kg-di-cocaina-arrestate-3-persone-tra-cui-uno-svizzero-2797278.html,Archived Link - Germany,,6427d000-cc57-497e-8915-5159e7d7d707
Seizure,Individual,2025-08-12,,2025,8,12,,Cocaine,220.0,Kilogram,Land,Drugs hidden inside boxes,South America,Brazil,Bahia,Feira de Santana,,,,,,,,,,,,,,,,,,Police seized 220 kg of cocaine hidden in boxes after an anonymous tip in Feira de Santana; one suspect arrested.,,,,https://g1.globo.com/ba/bahia/noticia/2025/08/12/policia-apreende-220-kg-de-cocaina-apos-denuncia-anonima-em-feira-de-santana-suspeito-foi-preso-em-flagrante.ghtml,Archived Link - Brazil,,c8a5bf76-638d-44e2-9bc2-b8c6635f53ee
Seizure,Individual,2025-09-07,,2025,9,7,,Cocaine,220.0,Kilogram,Land,Hidden in a secret compartment inside a Mercedes-Benz Actros truck during BR-262 inspection,South America,Brazil,Mato Grosso do Sul,Terenos (BR-262 highway),,,,,,,,,,,,,,,,,,PRF intercepted a truck on BR-262; driver admitted cargo; 220 kg of cocaine hidden in a secret compartment.,,,,gov.br,Archived Link - Brazil,,eab5bf74-e635-47fd-9d63-32866cbc18a7
Seizure,Individual,2025-09-30,,2025,9,30,,Cocaine,240.0,Kilogram,Maritime,Interception of motonave off Punta Ardita,South America,Colombia,Chocó,Offshore Punta Ardita,,,,,,,,,,,,,,,,,,"240 kg of cocaine seized from vessel near Punta Ardita, Chocó; AGC blamed.",AGC,,,https://www.bluradio.com/regiones/pacifico/golpe-al-clan-del-golfo-en-choco-incautan-casi-una-tonelada-de-droga-avaluada-en-us-15-millones-rg10,Archived Link - Colombia,,928d5900-c523-4d9f-9097-12a81a41a7e2
Seizure,Individual,2025-09-30,,2025,9,30,,Cocaine,240.0,Kilogram,Maritime,Interception of motonave off Punta Ardita,South America,Colombia,Chocó,Offshore Punta Ardita,,,,,,,,,,,,,,,,,,"240 kg of cocaine seized from vessel near Punta Ardita, Chocó; AGC blamed.",AGC,,,https://www.bluradio.com/regiones/pacifico/golpe-al-clan-del-golfo-en-choco-incautan-casi-una-tonelada-de-droga-avaluada-en-us-15-millones-rg10,Archived Link - Colombia,,de780c00-5907-48de-a536-09c6c6177365
Seizure,Individual,2025-09-10,,2025,9,10,,Cocaine,250.0,Kilogram,Land,,South America,Colombia,Nariño,,Colombia,Nariño,,,,,,,,,,,,,,,,"Gracias a un trabajo coordinado entre la Policía Nacional, el Ejército Nacional y la Fiscalía General de la Nación, fue localizado y destruido un laboratorio clandestino utilizado para la producción de cocaína. En el lugar fueron incautados más de 250 kilogramos de clorhidrato de cocaína, así como insumos y equipos empleados en el proceso de producción: hornos microondas, prensas, recipientes de almacenamiento, electrobombas y grandes cantidades de sustancias químicas controladas como ácido sulfúrico, permanganato de potasio, soda cáustica y bicarbonato.",,,,https://www.policia.gov.co/noticia/desmantelan-laboratorio-clandestino-en-narino,Archived Link - Colombia,,2bbe37b1-d9f0-4fc1-8ecc-45968b5a9c69
Seizure,Individual,2025-09-22,,2025,9,22,,Cocaine,250.0,Kilogram,Land,,South America,Colombia,Norte de Santander,Sardinata,Colombia,Norte de Santander,Sardinata,,,,,,,,,,,,,,,"En el lugar se incautaron 250 kilogramos de clorhidrato de cocaína, 429 galones de base de coca y cocaína en suspensión, 1571 galones de acetona, 245 kilogramos de cloruro de calcio, 187 galones de ACPM y 150 kilogramos de carbón activo. Estos insumos fueron hallados en un laboratorio compuesto de cinco estructuras.",,,,https://www.eltiempo.com/justicia/conflicto-y-narcotrafico/destruyen-dos-laboratorios-para-el-procesamiento-de-clorhidrato-de-cocaina-en-catatumbo-3492828,Archived Link - Colombia,,cc1576f2-0393-4614-8023-694cbda0f324
Seizure,Individual,2025-10-03,,2025,10,3,,Cocaine,280.0,Kilogram,Land,Operational raids in Greater Buenos Aires,Europe,Argentina,Buenos Aires,GBA & City,,,,,,,,,,,,,,,,,,Police secured 280 kg of cocaine through raids in GBA and the City of Buenos Aires.,,,,https://www.perfil.com/noticias/amp/policia/secuestran-280-kilos-de-cocaina-en-operativos-en-el-gba-y-la-ciudad.phtml,,,4274e3c2-0033-4d7d-afbe-6ba71d5f3c77
Seizure,Individual,2025-10-03,,2025,10,3,,Cocaine,280.0,Kilogram,Land,Police operations in Greater Buenos Aires,South America,Argentina,Buenos Aires,AMBA,,,,,,,,,,,,,,,,,,El DFI de la PFA incautó más de 280 kilos de cocaína en el AMBA.,,,,https://www.argentina.gob.ar/noticias/el-dfi-de-la-pfa-incauto-mas-de-280-kilos-de-cocaina-en-el-amba ,,,0316af65-3666-4765-a914-2f8a727cff6a
Seizure,Individual,2025-10-04,,2025,10,4,,Cocaine,280.0,Kilogram,Land,"Seizure across multiple raids in AMBA (Moreno, Ituzaingó, etc.)",South America,Argentina,Buenos Aires,AMBA,,,,,,,,,,,,,,,,,,"Lot in captivity with the “KTM” logo; 8 stolen. 5 detained; weapons, cell phones, and cars confiscated",,,,https://www.infobae.com/sociedad/policiales/2025/10/04/la-jugada-del-veterano-narco-peruano-vinculado-al-hallazgo-de-280-kilos-de-cocaina/ ,,,49b961a3-0acd-4755-809b-660858950218
Seizure,Individual,2025-06-04,,2025,6,4,,Cocaine,400.0,Kilogram,Land,,South America,Brazil,Macapa,abacate da pedreira,,,,,,,,,,,,,,,,,,"Civil and Federal Police seized around 400 kilos of cocaine on wednesday 4th in the Abacate da Pedreira district, in the rural area of ​​Macapá.",,,,https://g1.globo.com/ap/amapa/noticia/2025/06/04/policias-civil-e-federal-realizam-a-maior-apreensao-de-drogas-do-amapa.ghtml,Archived Link - Brazil,,f259b114-5909-456b-93b4-80b66968fde9
Seizure,Individual,2025-06-05,,2025,6,5,,Cocaine,400.0,Kilogram,Land,,South America,Brazil,Sao Paulo,São José do Rio Preto,,,,,,,,,,,,,,,,,,"the São Paulo State Highway Police (Polícia Rodoviária Estadual) seized over 400 kilograms of cocaine concealed in a false bottom of a semi-trailer during a routine inspection on the Washington Luís Highway (SP-310) in São José do Rio Preto, São Paulo, Brazil.",,,,https://g1.globo.com/sp/sao-jose-do-rio-preto-aracatuba/noticia/2025/06/05/policia-rodoviaria-apreende-mais-de-400-quilos-de-cocaina-escondidos-em-fundo-falso-de-carreta-em-rio-preto.ghtml ,Archived Link - Brazil,,8ba18c89-70cd-4ac8-87d1-2b2be1cef20e
Seizure,Individual,2025-09-15,,2025,9,15,,Cocaine,400.0,Kilogram,Land,"Truck, hidden false wall",South America,Brazil,São Paulo,São Carlos,,,,,,,,,,,,,,,,,,400 Kilograms of cocaine hidden in a false wall of a truck traveling from Cuiabá/MT was intercepted in São Carlos/SP; destination was Santa Gertrudes.,,,,https://g1.globo.com/sp/sao-carlos-regiao/noticia/2025/09/15/motorista-e-preso-com-400-kg-de-cocaina-escondidos-em-caminhao-na-sp-310-em-sao-carlos.ghtml,Archived Link - Brazil,,23e557a0-f912-4da5-a0a8-c7432e481e62
Seizure,Individual,2025-05-06,,2025,5,6,,Cocaine,400.0,Package,Land,,Central America,Panama,Guna Yala,,,,,,,,,,,,,,,,,,,"Near the Dutch Keys in the Guna Yala region, Panama's SENAN seized 400 drug packages after suspects on a boat threw them overboard upon spotting authorities.",,,,https://www.prensa.com/judiciales/decomisan-400-paquetes-con-droga-en-guna-yala-los-bultos-fueron-dejados-en-el-mar/,Archived Link - Panama,,067481da-5bad-4a4e-b3f1-95f8915bc160
Seizure,Individual,2025-06-02,,2025,6,2,,Cocaine,400.0,Package,Land,,Central America,Panama,Chiriqui,Tierras Altas,,,,,,,,,,,,,,,,,,"Policia Nacional de Panamá, en coordinación con el Ministerio Público, incautó 400 paquetes de presunta droga en un punto de control en Tierras Altas, provincia de Chiriquí. La sustancia ilícita estaba oculta en varios sacos dentro de un remolque para transportar equinos, acoplado a un vehículo tipo pick-up",,,,https://www.prensa.com/judiciales/decomisan-400-paquetes-con-droga-en-tierras-altas-chiriqui/,Archived Link - Panama,,b05244b5-1914-4eb3-bb2a-316a7e95ef33
Seizure,Individual,2025-09-25,,2025,9,25,,Cocaine,500.0,Kilogram,Container,,South America,Brazil,Rio de Janeiro,Rio de Janeiro,,,,South America,Brazil,Rio de Janeiro,Rio de Janeiro,,,,,,,,,,,PF seized 500 kg of cocaine hidden in a coffee container at the Port of Rio de Janeiro; the shipment was destined for Europe.,,,,https://www.gov.br/pf/pt-br/assuntos/noticias/2025/09/pf-apreende-meia-tonelada-de-cocaina-no-porto-do-rio-de-janeiro,Archived Link - Brazil,,fc4563fe-f721-4fef-81d4-7a95ca26142a
Seizure,Individual,2025-10-02,,2025,10,2,,Cocaine,500.0,Kilogram,Container,Hidden in melons load,Europe,Brazil,Goiás,Campinaçu,,,,,,,,,,,,,,,,,,"In Goiás, Brazil, authorities seized 500 kg of cocaine hidden in melon cargo thanks to a joint operation.",,,,https://www.gov.br/pf/pt-br/assuntos/noticias/2025/10/pf-em-acao-conjunta-apreende-meia-tonelada-de-cocaina-em-goias,,,64d3111b-40b0-4cc3-8c1c-f9002224bb25
Seizure,Individual,2025-05-19,,2025,5,19,,Cocaine,500.0,Kilogram,Land,,South America,Brazil,Sao Paulo,São Carlos,,,,South America,Brazil,Sao Paulo,São Carlos,,,,,,,,,,,"Alrededor de 500 kilos de cocaína eran transportados en un camión ocultos en una importante carga de soya. La cocaína estaba envuelta en fardos. El conductor del camión dio versiones encontradas sobre la ruta que tomaría, lo que levantó sospechas en las autoridades.",,,,https://g1.globo.com/sp/sao-carlos-regiao/noticia/2025/05/19/grande-quantidade-de-cocaina-e-apreendida-na-rodovia-washington-luis-em-sp-homem-e-preso.ghtml,Archived Link - Brazil,,5dd1be3b-c178-4706-be60-3198617234e9
Seizure,Individual,2025-08-09,,2025,8,9,,Cocaine,500.0,Kilogram,Land,,South America,Brazil,Distrito Federal,Taguatinga,,,,,,,,,,,,,Brazil,,,,,"Cocaine found along with marijuana in large stash at car wash; total drugs exceeded 500 kg, portion being cocaine.",,,,https://g1.globo.com/df/distrito-federal/noticia/2025/08/10/policia-federal-e-pmdf-apreendem-mais-de-500-quilos-de-drogas-em-lava-jato-de-taguatinga.ghtml,Archived Link - Brazil,,3cce45fb-284b-4ee7-b64e-ec911f1bcad8
Seizure,Individual,2025-03-26,,2025,3,26,,Cocaine,500.0,Kilogram,Land,,South America,Colombia,Narino,Providencia,Colombia,,,,,,,,,,,,,,,,,"Authorities destroye a clandestine cocaine processing complex in ​​Providencia, which produced approximately 2,000 kilograms of the alkaloid per month, and dezied  500 kilos of liquid cocaine, 300 kilos of caustic soda, 70 liters of sulfuric acid",,,,https://www.semana.com/nacion/cali/articulo/desmantelan-mega-laboratorio-de-cocaina-en-narino-con-capacidad-para-producir-dos-toneladas-mensuales/202505/,Archived Link - Colombia,,2f945626-1bd3-4e5e-b173-720e3bea85ab
Seizure,Individual,2025-06-09,,2025,6,9,,Cocaine,500.0,Kilogram,Land,,South America,Colombia,Norte de Santander,Cúcuta,,,,,,,,,,,,,,,,,,"Otro laboratorio de estupefacientes fue hallado y destruido en el Área Metropolitana de Cúcuta (AMC), en el departamento de Norte de Santander, con capacidad para producir 1.5 toneladas de droga al mes. En el espacio, compuesto por tres estructuras artesanales y ubicado específicamente en la vereda La Mutis de Los Patios, los funcionarios del Ejército de Colombia encontraron más de 500 kilos de clorhidrato de cocaína.",,,,https://lanacionweb.com/frontera/destruyen-otro-laboratorio-de-estupefacientes-en-norte-de-santander/,Archived Link - Colombia,,cab6dd43-818c-40e0-a697-026fb989433b
Seizure,Individual,2025-08-15,,2025,8,15,,Cocaine,500.0,Kilogram,Land,Controlled destruction of production facility,South America,Colombia,Norte de Santander ,Tibú ,Colombia,Norte de Santander,Tibú,,,,,,,,,,,,,,,"The Colombian Army and Air Force, in coordination with National Police, located and destroyed a megalaboratory in La Primavera, Tibú—containing over 500 kg of cocaine hydrochloride, large volumes of solutions and solid inputs.",ELN – Frente Juan Fernando Porras Martínez,,,https://caracol.com.co/2025/08/15/destruido-megalaboratorio-para-la-produccion-de-coca-en-zona-rural-de-tibu/,Archived Link - Colombia,,fafc0d67-8372-49b7-a528-00009f74d923
Seizure,Individual,2025-06-15,,2025,6,15,,Cocaine,500.0,Kilogram,Land,,South America,Ecuador,Napo,Tena,,,,South America,Ecuador,Napo,Tena,,,,,,,,,,,"500 kilos de cocaína eran transportados en un camión con doble fondo en la provincia de Napo, Ecuador. El conductor fue detenido y está a la espera de que se decida su situación judicial.",,,,https://www.ecuavisa.com/noticias/seguridad/narcotrafico-tena-napo-cocaina-volquete-LD9511940,Archived Link - Ecuador,,bcc2a24d-0882-4bcb-90ea-4cf1ab47d387
Seizure,Individual,2025-07-06,,2025,7,6,,Cocaine,500.0,Kilogram,Land,,South America,Ecuador,Pichincha,Tandapi,,,,,,,,,,,,,,,,,,"Durante el operativo, la Policía incautó 500,92 kilogramos de cocaína, equivalentes a 5 129 200 dosis destinadas al mercado ilegal. También se incautaron un vehículo, tres teléfonos móviles y una cantidad no especificada de dinero en efectivo.",,,,https://www.elcomercio.com/actualidad/seguridad/policia-decomisa-mas-500-kilos-droga-pichincha/,Archived Link - Ecuador,,beed4e81-d392-433b-952c-af2ea9ffd887
Seizure,Individual,2025-08-28,,2025,8,28,,Cocaine,509.0,Kilogram,Container,"Oculta en sacos de arroz, poroto y maíz, envuelta en papel carbónico y grasa técnica",South America,Paraguay,Central,Villeta,,,,South America,Paraguay,Central,Villeta,,,,,Europe,Netherlands,,,,,"DNIT y Policía Nacional incautaron 509 kg de cocaína ocultos en contenedor con granos en el puerto de Villeta, con destino declarado a Países Bajos.",,,,https://www.hoy.com.py/nacionales/2025/08/28/incautan-cargamento-de-cocaina-oculta-en-puerto-de-villeta,Archived Link - Paraguay,,4fb008f5-4005-4d05-8567-be9ba8391b64
Seizure,Individual,2025-08-29,,2025,8,29,,Cocaine,509.0,Kilogram,Container,Hidden in export cargo bags with grease masking,South America,Paraguay,Central Department,Villeta,,,,South America,Paraguay,Central Department,Villeta,,,,,Europe,Netherlands,,,,,"Durante una conferencia de prensa este viernes, autoridades de la Dirección Nacional de Ingresos Tributarios (DNIT), la Policía Nacional y de la Secretaría Nacional Antidrogas (Senad) dieron detalles respecto a la incautación de cocina oculta en un cargamento de 24 toneladas de maíz, arroz y poroto. El peso total de la cocaína hallada mimetizada en la mencionada carga asciende a 509 kilogramos. La misma tenía como destino final los Países Bajos, donde su valor podría haber alcanzado los USD 50.000 por kilo, según informaron las autoridades.",,,,https://www.lanacion.com.py/pais/2025/08/29/incautacion-de-droga-en-villeta-se-dio-gracias-a-un-trabajo-conjunto-de-seguridad/,Archived Link - Paraguay,,79c039f1-c80d-4200-abd7-e1bd14202c0b
Seizure,Individual,2025-09-30,,2025,9,30,,Cocaine,594.0,Kilogram,Land,Hidden in oil drums with double bottoms inside Toyota Hilux,South America,Argentina,Santiago del Estero,Malbrán (Ruta 34),,,,,,,,,,,,,,,,,,Police seized 594 kg cocaine hidden in oil drums in truck at Ruta 34 checkpoint.,,,,https://www.eltribuno.com/policiales/2025-9-30-0-0-0-dos-saltenos-fueron-detenidos-en-la-ruta-34-con-600-kilos-de-cocaina-valuada-en-4-millones-de-dolares,Archived Link - Argentina,,fae82227-9853-4bfd-98ba-ad963759e110
Seizure,Individual,2025-09-30,,2025,9,30,,Cocaine,594.0,Kilogram,Land,Hidden in oil drums with double bottoms inside Toyota Hilux,South America,Argentina,Santiago del Estero,Malbrán (Ruta 34),,,,,,,,,,,,,,,,,,Police seized 594 kg cocaine hidden in oil drums in truck at Ruta 34 checkpoint.,,,,https://www.eltribuno.com/policiales/2025-9-30-0-0-0-dos-saltenos-fueron-detenidos-en-la-ruta-34-con-600-kilos-de-cocaina-valuada-en-4-millones-de-dolares,Archived Link - Argentina,,3c03fdbd-fc0d-428a-90b8-0deaa8cded9a
Seizure,Individual,2025-04-03,,2025,4,3,,Cocaine,630.0,Kilogram,Maritime,,Europe,France,Seine-Maritime ,Tancarville,,,,South America,Brazil,Paraná,Paraguaná,,,,,,,,,,,"Al menos cinco personas fueron arrestadas en Francia tras el decomiso en el mar de 630 kg de cocaína proveniente de Brasil, anunció el lunes la fiscalía de Rennes.
El barco carguero ""Omicron Eagle"", de bandera liberiana, salió del puerto de Paranaguá, en Brasil",,,,https://www.barrons.com/news/spanish/arrestan-a-cinco-personas-en-francia-tras-decomiso-en-el-mar-de-630-kg-de-cocaina-proveniente-de-brasil-74ceea84,Archived Link - France,Cocaine Pipeline,1449ec9c-c9e2-4eda-aa7c-2a0eeb80b769
Seizure,Individual,2025-04-14,,2025,4,14,,Cocaine,630.0,Kilogram,Maritime,,Europe,France,Normandy,,,,,South America,Brazil,,,,,,,Europe,France,Normandy,,,,"Una operación internacional a gran escala ha resultado en la incautación de 630 kg de cocaína en la costa norte de Francia. La droga fue trasladada por mar mediante el método de ""entrega"", con la participación de un carguero brasileño y embarcaciones menores operadas por ciudadanos franceses.",,,,https://maoc.eu/630kg-of-cocaine-seized-in-french-led-operation-targeting-maritime-drop-off-method/,Archived Link - France,Cocaine Pipeline,6e69bedd-c3c4-4f25-a2a3-f7c36b83979f
Seizure,Individual,2025-04-07,,2025,4,7,,Cocaine,700.0,Kilogram,Land,,South America,Brazil,São Paulo,Mineiros do Tietê,,,,,,,,,,,,,Brazil,São Paulo,,,,"Tres personas fueron detenidas y 700 kilos de cocaína y otros 140 kilos de crack fueron incautados este lunes (7) en el condominio ranchero denominado Vale Verde, en Mineiros do Tietê (SP)",,,,https://g1.globo.com/sp/bauru-marilia/noticia/2025/04/08/policia-encontra-700-kg-de-cocaina-em-condominio-de-ranchos-no-interior-de-sp.ghtml,Archived Link - Brazil,,84e2fe07-5edd-4a63-958b-b654571208ed
Seizure,Individual,2025-08-07,,2025,8,7,,Cocaine,700.0,Kilogram,Land,Hidden in fiber sacks at port,South America,Brazil,Amazonas,Manaus ,,,,South America,Brazil,Alto Solimões (triple border,,,,,,Europe,,,,,,Man arrested with 700 kg of cocaine hidden in truck from triple border; destined for Europe.,,,,https://g1.globo.com/am/amazonas/noticia/2025/08/11/homem-e-preso-com-700-kg-de-cocaina-escondidos-em-caminhao-bau-em-manaus.ghtml,Archived Link - Brazil,,b110fd31-39fc-48d9-9b2e-2e0c0250e47a
Seizure,Month,2025-09-28,,2025,9,28,,Cocaine,800.0,Kilogram,Land,Multiple seizures totaling 800 kg,Caribbean,Dominican Republic,,,,,,,,,,,,,,,,,,,,Authorities seized more than 800 kg of mixed drugs in Dominican Republic.,,,,https://acento.com.do/actualidad/autoridades-incautan-mas-de-800-mil-gramos-de-distintas-drogas-9556717.html,Archived Link - Dominican Republic,,8e0a66da-ce27-417b-b377-0a6d0b3edc3c
Seizure,Month,2025-09-28,,2025,9,28,,Cocaine,800.0,Kilogram,Land,Multiple seizures totaling 800 kg,Caribbean,Dominican Republic,,,,,,,,,,,,,,,,,,,,Authorities seized more than 800 kg of mixed drugs in Dominican Republic.,,,,https://acento.com.do/actualidad/autoridades-incautan-mas-de-800-mil-gramos-de-distintas-drogas-9556717.html,Archived Link - Dominican Republic,,4e7fcab3-4787-42bf-a5cb-b548337ce81a
Seizure,Individual,2025-05-26,,2025,5,26,,Cocaine,1000.0,Kilogram,Land,,South America,Colombia,Nariño,Cumbitara,Colombia,,,,,,,,,,,,,,,,,Colombian uthorities destroyed a cocaine laboratory in Nariño where they found more than a ton of drugs,FARC Dissidents,,,https://www.rcnradio.com/colombia/sur/fuerzas-militares-desmantelan-laboratorio-de-cocaina-de-las-disidencias-de-las-farc-en-narino?amp,Archived Link - Colombia,,e6105e3d-39a7-4718-897f-f518a54d679c
Seizure,Individual,2025-05-29,,2025,5,29,,Cocaine,1000.0,Kilogram,Land,Hidden in hydraulic compartments of truck,South America,Colombia,Quindio,,,,,,,,,,,,,,Colombia,Bogota,,,,"Policía Nacional’s Transit and Transport division stopped a tractor-trailer en route from Yumbo (Valle del Cauca) to Bogotá. Hidden in hydraulic compartments inside two isotanques on the trailer, they found approximately 1,000 kilograms of cocaine hydrochlori",,,,https://www.eltiempo.com/justicia/conflicto-y-narcotrafico/policia-incauto-una-tonelada-de-cocaina-camuflada-dentro-de-un-tractocamion-en-las-vias-del-quindio-3458742,Archived Link - Colombia,,f030e3c8-e7a4-4f81-a59e-3277e515e644
Seizure,Individual,2025-08-17,,2025,8,17,,Cocaine,1000.0,Kilogram,Land,"Packages labeled “Piel Roja” and “Rolex,” plus 45 gal. of cocaine solution and 150 kg of solid precursors",South America,Colombia,Nariño,Potosí,Colombia,Nariño,Potosí,,,,,,,,,,,,,,,"A clandestine cocaine laboratory in Potosí, Nariño was raided; 1 tonne of cocaine hydrochloride (packaged with “Piel Roja” & “Rolex” labels), 45 gallons of cocaine solution, and 150 kg of solid precursors were seized. The shipment was associated with GAO-r 48 “Comandos de Frontera,” intended for export via the Colombian Pacific to Central America and the Caribbean.",Comandos de la Frontera,,,https://www.infobae.com/colombia/2025/08/17/una-tonelada-de-cocaina-fue-incautada-en-narino-perteneceria-a-los-comandos-de-frontera/,Archived Link - Colombia,,b4536fc7-1f04-4e46-8dd1-626d1f6e3ba4
Seizure,Individual,2025-04-02,,2025,4,2,,Cocaine,1000.0,Kilogram,Maritime,,South America,Colombia,Bolívar,Cartagena,Colombia,Bolívar,Cartagena,,,,,,,,,,,,,,,1000 kilogramos de cocaína eran transportados en una lancha tipo go fast a 90 millas nauticas de Cartagena. La embarcación era tripulada por 4 colombianos y 1 hondureño,,,,https://www.cgfm.mil.co/es/multimedia/noticias/en-aguas-del-mar-caribe-nuevo-golpe-al-narcotrafico-armada-de-colombia-incauto,Archived Link - Colombia,,93057b90-9582-4ec3-bb4f-a795b5041645
Seizure,Individual,2025-05-16,,2025,5,16,,Cocaine,1000.0,Kilogram,Maritime,,South America,Colombia,Putumayo,Puerto Asis,Colombia,,,,,,,,,,,,,,,,,1 tonelada de cocaína y dos toneladas de marihuana fueron incautadas por las autoridades colombianas mientras era movilizada por el Río Putumayo en una embarcación tipo remolcador. La droga estaba oculta en el compartimiento del combustible. Se presume que la droga era de Comandos de la Frontera.,,,,https://www.armada.mil.co/es/node/65736,Archived Link - Colombia,,339aa335-9661-4f5b-907c-11cfa5c4adf8
Seizure,Individual,2025-09-11,,2025,9,11,,Cocaine,1000.0,Kilogram,Container,Hidden in fruit shipment,Europe,Netherlands,Zeeland,Vlissingen,,,,South America,Ecuador,,,Europe,Spain,,,Europe,Belgium,,,,,"Dutch customs seized 1,000 Kilograms of cocaine hidden in fruit shipment from Ecuador at the port of Vlissingen, destined for Belgium.",,,,https://archive.ph/7R7AQ#selection-373.0-451.166,Archived Link - Netherlands,,9e8fa1e7-60d9-4b4b-9e2b-70d57dca18c4
Seizure,Individual,2025-09-30,,2025,9,30,,Cocaine,1000.0,Kilogram,Container,Concealed in molasses shipment,Europe,Netherlands,South Holland,Rotterdam,Colombia,Valle del Cauca,Buenaventura,,,,,,,,,,,,,,,Dutch authorities seized over one ton of cocaine hidden in a molasses container from Colombia.,,,,https://www.infobae.com/colombia/2025/09/30/incautan-en-holanda-mas-de-una-tonelada-de-cocaina-proveniente-de-colombia-le-seguian-la-pista-desde-buenaventura/,Archived Link - Netherlands,,02311994-1802-42c6-ab64-5ce79493e37f
Seizure,Individual,2025-05-05,,2025,5,5,,Cocaine,1000.0,Package,Container,,Central America,Panama,Colon,Colon,,,,South America,Ecuador,,,Central America,Panama,,,Europe,Spain,Catalonia,Barcelona,,,"Authorities seize a shipment containing over a thousand packages of cocaine from a container coming from Ecuador, which passed through Panama and was headed for Barcelona.",,,,https://www.panamaamerica.com.pa/provincias/incautan-cargamento-con-mas-de-mil-paquetes-de-sustancias-ilicitas-en-un-puerto-de-colon,Archived Link - Panama,,ea992ace-1f06-45ea-9baf-721dba3a3908
Seizure,Other (explain in Description),2025-09-30,,2025,9,30,,Cocaine,1000.0,Package,Container,Container,Central America,Panama,"Colón, Panamá",,,,,,,,,,,,,,,,,,,"Panama prosecutors seized over 1,000 packages of cocaine in two separate container operations.",,,,https://ministeriopublico.gob.pa/notas-de-prensa/fiscalia-de-droga-decomisa-mas-de-mil-paquetes-de-droga-en-dos-operaciones-distintas/,Archived Link - Panama,,e2b80148-027c-4920-8580-25a94741a149
Seizure,Other (explain in Description),2025-09-30,,2025,9,30,,Cocaine,1000.0,Package,Container,Container,Central America,Panama,"Colón, Panamá",,,,,,,,,,,,,,,,,,,"Panama prosecutors seized over 1,000 packages of cocaine in two separate container operations.",,,,https://ministeriopublico.gob.pa/notas-de-prensa/fiscalia-de-droga-decomisa-mas-de-mil-paquetes-de-droga-en-dos-operaciones-distintas/,Archived Link - Panama,,11bb8b96-0009-4cbf-8b73-898ebf1cf0b6
Seizure,Individual,2025-07-13,,2025,7,13,,Cocaine,1045.0,Kilogram,Maritime,,Caribbean,Haiti,Nord-Ouest,Tortue Island,,,,,,,,,,,,,,,,,,"Haitian National Police seized 1,045 kilos of cocaine on Tortue Island, in the North-West department, confiscated a boat, arrested an individual, and killed several others an exchange of gunfire",,,,https://www.alterpresse.org/spip.php?article31942,Archived Link - Haiti,,4099efca-50e7-45e4-b17b-d7a42d182ea6
Seizure,Individual,2025-07-13,,2025,7,13,,Cocaine,1045.0,Kilogram,Maritime,,Caribbean,Haiti,Nord-Ouest,Turtle Island,,,,,,,,,,,,,,,,,,"Two Jamaicans and a Bahamian were killed in Haiti in a shootout with police during an anti-drug operation in which 1,045 kilos of cocaine were seized",,,,https://lenouvelliste.com/article/258040/la-pnh-intercepte-1-045-kg-de-cocaine-au-large-du-nord-ouest,Archived Link - Haiti,,adb3b03a-ecac-48e4-ada8-12d7022108fb
Seizure,Individual,2025-07-25,,2025,7,25,,Cocaine,1045.0,Kilogram,Maritime,Go-Fast boa,Caribbean,Haiti,,Isla La Tortuga,Colombia,,,,,,,,,,,,,,,,,"Seized on Isla La Tortuga, Haiti; shipped via Go-Fast boat from Buritaca, Magdalena, Colombia; 1,045 kg; est. value $12 million; 2.6M doses",Los Pachenca,,,https://www.wradio.com.co/2025/07/25/fue-incautada-una-tonelada-de-cocaina-perteneciente-a-los-pachenca-en-isla-de-haiti/,Archived Link - Haiti,,40bea1fa-ec46-4a04-a88b-120c3e41311a
Seizure,Individual,2025-09-30,,2025,9,30,,Cocaine,1073.0,Kilogram,Container,Containers in port; SENAN operation,Central America,Panama,Panamá,Panama Pacific terminal,,,,South America,Ecuador,,,,,,,,,,,,,Over 1 ton of cocaine seized in containers; one shipment from Ecuador.,,,,http://www.critica.com.pa/nacional/decomisan-mas-de-una-tonelada-de-pichi-en-contenedores-498138,Archived Link - Panama,,a8094927-a97e-4847-9bc8-e3021e56ca59
Seizure,Individual,2025-09-30,,2025,9,30,,Cocaine,1073.0,Kilogram,Container,Containers in port; SENAN operation,Central America,Panama,Panamá,Panama Pacific terminal,,,,South America,Ecuador,,,,,,,,,,,,,Over 1 ton of cocaine seized in containers; one shipment from Ecuador.,,,,http://www.critica.com.pa/nacional/decomisan-mas-de-una-tonelada-de-pichi-en-contenedores-498138,Archived Link - Panama,,8d19ddfc-65ce-40b0-b5b1-e26882c66af3
Seizure,Individual,2025-06-22,,2025,6,22,,Cocaine,1100.0,Kilogram,Land,,South America,Colombia,Cauca,Piendamó,Colombia,Narino,Pasto,,,,,,,,,,,,,,,"During an inspection of a white Kenworth tanker tractor, agents discovered a hidden hydraulic cache containing 1,100 kilograms of cocaine hydrochloride. ",,,,https://www.eltiempo.com/colombia/otras-ciudades/incautan-mas-de-una-tonelada-de-cocaina-en-la-via-panamericana-cauca-3465978,Archived Link - Colombia,,f0e9fdb5-eebd-4d63-a6f1-b08c94b77f01
Seizure,Individual,2025-08-24,,2025,8,24,,Cocaine,1100.0,Kilogram,Land,Laboratorio destruido en zona rural,South America,Colombia,Cauca,El Tambo,Colombia,Cauca,El Tambo,,,,,,,,,,,,,,,"Destruido un megalaboratorio en zona rural de El Tambo, Cauca, con 1.100 kg de cocaína cristalizada y 14 kg de base de coca; gran cantidad de insumos químicos.",,,,https://www.vanguardia.com/colombia/2025/08/24/destruyen-megalaboratorio-de-cocaina-en-cauca-avaluado-en-20000-millones/,Archived Link - Colombia,,ba833ef2-2465-4d40-b0a6-f72d1ad1d94e
Seizure,Individual,2025-10-02,,2025,10,2,,Cocaine,1200.0,Kilogram,Land,Seized in transport operation,South America,Brazil,Rio Grande do Norte,Natal,,,,,,,,,,,,,,,,,,PF seized 1.2 tonnes of cocaine in Natal.,,,,https://g1.globo.com/rn/rio-grande-do-norte/noticia/2025/10/02/apreensao-pf-rn.ghtml ,,,58a6ef04-1393-4429-b2cb-9c38a6fd6007
Seizure,Individual,2025-10-02,,2025,10,2,,Cocaine,1200.0,Kilogram,Land,Follow-up investigation targeting ex-police officer,South America,Brazil,Rio Grande do Norte,Natal,,,,,,,,,,,,,,,,,,Ex-police officer investigated after seizure of 1.2 tonnes of cocaine in Natal.,,,,https://g1.globo.com/rn/rio-grande-do-norte/noticia/2025/10/02/policial-reformado-e-alvo-de-buscas-apos-apreensao-de-12-tonelada-de-cocaina-em-natal.ghtml ,,,6a0a6d65-bea3-4bd5-83ef-6f24e2640c4e
Seizure,Individual,2025-08-08,,2025,8,8,,Cocaine,1200.0,Kilogram,Container,Concealed in banana shipment from Colombia,Europe,Netherlands,Zeeland,Vlissingen Port,Colombia,,,,,,,,,,,Europe,Netherlands,,,,,"Dutch Customs seized 1,200 kg of cocaine hidden in bananas from Colombia at Vlissingen port. Follow-up by Zeehavenpolitie led to arrest (12 Aug 2025) of 43-year-old Amsterdam resident, with cash (€19,000), a car, hemp (1kg) and digital media seized. Drugs destroyed by Douane TBB.",,,,https://www.om.nl/actueel/nieuws/2025/08/13/een-aanhouding-na-vondst-van-1200-kilo-cocaine-in-haven-vlissingen,Archived Link - Netherlands,,df187c8e-b4cf-4e60-bc2b-dba82d0b84bc
Seizure,Individual,2025-09-28,,2025,9,28,,Other (explain in Description),1200.0,Kilogram,Container,Cocaine mixed into 1.2 ton molasses shipment,South America,Netherlands,,,,,,,,,,,,,,,,,,,,Netherlands seized cocaine hidden in molasses from Ecuador; linked to Los Shottas.,Los Shottas,,,https://www.elcolombiano.com/colombia/shottas-exportan-cocaina-decomiso-paises-bajos-melaza-paz-total-BJ29577789,Archived Link - Netherlands,,5aaccd90-fbf6-4d70-a433-7b3699f9c2d3
Seizure,Individual,2025-09-28,,2025,9,28,,Other (explain in Description),1200.0,Kilogram,Container,Cocaine mixed into 1.2 ton molasses shipment,South America,Netherlands,,,,,,,,,,,,,,,,,,,,Netherlands seized cocaine hidden in molasses from Ecuador; linked to Los Shottas.,Los Shottas,,,https://www.elcolombiano.com/colombia/shottas-exportan-cocaina-decomiso-paises-bajos-melaza-paz-total-BJ29577789,Archived Link - Netherlands,,6fbaefeb-9978-4e8f-a785-a7c77733d40f
Seizure,Individual,2025-05-29,,2025,5,29,,Cocaine,1200.0,Kilogram,Land,,South America,Peru,Mariscal Ramón Castilla,,,,,,,,,,,,,,United States,,,,,"Peruvian police seized 1.2 tons of cocaine in the province of Mariscal Ramón Castilla, Peru, a town near the border with Putumayo.",,,,https://www.eltiempo.com/justicia/conflicto-y-narcotrafico/las-conexiones-de-la-incautacion-de-mas-de-tonelada-de-cocaina-en-peru-con-los-grupos-armados-en-colombia-3458598,Archived Link - Peru,,6f7bedee-74c4-4079-83aa-7637e526871f
Seizure,Individual,2025-05-29,,2025,5,29,,Cocaine,1200.0,Kilogram,Land,,South America,Peru,Loreto,Mariscal Ramón Castilla,,,,,,,,,,,,,United States,,,,,"incautación de 1.2 toneladas de cocaína en la Provincia de Mariscal Ramón Castilla (Perú), una población cercana a la frontera con Putumayo.",estructura criminal de alias Freider,,,https://www.eltiempo.com/justicia/conflicto-y-narcotrafico/las-conexiones-de-la-incautacion-de-mas-de-tonelada-de-cocaina-en-peru-con-los-grupos-armados-en-colombia-3458598,Archived Link - Peru,,5726d762-221e-4f30-aa77-2a0150f668ab
Seizure,Individual,2025-05-31,,2025,5,31,,Cocaine,1268.0,Package,Container,,Central America,Panama,Colon,Colon Port,,,,Central America,Panama,,,,,,,Europe,Spain,,,,,"1,268 packages were found in container at colon port headed to Spain",,,,https://www.barrons.com/news/spanish/panama-decomisa-mas-de-8-000-paquetes-de-droga-con-destino-a-europa-b710992a,Archived Link - Panama,,bd24f0e0-2b89-4a84-b4a7-cd999878adbf
Seizure,Individual,2025-05-31,,2025,5,31,,Cocaine,1268.0,Package,Container,,Central America,Panama,Colon,Colon,,,,Central America,Panama,,,,,,,Europe,Spain,,,,,"Se encontraron 1.268 paquetes en un contenedor en la terminal portuaria de Colón, enviados de Panamá hacia España",,,,https://www.panamaamerica.com.pa/provincias/incautan-mas-de-7-mil-paquetes-de-drogas-en-una-terminal-portuaria-de-colon-1249637,Archived Link - Panama,,265c654b-2506-4889-b9c5-78071eb22729
Seizure,Individual,2025-04-05,,2025,4,5,,Cocaine,1300.0,Kilogram,Maritime,,South America,Ecuador,Islas Galápagos,,,,,,,,,,,,,,Mexico,,,United States,,Tres personas fueron detenidas con 1.3 toneladas de cocaína en el mar de las Islas Galápagos. LAs drogas tenian como destino el mercado norteamericano (Mexico & US),,,,https://www.ecuavisa.com/noticias/seguridad/tonelada-cocaina-mar-galapagos-tres-detenidos-FM9295153,Archived Link - Ecuador,,0027f90f-a4d4-4815-94f3-43d8b0ca40af
Seizure,Individual,2025-05-04,,2025,5,4,,Cocaine,1300.0,Kilogram,Maritime,,South America,Ecuador,Islas Galápagos,,,,,,,,,,,,,,Mexico,,,United States,,Utoridades interceptaron un bote con 1.3 toneladas de cocaína en el mar de las Islas Galápagos. Se presume que las drogas tenian como destino Mexico y USA,,,,https://www.ecuavisa.com/noticias/seguridad/tonelada-cocaina-mar-galapagos-tres-detenidos-FM9295153,Archived Link - Ecuador,,668f7182-43f0-49d5-8a10-056688d471fb
Seizure,Individual,2025-07-23,,2025,7,23,,Cocaine,1300.0,Kilogram,Maritime,"Launch, drug jettison",South America,Ecuador,Manabí, Manta,,,,,,,,,,,,,United States,,,,,A joint operation by Ecuador’s Navy and National Police intercepted a small vessel approximately 100 nautical miles off the coast of Manta; the occupants abandoned the craft and jettisoned 37 jute sacks of cocaine weighing about 1.3 tonnes (USD 45 million recoverable). No arrests made.,,,,https://www.eluniverso.com/noticias/seguridad/ecuador-manta-armada-y-policia-confiscan-13-toneladas-de-droga-en-operativo-en-manta-nota/,Archived Link - Ecuador,,1bbeb2d7-20a2-418c-8da2-7aa68dd83681
Seizure,Individual,2025-03-26,,2025,3,26,,Cocaine,1300.0,Kilogram,Maritime,Go fast boat,Central America,El Salvador,El Cordoncillo,,,,,,Ecuador,,,,,,,,,,,,,six Guatemalans and three Ecuadorians—were detained on three boats transporting the load of cocaine,,,,https://www.laprensagrafica.com/elsalvador/Marina-salvadorena-incauta-1.3-toneladas-de-cocaina-de-tres-embarcaciones-en-la-Bocana-El-Cordoncillo-20250326-0097.html,Archived Link - El Salvador,,11d0fae4-6b09-46d9-b3e5-3fac736905d5
Seizure,Individual,2025-07-20,,2025,7,20,,Cocaine,1300.0,Kilogram,Maritime,LPV boat,Central America,El Salvador,,,,,,,,,,,,,,,,,,,,"Salvadoran naval unit “Tridente” intercepted a low-profile vessel southwest of Estero de Jaltepeque, seizing 1.3 t of cocaine (valued at USD 33 M); three nationals (2 Ecuadorians, 1 Colombian) arrested.",,,,https://www.laprensagrafica.com/elsalvador/Decomisan-1.3-toneladas-de-cocaina-valoradas-en-33-millones-cerca-del-Estero-de-Jaltepeque-20250720-0055.html,Archived Link - El Salvador,,df438b40-7627-4931-aaf8-2b67c41cd592
Seizure,Individual,2025-07-22,,2025,7,22,,Cocaine,1300.0,Kilogram,Maritime,Low-profile vessel,South America,El Salvador,Pacific maritime zone,,,,,,,,,,,,,,,,,,,1.3 t of cocaine seized by Salvadoran Navy from a low‑profile vessel intercepted ~600 nm southwest of Bocana El Cordoncillo near Estero de Jaltepeque; valued at USD 33 million.,,,,https://www.gazetaexpress.com/es/kapet-ne-mes-te-detit-kokaine-me-vlere-33-milione-dollare/,Archived Link - El Salvador,,9e59108f-8e39-4bdd-bcc7-52b58c81e772
Seizure,Individual,2025-08-10,,2025,8,10,,Cocaine,1345.0,Kilogram,Land,Camión interceptado → cocaína oculta dentro de cajas de madera,Europe,France,Gironde,Cestas (near Bordeaux),,,,Europe,Spain,,,,,,,Europe,France,,,,,"Camión procedente de España interceptado en A63, Bordeaux → 1,345 t de cocaína oculta en cajas de madera. ",,,,https://www.lefigaro.fr/bordeaux/1-3-tonne-de-cocaine-saisie-dans-un-camion-pres-de-bordeaux-pour-une-valeur-estimee-entre-30-et-40-millions-d-euros-20250814,Archived Link - France,,cde1ab1f-267d-44d2-a944-ccf52c31d779
Seizure,Individual,2025-08-10,,2025,8,10,,Cocaine,1345.0,Kilogram,Land,Hidden in wooden crates inside truck,Europe,France,Nouvelle‑Aquitaine (Gironde),Cestas,,,,Europe,Spain,,,Europe,France,Nouvelle‑Aquitaine (Gironde),Cestas,,,,,,,"Gendarmerie intercepted a Spain‑origin truck with 1,345 kg of cocaine concealed in wooden crates on the A63 near Bordeaux.",,,,https://lessor.org/operationnel/gironde-1-3-tonne-de-cocaine-saisie-dans-un-camion-venant-d-espagne/,Archived Link - France,,08da32d4-6525-4a5c-a07f-eae10757eb83
Seizure,Individual,2025-06-08,,2025,6,8,,Cocaine,1500.0,Kilogram,Land,,South America,Colombia,Huila,Pitalito,,,,,,,,,,,,,,,,,,"Durante una operación militar adelantada en zona rural del municipio de Pitalito, al sur del Huila, integrantes del Ejército incautaron 1.500 kilogramos de clorhidrato de cocaína de alta pureza y capturaron a un sujeto en flagrancia. De acuerdo con los militares que participaron en esta intervención de control, la droga tendría como destino el exterior y pertenecería al grupo armado al margen de la ley Comandos de Frontera, una disidencia de las Farc.",Comandos de la Frontera (disidencia de las FARC),,,https://www.elpais.com.co/judicial/encuentran-poderoso-cargamento-de-cocaina-camuflado-en-la-rueda-de-una-tractomula-0841.html,Archived Link - Colombia,,9c44d4e7-ab41-4ba8-9b8e-d78e01eeb7cc
Seizure,Individual,2025-06-18,,2025,6,18,,Cocaine,1500.0,Kilogram,Land,,South America,Colombia,Huila,Pitalito,Colombia,,,,,,,,,,,,,,,,,"cocaina incautada
En una operación conjunta en zona rural de Pitalito, se incautaron 1500 kilogramos de clorhidrato de cocaína y capturaron a un sujeto en flagrancia. La droga tendría como destino el exterior y pertenecería al GAO-r Comandos de Frontera.",Comandos de la Frontera,,,https://www.policia.gov.co/noticia/lucha-contra-narcotrafico-0,Archived Link - Colombia,,964adbc8-6006-4ba4-9e53-46419dbfb03a
Seizure,Individual,2025-05-29,,2025,5,29,,Cocaine,1500.0,Kilogram,Maritime,,North America,Mexico,Jalisco,,,,,,,,,,,,,,,,,,,Mexican security forces seized 1.5 tons of cocaine in a maritime operation in Pacific waters off the coast of Jalisco,,,,https://www.eleconomista.com.mx/politica/marina-anuncia-nuevo-golpe-narco-mar-aseguran-1-5-toneladas-cocaina-jalisco-20250529-761308.html,Archived Link - Mexico,,d98a851e-d962-4d76-a3b9-7667c6abb1ad
Seizure,Individual,2025-05-29,,2025,5,29,,Cocaine,1500.0,Kilogram,Maritime,,North America,Mexico,Jalisco,,,,,,,,,,,,,,,,,,,"29 de mayo de 2025, la Marina mexicana incautó 1,5 toneladas de cocaína en aguas del Pacífico, frente a la costa del estado de Jalisco. El cargamento consistía en 38 fardos con 1.500 paquetes de cocaína, con un valor estimado de casi 19 millones de dólares.",,,,https://noticias.uol.com.br/ultimas-noticias/afp/2025/05/29/marinha-apreende-15-tonelada-de-cocaina-na-costa-do-pacifico-mexicano.htm,Archived Link - Mexico,,85883b57-5733-415e-8fc1-732401eae03b
Seizure,Individual,2025-09-19,,2025,9,19,,Cocaine,1515.0,Kilogram,Container,Hidden among boxes of bananas in a container aboard the ship ‘Cool Emerald’ bound for San Petersburgo,Europe,Russia,San Petersburgo,,,,,South America,Ecuador,,,,,,,Europe,Russia,San Petersburgo,,,,"This seizure involves 1.5 metric tons (1,515 kg net, 1,750 kg gross) of cocaine concealed in a shipment of bananas from Ecuador aboard the ship *Cool Emerald*, intercepted at San Petersburgo; valued at approx USD 250 million",,,,https://www.ecuavisa.com/noticias/seguridad/decomiso-cocaina-rusia-banano-FE10143868,Archived Link - Russia,,82b48f33-959e-4442-b56f-ea2dc5c1c4f4
Other (explain in Description),Other (explain in Description),2025-09-29,,2025,9,29,,Cocaine,1515.0,Kilogram,Container,,Europe,Russia,,St Petersburg,,,,Europe,Russia,,,,,,,,,,,,,Russia announced record cocaine seizure traced to Ecuador–Russia route.,,,,https://planv.com.ec/historias/crimen-organizado/incautacion-record-de-cocaina-en-rusia-destaca-nueva-ruta-de-trafico-desde-ecuador/,Archived Link - Russia,,9037e9b2-8fb1-4de2-906d-cd368c888075
Other (explain in Description),Other (explain in Description),2025-09-29,,2025,9,29,,Cocaine,1515.0,Kilogram,Container,,Europe,Russia,,St Petersburg,,,,Europe,Russia,,,,,,,,,,,,,Russia announced record cocaine seizure traced to Ecuador–Russia route.,,,,https://planv.com.ec/historias/crimen-organizado/incautacion-record-de-cocaina-en-rusia-destaca-nueva-ruta-de-trafico-desde-ecuador/,Archived Link - Russia,,cbd3f64c-d493-4154-ae2d-ddc6b7baf706
Seizure,Individual,2025-03-29,,2025,3,29,,Cocaine,1800.0,Kilogram,Maritime,,North America,Mexico,Guerrero,Acapulco,,,,North America,Mexico,Guerrero,Acapulco,,,,,,,,,,,"En una operación conjunta de varias instituciones mexicanas, se detuvo una embarcación que transportaba 1.800 kilos de aparente cocaína cerca a las costas de Acapulco, Guerrero. 5 personas fueron detenidas.",,,,https://www.gob.mx/semar/prensa/en-costas-de-guerrero-se-aseguraron-alrededor-de-1-800-kilos-de-cocaina-en-la-mar,Archived Link - Mexico,,8af68346-3eda-41c8-a8bf-23f7bf6ccb23
Seizure,Individual,2025-04-21,,2025,4,21,,Cocaine,1800.0,Kilogram,Maritime,,Central America,Mexico,Guerrero,,,,,Central America,Mexico,Guerrero,,,,,,,,,,,,1800 kilos fueron incautados mientras eran transportados en una Go Fast frente a las costas de Guerrero. ,,,,https://www.milenio.com/estados/marina-incauta-4-2-toneladas-de-cocaina-frente-a-costas-de-guerrero,Archived Link - Mexico,,5b951b62-0fce-4ba6-a0e8-81198f4bd315
Seizure,Individual,2025-04-02,,2025,4,2,,Cocaine,2000.0,Kilogram,Container,,Asia,South Korea,Gangwon,Gangneung,,,,,Mexico,,,South America,Ecuador,,,,,,,,,"2 toneladas de cocaína fueron decomisadas en Corea del sur. La carga salió de México y pasó por Ecuador, Panamá y china antes de llegar a Corea. Todavía se busca identificar dónde se dio la contaminación de la carga.",,,,https://www.reuters.com/world/asia-pacific/south-korea-discovers-one-tonne-suspected-cocaine-board-ship-2025-04-02/,Archived Link - South Korea,,8c9684cf-3727-47fb-9470-3e35f7a6155b
Seizure,Individual,2025-04-04,,2025,4,4,,Cocaine,2000.0,Kilogram,Container,,Asia,South Korea,Gangwon,Gangneung,,,,North America,Mexico,,,Central America,Panama,,,Asia,China,,,South Korea,,"Autoridades de Corea del Sur informaron que encontraron dos toneladas de cocaína en un buque que, afirman, salió de México. De acuerdo con elementos de la guardia costera surcoreana el barco, que tenía una bandera noruega, zarpó de tierras aztecas, pero realizó escalas en Ecuador, Panamá y China.",,,,"https://www.cbsnews.com/news/dogs-help-find-record-haul-cocaine-ship-south-korea-fbi/#:~:text=South%20Korea%20discovered%20and%20seized,largest%20drug%20bust%20to%20date.",Archived Link - South Korea,,72f0e467-b1c6-476c-801e-3f302a12ed7b
Seizure,Individual,2025-08-28,,2025,8,28,,Cocaine,2361.0,Kilogram,Land,"Oculta en compartimentos secretos en dos camiones cisterna inspeccionados en el control sur de Tulcán, provincia Carchi, frontera con Colombia.",South America,Ecuador,Carchi,Tulcan,,,,South America,Ecuador,Carchi,Tulcan,,,,,,,,,,,"2,361 kg de cocaína decomisados el 28 de agosto de 2025 en control vial en la frontera con Colombia, en Tulcán; dos ciudadanos colombianos detenidos.",,,,https://efe.com/mundo/2025-08-29/ecuador-cocaina-decomiso-colombianos/,Archived Link - Ecuador,,0bccdd52-eb02-4cb8-811c-aa33be25a8c0
Seizure,Individual,2025-08-28,,2025,8,28,,Cocaine,2361.0,Kilogram,Land,Hidden in structural compartments of tanker trailers,South America,Ecuador,Carchi,Tulcán,Colombia,Rumichaca border area,,South America,Colombia,,,South America,Ecuador,,,,,,,,,"La Policía Nacional del Ecuador ejecutó un contundente operativo antidrogas en la provincia de Carchi el jueves 28 de agosto del 2025, logrando el decomiso de 2 toneladas con 361 kilos de cocaína que eran transportadas en dos vehículos de carga pesada. El operativo, denominado “Centinela 17-18”, se desarrolló en la vía que conecta Tulcán con el interior del país, como parte de los controles estratégicos en zonas fronterizas.",,,,https://www.expreso.ec/actualidad/operativo-centinela-17-18-policia-decomisa-2-toneladas-de-cocaina-en-tulcan-carchi-255118.html,Archived Link - Ecuador,,9e1c496e-0eef-4eba-9ee1-83780c0987fb
Seizure,Individual,2025-08-13,,2025,8,13,,Cocaine,3000.0,Kilogram,Maritime,,Europe,Spain,Canary Islands,,,,,Africa,Cameroon,,Port of Dakhla,Africa,Morocco,Dakhla-Oued Ed-Dahab,Dakhla,Europe,Spain,Canary Islands,,,,"3 tons of cocaine seized from Cameroon-flagged tugboat during joint operation near Canary Islands; vessel acted as mother ship on Atlantic Route from South America/Caribbean to Europe, using Dakhla as staging point.",,,,https://www.moroccoworldnews.com/2025/08/237555/morocco-contributes-to-international-operation-seizes-3-tons-of-cocaine-off-canary-islands/,Archived Link - Spain,,6120d2b7-60f2-49ca-bb05-12332ddb5228
Seizure,Individual,2025-08-13,,2025,8,13,,Cocaine,3000.0,Kilogram,Maritime,Boarding of Cameroonian-flagged tugboat “Sky White” in international waters west of Canary Islands,Europe,Spain,,Islas Canarias,,,,Europe,Spain,,Islas Canarias,,,,,,,,,,,"Tugboat “Sky White” intercepted at sea with ~3,000 kg of cocaine in its structure; vessel escorted to Tenerife for unloading",,,,https://www.newsghana.com.gh/canary-islands-with-moroccan-support-spain-seizes-3-tons-of-cocaine-from-sky-white-tugboat/,Archived Link - Spain,,92b7b0f6-8777-4e03-99e9-810d30d99016
Seizure,Individual,2025-09-11,,2025,9,11,,Cocaine,3000.0,Kilogram,Maritime,,Europe,Spain,Islas Canarias,,Colombia,La Guajira,,,,,,,,,,,,,,,,"El presidente Gustavo Petro informó sobre un nuevo golpe contra el narcotráfico que permitió la incautación de cuatro toneladas de cocaína en dos operativos coordinados entre Colombia y autoridades internacionales. Según explicó el mandatario, una tonelada fue interceptada en el océano Pacífico por la Armada Nacional, mientras que otras tres toneladas fueron decomisadas en aguas internacionales cerca a las islas Canarias, en un trabajo conjunto de la Policía Nacional de Colombia con el FBI, la Guardia Civil de España y autoridades de Portugal.",,,,https://www.radionacional.co/actualidad/presidente-petro-informo-sobre-incantacion-cuatro-toneladas-cocaina,Archived Link - Spain,,86b785c9-66dd-4d8b-9f2f-7723031f961a
Seizure,Individual,2025-06-27,,2025,6,27,,Cocaine,3500.0,Kilogram,Maritime,,North America,Mexico,Guerrero,,,,,,,,,,,,,,,,,,,"The Mexican Navy arrested three foreigners and seized a semi-submersible with more than 3.5 tons of cocaine off the coast of the western state of Guerrero,",,,,https://www.prensa-latina.cu/2025/06/27/mexico-incauta-semisumergible-con-mas-de-35-toneladas-de-cocaina/,Archived Link - Mexico,,5e55bae8-0049-4432-b1a3-7b2c1cfeb1d3
Seizure,Individual,2025-06-28,,2025,6,28,,Cocaine,3500.0,Kilogram,Maritime,Semi-submersible,North America,Mexico,Guerrero,,,,,,,,,,,,,,,,,,,"Efectivos navales aseguraron en costas de Guerrero un semisumergible en el que se transportaban 3.5 toneladas de cocaína, con lo que autoridades federales estiman que se ocasionó una afectación de 846 millones 552 mil pesos y se evitó que 7 millones 200 mil dosis llegaran a la sociedad.",,,,https://www.jornada.com.mx/noticia/2025/06/28/politica/decomisan-sumergible-con-35-toneladas-de-cocaina,Archived Link - Mexico,,b1307a85-e18e-4a2a-8308-44159a6b33fc
Seizure,Individual,2025-09-30,,2025,9,30,,Cocaine,3650.0,Kilogram,Maritime,Fishing vessel; crew pretended to be pilgrims,Europe,Spain,Galicia,A Coruña,,,,,,,,,,,,,,,,,,"Spanish authorities seized 3,650 kg of cocaine off A Coruña; crew simulated pilgrims.",,,,https://efe.com/galicia/los-tripulantes-detenidos-en-a-coruna-con-3-650-kilos-de-cocaina-simularon-ser-peregrinos/,Archived Link - Spain,,1cba58af-0792-434a-b6a4-6cb739519ab2
Seizure,Individual,2025-09-30,,2025,9,30,,Cocaine,3650.0,Kilogram,Maritime,Fishing vessel; crew pretended to be pilgrims,Europe,Spain,Galicia,A Coruña,,,,,,,,,,,,,,,,,,"Spanish authorities seized 3,650 kg of cocaine off A Coruña; crew simulated pilgrims.",,,,https://efe.com/galicia/los-tripulantes-detenidos-en-a-coruna-con-3-650-kilos-de-cocaina-simularon-ser-peregrinos/,Archived Link - Spain,,b6809a6c-e989-49de-92bf-64d98afcb2ac
Seizure,Other (explain in Description),2025-06-02,2025-06-10,2025,6,2,8,Cocaine,6300.0,Kilogram,Maritime,,Central America,El Salvador,,,,,,Central America,El Salvador,,,,,,,,,,,,,"En 8 días, el gobierno salvadoreño ha decomisado 6,3 toneladas de cocaína en aguas del pacífico y ha detenido a 17 personas. Los operativos se han dado en casos en que la droga es movilizada en embarcaciones. Se han detenido 5 de estos vehículos.",,,,https://www.laprensagrafica.com/elsalvador/Marina-de-El-Salvador-incauta-6.3-toneladas-de-cocaina-en-aguas-del-Pacifico-20250620-0092.html,Archived Link - El Salvador,,910cd787-1c29-4940-a3a6-999a69aaebb2
Seizure,Month,2025-06-02,2025-06-10,2025,6,2,8,Cocaine,6300.0,Kilogram,Maritime,,Central America,El Salvador,,,,,,,,,,,,,,,,,,,,"The National Navy intercepted five vessels carrying 6.3 tons of cocaine nearly 1,000 nautical miles (1,852 km) off the Salvadoran coast. Resulted in the capture of 17 drug traffickers of Ecuadorian, Colombian, Mexican, and Guatemalan nationality",,,,https://diario.elmundo.sv/nacionales/marina-incauta-63-toneladas-de-cocaina-valorada-en-1574-millones,Archived Link - El Salvador,,e9717cbb-629f-498f-9b7c-06702b3c8dc1
Crop Eradication,Multi-Month,2025-09-25,,2025,9,25,,Cocaine,707904.0,Kilogram,Land,National eradication campaign,South America,Colombia,,,,,,,,,,,,,,,,,,,,"MinDefensa reports destruction of 4,813 cocaine labs in 2025 up to September.",,,,https://www.eltiempo.com/justicia/conflicto-y-narcotrafico/mindefensa-reporta-un-aumento-del-5-en-la-incautacion-de-cocaina-y-la-destruccion-de-4-813-laboratorios-en-lo-que-va-de-2025-3495554,Archived Link - Colombia,,07168497-ac14-4ead-8818-d71c1fea3261
Crop Eradication,Multi-Month,2025-09-25,,2025,9,25,,Cocaine,707904.0,Kilogram,Land,National eradication campaign,South America,Colombia,,,,,,,,,,,,,,,,,,,,"MinDefensa reports destruction of 4,813 cocaine labs in 2025 up to September.",,,,https://www.eltiempo.com/justicia/conflicto-y-narcotrafico/mindefensa-reporta-un-aumento-del-5-en-la-incautacion-de-cocaina-y-la-destruccion-de-4-813-laboratorios-en-lo-que-va-de-2025-3495554,Archived Link - Colombia,,62257f50-d4d6-4e19-8dbb-33e39313b52f
Seizure,Individual,2025-04-14,,2025,4,14,,Cocaine,,,Air,,South America,Brazil,São Paulo,Guarulhos,,,,,,,,,,,,Europe,France,Ile de France,Paris,,,"La Policía Federal, en el Aeropuerto Internacional de São Paulo/Guarulhos, detuvo entre el 12 y el 13 de abril a dos pasajeros que intentaban embarcar en un vuelo a Europa con drogas. En acciones separadas, agentes de la policía federal que trabajan inspeccionando pasajeros y equipaje en las puertas de inmigración entrevistaron a dos pasajeros que se dirigían a París, Francia. Durante el acercamiento, ambos confesaron voluntariamente haber ingerido cápsulas que contenían cocaína. Dado el alto riesgo para sus vidas, las mujeres fueron llevadas inmediatamente al Hospital General de Guarulhos, donde permanecerán bajo custodia hospitalaria de la Policía Penal del Estado de São Paulo hasta que reciban el alta.",,,,https://www.gov.br/pf/pt-br/assuntos/noticias/2025/04/pf-prende-duas-passageiras-com-droga-em-capsulas-no-aparelho-digestivo,Archived Link - Brazil,Cocaine Pipeline,1085ab17-f398-4dcf-ba02-ed20272264f9
Seizure,Individual,2025-10-01,,2025,10,1,,Cocaine,,,Air,Passenger arrested at Guarulhos for international trafficking,South America,Brazil,São Paulo,Guarulhos,,,,,,,,,,,,,,,,,,PF arrested a woman at Guarulhos airport for international cocaine trafficking.,,,,https://www.gov.br/pf/pt-br/assuntos/noticias/2025/10/pf-prende-foragido-por-crime-sexual-e-passageira-por-trafico-internacional-em-guarulhos-sp-1 ,,,3a4c4153-35cb-496a-89e3-d5dcb06ed184
